date,ssn,month_sin,month_cos,ssn_smooth,cycle,month_in_cycle,cycle_phase
1867-02-01,1.4,0.8660254037844386,0.5000000000000001,7.914285714285714,,,unknown
1867-03-01,17.4,1.0,6.123233995736766e-17,9.2625,,,unknown
1867-04-01,9.7,0.8660254037844387,-0.4999999999999998,11.066666666666666,,,unknown
1867-05-01,5.5,0.4999999999999999,-0.8660254037844387,11.77,,,unknown
1867-06-01,2.8,1.2246467991473532e-16,-1.0,15.054545454545455,,,unknown
1867-07-01,9.5,-0.4999999999999997,-0.8660254037844388,15.958333333333334,,,unknown
1867-08-01,9.1,-0.8660254037844385,-0.5000000000000004,16.75384615384615,,,unknown
1867-09-01,18.7,-1.0,-1.8369701987210294e-16,20.03076923076923,,,unknown
1867-10-01,25.5,-0.8660254037844386,0.5000000000000001,23.392307692307693,,,unknown
1867-11-01,18.1,-0.5000000000000004,0.8660254037844384,26.06923076923077,,,unknown
1867-12-01,47.9,-2.4492935982947064e-16,1.0,29.630769230769236,,,unknown
1868-01-01,25.9,0.4999999999999999,0.8660254037844387,33.13076923076923,,,unknown
1868-02-01,26.3,0.8660254037844386,0.5000000000000001,36.80769230769231,,,unknown
1868-03-01,44.0,1.0,6.123233995736766e-17,42.16153846153846,,,unknown
1868-04-01,61.1,0.8660254037844387,-0.4999999999999998,48.63076923076923,,,unknown
1868-05-01,44.5,0.4999999999999999,-0.8660254037844387,54.26153846153847,,,unknown
1868-06-01,51.8,1.2246467991473532e-16,-1.0,61.54615384615385,,,unknown
1868-07-01,48.3,-0.4999999999999997,-0.8660254037844388,65.67692307692309,,,unknown
1868-08-01,57.3,-0.8660254037844385,-0.5000000000000004,71.36923076923077,,,unknown
1868-09-01,78.7,-1.0,-1.8369701987210294e-16,76.11538461538461,,,unknown
1868-10-01,102.8,-0.8660254037844386,0.5000000000000001,77.99230769230769,,,unknown
1868-11-01,98.7,-0.5000000000000004,0.8660254037844384,86.63076923076923,,,unknown
1868-12-01,112.8,-2.4492935982947064e-16,1.0,97.10769230769232,,,unknown
1869-01-01,101.6,0.4999999999999999,0.8660254037844387,100.72307692307693,,,unknown
1869-02-01,99.9,0.8660254037844386,0.5000000000000001,107.21538461538464,,,unknown
1869-03-01,88.0,1.0,6.123233995736766e-17,113.15384615384616,,,unknown
1869-04-01,68.4,0.8660254037844387,-0.4999999999999998,114.71538461538464,,,unknown
1869-05-01,173.4,0.4999999999999999,-0.8660254037844387,116.82307692307691,,,unknown
1869-06-01,180.7,1.2246467991473532e-16,-1.0,122.62307692307694,,,unknown
1869-07-01,98.8,-0.4999999999999997,-0.8660254037844388,123.86923076923077,,,unknown
1869-08-01,132.7,-0.8660254037844385,-0.5000000000000004,130.79999999999998,,,unknown
1869-09-01,134.5,-1.0,-1.8369701987210294e-16,143.3230769230769,,,unknown
1869-10-01,99.0,-0.8660254037844386,0.5000000000000001,157.08461538461538,,,unknown
1869-11-01,130.2,-0.5000000000000004,0.8660254037844384,174.40769230769232,,,unknown
1869-12-01,174.1,-2.4492935982947064e-16,1.0,178.47692307692307,,,unknown
1870-01-01,129.0,0.4999999999999999,0.8660254037844387,181.56923076923078,,,unknown
1870-02-01,191.7,0.8660254037844386,0.5000000000000001,193.7,,,unknown
1870-03-01,262.7,1.0,6.123233995736766e-17,200.93846153846155,,,unknown
1870-04-01,266.9,0.8660254037844387,-0.4999999999999998,209.3846153846154,,,unknown
1870-05-01,293.6,0.4999999999999999,-0.8660254037844387,220.69230769230768,,,unknown
1870-06-01,226.3,1.2246467991473532e-16,-1.0,227.34615384615384,,,unknown
1870-07-01,220.9,-0.4999999999999997,-0.8660254037844388,225.27692307692308,,,unknown
1870-08-01,256.5,-0.8660254037844385,-0.5000000000000004,231.43076923076922,,,unknown
1870-09-01,226.8,-1.0,-1.8369701987210294e-16,235.04615384615383,,,unknown
1870-10-01,244.3,-0.8660254037844386,0.5000000000000001,235.67692307692306,,,unknown
1870-11-01,246.0,-0.5000000000000004,0.8660254037844384,233.80769230769232,,,unknown
1870-12-01,216.7,-2.4492935982947064e-16,1.0,222.98461538461535,,,unknown
1871-01-01,147.2,0.4999999999999999,0.8660254037844387,218.7923076923077,,,unknown
1871-02-01,209.0,0.8660254037844386,0.5000000000000001,215.93076923076922,,,unknown
1871-03-01,238.7,1.0,6.123233995736766e-17,206.5,,,unknown
1871-04-01,270.9,0.8660254037844387,-0.4999999999999998,200.47692307692307,,,unknown
1871-05-01,242.6,0.4999999999999999,-0.8660254037844387,195.2,,,unknown
1871-06-01,152.9,1.2246467991473532e-16,-1.0,187.87692307692308,,,unknown
1871-07-01,171.8,-0.4999999999999997,-0.8660254037844388,181.4153846153846,,,unknown
1871-08-01,183.7,-0.8660254037844385,-0.5000000000000004,185.5,,,unknown
1871-09-01,133.9,-1.0,-1.8369701987210294e-16,180.76923076923077,,,unknown
1871-10-01,148.5,-0.8660254037844386,0.5000000000000001,175.51538461538465,,,unknown
1871-11-01,175.7,-0.5000000000000004,0.8660254037844384,168.4846153846154,,,unknown
1871-12-01,150.8,-2.4492935982947064e-16,1.0,163.92307692307693,,,unknown
1872-01-01,132.7,0.4999999999999999,0.8660254037844387,165.7,,,unknown
1872-02-01,200.3,0.8660254037844386,0.5000000000000001,164.4076923076923,,,unknown
1872-03-01,147.5,1.0,6.123233995736766e-17,164.9769230769231,,,unknown
1872-04-01,170.4,0.8660254037844387,-0.4999999999999998,167.84615384615384,,,unknown
1872-05-01,179.5,0.4999999999999999,-0.8660254037844387,170.7923076923077,,,unknown
1872-06-01,183.3,1.2246467991473532e-16,-1.0,168.03846153846155,,,unknown
1872-07-01,176.0,-0.4999999999999997,-0.8660254037844388,167.56153846153848,,,unknown
1872-08-01,155.0,-0.8660254037844385,-0.5000000000000004,171.07692307692307,,,unknown
1872-09-01,191.1,-1.0,-1.8369701987210294e-16,168.28461538461536,,,unknown
1872-10-01,171.2,-0.8660254037844386,0.5000000000000001,166.71538461538464,,,unknown
1872-11-01,186.8,-0.5000000000000004,0.8660254037844384,159.76153846153846,,,unknown
1872-12-01,139.9,-2.4492935982947064e-16,1.0,151.7076923076923,,,unknown
1873-01-01,144.6,0.4999999999999999,0.8660254037844387,146.2,,,unknown
1873-02-01,178.4,0.8660254037844386,0.5000000000000001,141.4153846153846,,,unknown
1873-03-01,164.0,1.0,6.123233995736766e-17,135.54615384615383,,,unknown
1873-04-01,127.1,0.8660254037844387,-0.4999999999999998,126.89230769230768,,,unknown
1873-05-01,80.0,0.4999999999999999,-0.8660254037844387,120.83846153846154,,,unknown
1873-06-01,74.8,1.2246467991473532e-16,-1.0,112.77692307692307,,,unknown
1873-07-01,111.7,-0.4999999999999997,-0.8660254037844388,109.8153846153846,,,unknown
1873-08-01,113.8,-0.8660254037844385,-0.5000000000000004,106.93076923076923,,,unknown
1873-09-01,78.7,-1.0,-1.8369701987210294e-16,99.16923076923075,,,unknown
1873-10-01,78.6,-0.8660254037844386,0.5000000000000001,90.66923076923075,,,unknown
1873-11-01,92.5,-0.5000000000000004,0.8660254037844384,86.63076923076923,,,unknown
1873-12-01,82.0,-2.4492935982947064e-16,1.0,85.38461538461539,,,unknown
1874-01-01,101.4,0.4999999999999999,0.8660254037844387,88.33846153846154,,,unknown
1874-02-01,107.1,0.8660254037844386,0.5000000000000001,87.61538461538461,,,unknown
1874-03-01,77.5,1.0,6.123233995736766e-17,82.46153846153847,,,unknown
1874-04-01,53.5,0.8660254037844387,-0.4999999999999998,80.82307692307693,,,unknown
1874-05-01,74.6,0.4999999999999999,-0.8660254037844387,78.48461538461538,,,unknown
1874-06-01,63.8,1.2246467991473532e-16,-1.0,75.12307692307692,,,unknown
1874-07-01,113.2,-0.4999999999999997,-0.8660254037844388,70.6923076923077,,,unknown
1874-08-01,102.3,-0.8660254037844385,-0.5000000000000004,65.65384615384616,,,unknown
1874-09-01,46.8,-1.0,-1.8369701987210294e-16,61.75384615384615,,,unknown
1874-10-01,57.4,-0.8660254037844386,0.5000000000000001,59.53076923076923,,,unknown
1874-11-01,48.2,-0.5000000000000004,0.8660254037844384,56.892307692307696,,,unknown
1874-12-01,48.8,-2.4492935982947064e-16,1.0,54.223076923076924,,,unknown
1875-01-01,24.4,0.4999999999999999,0.8660254037844387,50.92307692307692,,,unknown
1875-02-01,35.9,0.8660254037844386,0.5000000000000001,44.092307692307685,,,unknown
1875-03-01,56.4,1.0,6.123233995736766e-17,36.53076923076923,,,unknown
1875-04-01,48.6,0.8660254037844387,-0.4999999999999998,34.56923076923077,,,unknown
1875-05-01,19.2,0.4999999999999999,-0.8660254037844387,32.43076923076923,,,unknown
1875-06-01,39.9,1.2246467991473532e-16,-1.0,29.99230769230769,,,unknown
1875-07-01,20.9,-0.4999999999999997,-0.8660254037844388,28.076923076923077,,,unknown
1875-08-01,24.4,-0.8660254037844385,-0.5000000000000004,28.13076923076923,,,unknown
1875-09-01,4.0,-1.0,-1.8369701987210294e-16,29.299999999999997,,,unknown
1875-10-01,21.3,-0.8660254037844386,0.5000000000000001,25.261538461538464,,,unknown
1875-11-01,29.6,-0.5000000000000004,0.8660254037844384,22.176923076923078,,,unknown
1875-12-01,16.5,-2.4492935982947064e-16,1.0,20.907692307692308,,,unknown
1876-01-01,23.9,0.4999999999999999,0.8660254037844387,19.799999999999997,,,unknown
1876-02-01,25.1,0.8660254037844386,0.5000000000000001,19.33076923076923,,,unknown
1876-03-01,51.1,1.0,6.123233995736766e-17,18.73076923076923,,,unknown
1876-04-01,3.9,0.8660254037844387,-0.4999999999999998,20.26153846153846,,,unknown
1876-05-01,8.5,0.4999999999999999,-0.8660254037844387,19.9,,,unknown
1876-06-01,2.7,1.2246467991473532e-16,-1.0,18.66923076923077,,,unknown
1876-07-01,25.5,-0.4999999999999997,-0.8660254037844388,20.523076923076925,,,unknown
1876-08-01,14.8,-0.8660254037844385,-0.5000000000000004,19.799999999999997,,,unknown
1876-09-01,16.6,-1.0,-1.8369701987210294e-16,19.4,,,unknown
1876-10-01,23.9,-0.8660254037844386,0.5000000000000001,17.492307692307694,,,unknown
1876-11-01,16.6,-0.5000000000000004,0.8660254037844384,19.96923076923077,,,unknown
1876-12-01,13.6,-2.4492935982947064e-16,1.0,21.13076923076923,,,unknown
1877-01-01,40.6,0.4999999999999999,0.8660254037844387,21.692307692307693,,,unknown
1877-02-01,14.5,0.8660254037844386,0.5000000000000001,20.53846153846154,,,unknown
1877-03-01,19.9,1.0,6.123233995736766e-17,21.56153846153846,,,unknown
1877-04-01,26.3,0.8660254037844387,-0.4999999999999998,21.146153846153844,,,unknown
1877-05-01,36.1,0.4999999999999999,-0.8660254037844387,21.123076923076926,,,unknown
1877-06-01,23.6,1.2246467991473532e-16,-1.0,20.115384615384617,,,unknown
1877-07-01,10.0,-0.4999999999999997,-0.8660254037844388,19.492307692307694,,,unknown
1877-08-01,10.5,-0.8660254037844385,-0.5000000000000004,17.215384615384615,,,unknown
1877-09-01,28.1,-1.0,-1.8369701987210294e-16,17.107692307692307,,,unknown
1877-10-01,11.2,-0.8660254037844386,0.5000000000000001,15.592307692307694,,,unknown
1877-11-01,23.6,-0.5000000000000004,0.8660254037844384,14.330769230769231,,,unknown
1877-12-01,3.5,-2.4492935982947064e-16,1.0,12.376923076923077,,,unknown
1878-01-01,5.5,0.4999999999999999,0.8660254037844387,10.576923076923077,,,unknown
1878-02-01,11.0,0.8660254037844386,0.5000000000000001,9.807692307692308,,,unknown
1878-03-01,13.1,1.0,6.123233995736766e-17,9.676923076923076,,,unknown
1878-04-01,0.2,0.8660254037844387,-0.4999999999999998,7.661538461538461,,,unknown
1878-05-01,9.9,0.4999999999999999,-0.8660254037844387,7.323076923076922,,,unknown
1878-06-01,10.7,1.2246467991473532e-16,-1.0,5.576923076923077,,,unknown
1878-07-01,0.2,-0.4999999999999997,-0.8660254037844388,5.43076923076923,,,unknown
1878-08-01,0.0,-0.8660254037844385,-0.5000000000000004,5.076923076923077,,,unknown
1878-09-01,8.8,-1.0,-1.8369701987210294e-16,4.230769230769231,,,unknown
1878-10-01,1.9,-0.8660254037844386,0.5000000000000001,4.023076923076923,12.0,0.0,rise
1878-11-01,6.8,-0.5000000000000004,0.8660254037844384,4.315384615384615,12.0,1.0,rise
1878-12-01,0.9,-2.4492935982947064e-16,1.0,4.1692307692307695,12.0,2.0,rise
1879-01-01,1.6,0.4999999999999999,0.8660254037844387,4.315384615384615,12.0,3.0,rise
1879-02-01,0.9,0.8660254037844386,0.5000000000000001,5.676923076923076,12.0,4.0,rise
1879-03-01,0.0,1.0,6.123233995736766e-17,6.453846153846153,12.0,5.0,rise
1879-04-01,10.4,0.8660254037844387,-0.4999999999999998,7.346153846153846,12.0,6.0,rise
1879-05-01,4.0,0.4999999999999999,-0.8660254037844387,8.884615384615385,12.0,7.0,rise
1879-06-01,8.0,1.2246467991473532e-16,-1.0,9.299999999999999,12.0,8.0,rise
1879-07-01,12.6,-0.4999999999999997,-0.8660254037844388,12.315384615384614,12.0,9.0,rise
1879-08-01,17.9,-0.8660254037844385,-0.5000000000000004,15.684615384615386,12.0,10.0,rise
1879-09-01,10.1,-1.0,-1.8369701987210294e-16,18.084615384615383,12.0,11.0,rise
1879-10-01,20.4,-0.8660254037844386,0.5000000000000001,20.576923076923077,12.0,12.0,rise
1879-11-01,21.9,-0.5000000000000004,0.8660254037844384,22.78461538461539,12.0,13.0,rise
1879-12-01,12.2,-2.4492935982947064e-16,1.0,26.853846153846156,12.0,14.0,rise
1880-01-01,40.1,0.4999999999999999,0.8660254037844387,29.04615384615385,12.0,15.0,rise
1880-02-01,45.4,0.8660254037844386,0.5000000000000001,34.25384615384615,12.0,16.0,rise
1880-03-01,32.1,1.0,6.123233995736766e-17,41.34615384615385,12.0,17.0,rise
1880-04-01,32.4,0.8660254037844387,-0.4999999999999998,46.08461538461539,12.0,18.0,rise
1880-05-01,39.1,0.4999999999999999,-0.8660254037844387,48.44615384615384,12.0,19.0,rise
1880-06-01,56.9,1.2246467991473532e-16,-1.0,50.56153846153847,12.0,20.0,rise
1880-07-01,36.5,-0.4999999999999997,-0.8660254037844388,54.28461538461538,12.0,21.0,rise
1880-08-01,80.3,-0.8660254037844385,-0.5000000000000004,58.01538461538461,12.0,22.0,rise
1880-09-01,110.1,-1.0,-1.8369701987210294e-16,61.12307692307692,12.0,23.0,rise
1880-10-01,71.7,-0.8660254037844386,0.5000000000000001,65.27692307692307,12.0,24.0,rise
1880-11-01,51.1,-0.5000000000000004,0.8660254037844384,68.36153846153846,12.0,25.0,rise
1880-12-01,49.4,-2.4492935982947064e-16,1.0,73.1076923076923,12.0,26.0,rise
1881-01-01,60.6,0.4999999999999999,0.8660254037844387,78.59230769230768,12.0,27.0,rise
1881-02-01,88.6,0.8660254037844386,0.5000000000000001,83.26923076923077,12.0,28.0,rise
1881-03-01,85.8,1.0,6.123233995736766e-17,83.9076923076923,12.0,29.0,rise
1881-04-01,86.1,0.8660254037844387,-0.4999999999999998,83.6923076923077,12.0,30.0,rise
1881-05-01,72.5,0.4999999999999999,-0.8660254037844387,85.21538461538461,12.0,31.0,rise
1881-06-01,100.8,1.2246467991473532e-16,-1.0,87.34615384615384,12.0,32.0,rise
1881-07-01,128.2,-0.4999999999999997,-0.8660254037844388,89.3153846153846,12.0,33.0,rise
1881-08-01,97.3,-0.8660254037844385,-0.5000000000000004,93.56923076923077,12.0,34.0,rise
1881-09-01,88.6,-1.0,-1.8369701987210294e-16,95.33076923076922,12.0,35.0,rise
1881-10-01,107.3,-0.8660254037844386,0.5000000000000001,101.0076923076923,12.0,36.0,rise
1881-11-01,91.5,-0.5000000000000004,0.8660254037844384,102.60769230769232,12.0,37.0,rise
1881-12-01,78.8,-2.4492935982947064e-16,1.0,102.83076923076922,12.0,38.0,rise
1882-01-01,75.0,0.4999999999999999,0.8660254037844387,100.9,12.0,39.0,rise
1882-02-01,115.9,0.8660254037844386,0.5000000000000001,96.23076923076923,12.0,40.0,rise
1882-03-01,111.5,1.0,6.123233995736766e-17,96.13846153846154,12.0,41.0,peak
1882-04-01,159.6,0.8660254037844387,-0.4999999999999998,96.9076923076923,12.0,42.0,peak
1882-05-01,106.9,0.4999999999999999,-0.8660254037844387,99.46923076923076,12.0,43.0,peak
1882-06-01,75.4,1.2246467991473532e-16,-1.0,97.79230769230769,12.0,44.0,peak
1882-07-01,75.7,-0.4999999999999997,-0.8660254037844388,99.5,12.0,45.0,peak
1882-08-01,67.5,-0.8660254037844385,-0.5000000000000004,99.74615384615385,12.0,46.0,peak
1882-09-01,96.1,-1.0,-1.8369701987210294e-16,96.3153846153846,12.0,47.0,peak
1882-10-01,98.6,-0.8660254037844386,0.5000000000000001,98.26153846153845,12.0,48.0,peak
1882-11-01,140.6,-0.5000000000000004,0.8660254037844384,90.02307692307691,12.0,49.0,peak
1882-12-01,69.7,-2.4492935982947064e-16,1.0,91.58461538461538,12.0,50.0,peak
1883-01-01,101.0,0.4999999999999999,0.8660254037844387,96.12307692307694,12.0,51.0,peak
1883-02-01,78.2,0.8660254037844386,0.5000000000000001,96.1923076923077,12.0,52.0,peak
1883-03-01,71.3,1.0,6.123233995736766e-17,97.75384615384615,12.0,53.0,peak
1883-04-01,136.8,0.8660254037844387,-0.4999999999999998,101.10000000000001,12.0,54.0,peak
1883-05-01,52.5,0.4999999999999999,-0.8660254037844387,104.34615384615384,12.0,55.0,peak
1883-06-01,127.2,1.2246467991473532e-16,-1.0,103.26153846153846,12.0,56.0,peak
1883-07-01,134.4,-0.4999999999999997,-0.8660254037844388,109.63846153846154,12.0,57.0,peak
1883-08-01,76.6,-0.8660254037844385,-0.5000000000000004,113.00769230769232,12.0,58.0,peak
1883-09-01,87.8,-1.0,-1.8369701987210294e-16,118.20769230769231,12.0,59.0,peak
1883-10-01,139.6,-0.8660254037844386,0.5000000000000001,122.4846153846154,12.0,60.0,peak
1883-11-01,140.8,-0.5000000000000004,0.8660254037844384,120.4923076923077,12.0,61.0,peak
1883-12-01,126.5,-2.4492935982947064e-16,1.0,123.01538461538462,12.0,62.0,peak
1884-01-01,152.6,0.4999999999999999,0.8660254037844387,120.03846153846153,12.0,63.0,peak
1884-02-01,144.8,0.8660254037844386,0.5000000000000001,116.86153846153846,12.0,64.0,peak
1884-03-01,145.8,1.0,6.123233995736766e-17,118.9,12.0,65.0,peak
1884-04-01,126.9,0.8660254037844387,-0.4999999999999998,118.26923076923077,12.0,66.0,peak
1884-05-01,110.9,0.4999999999999999,-0.8660254037844387,112.21538461538461,12.0,67.0,peak
1884-06-01,85.3,1.2246467991473532e-16,-1.0,107.43076923076923,12.0,68.0,peak
1884-07-01,88.5,-0.4999999999999997,-0.8660254037844388,103.1923076923077,12.0,69.0,peak
1884-08-01,93.1,-0.8660254037844385,-0.5000000000000004,100.66153846153847,12.0,70.0,peak
1884-09-01,103.1,-1.0,-1.8369701987210294e-16,95.89999999999999,12.0,71.0,peak
1884-10-01,79.6,-0.8660254037844386,0.5000000000000001,91.73846153846154,12.0,72.0,peak
1884-11-01,60.9,-0.5000000000000004,0.8660254037844384,91.33076923076922,12.0,73.0,peak
1884-12-01,78.6,-2.4492935982947064e-16,1.0,93.53076923076924,12.0,74.0,peak
1885-01-01,71.4,0.4999999999999999,0.8660254037844387,95.5,12.0,75.0,peak
1885-02-01,119.7,0.8660254037844386,0.5000000000000001,95.11538461538461,12.0,76.0,peak
1885-03-01,82.9,1.0,6.123233995736766e-17,93.03076923076922,12.0,77.0,peak
1885-04-01,91.7,0.8660254037844387,-0.4999999999999998,90.06153846153846,12.0,78.0,peak
1885-05-01,121.6,0.4999999999999999,-0.8660254037844387,87.90769230769232,12.0,79.0,peak
1885-06-01,139.5,1.2246467991473532e-16,-1.0,86.01538461538462,12.0,80.0,peak
1885-07-01,110.9,-0.4999999999999997,-0.8660254037844388,83.80000000000001,12.0,81.0,peak
1885-08-01,83.5,-0.8660254037844385,-0.5000000000000004,81.63076923076923,12.0,82.0,peak
1885-09-01,66.0,-1.0,-1.8369701987210294e-16,79.76923076923077,12.0,83.0,peak
1885-10-01,64.5,-0.8660254037844386,0.5000000000000001,79.0,12.0,84.0,decline
1885-11-01,51.6,-0.5000000000000004,0.8660254037844384,75.88461538461539,12.0,85.0,decline
1885-12-01,36.3,-2.4492935982947064e-16,1.0,70.01538461538462,12.0,86.0,decline
1886-01-01,49.8,0.4999999999999999,0.8660254037844387,63.16153846153846,12.0,87.0,decline
1886-02-01,43.2,0.8660254037844386,0.5000000000000001,56.792307692307695,12.0,88.0,decline
1886-03-01,95.5,1.0,6.123233995736766e-17,53.11538461538461,12.0,89.0,decline
1886-04-01,72.9,0.8660254037844387,-0.4999999999999998,49.146153846153844,12.0,90.0,decline
1886-05-01,51.2,0.4999999999999999,-0.8660254037844387,44.23076923076924,12.0,91.0,decline
1886-06-01,45.3,1.2246467991473532e-16,-1.0,41.93076923076923,12.0,92.0,decline
1886-07-01,50.4,-0.4999999999999997,-0.8660254037844388,40.44615384615385,12.0,93.0,decline
1886-08-01,28.1,-0.8660254037844385,-0.5000000000000004,38.30769230769231,12.0,94.0,decline
1886-09-01,35.7,-1.0,-1.8369701987210294e-16,35.53076923076923,12.0,95.0,decline
1886-10-01,14.4,-0.8660254037844386,0.5000000000000001,29.076923076923077,12.0,96.0,decline
1886-11-01,0.6,-0.5000000000000004,0.8660254037844384,26.03846153846154,12.0,97.0,decline
1886-12-01,21.7,-2.4492935982947064e-16,1.0,24.10769230769231,12.0,98.0,decline
1887-01-01,17.0,0.4999999999999999,0.8660254037844387,23.615384615384617,12.0,99.0,decline
1887-02-01,22.0,0.8660254037844386,0.5000000000000001,22.484615384615385,12.0,100.0,decline
1887-03-01,7.1,1.0,6.123233995736766e-17,21.27692307692308,12.0,101.0,trough
1887-04-01,11.6,0.8660254037844387,-0.4999999999999998,19.376923076923077,12.0,102.0,trough
1887-05-01,33.4,0.4999999999999999,-0.8660254037844387,19.153846153846153,12.0,103.0,trough
1887-06-01,26.1,1.2246467991473532e-16,-1.0,21.76153846153846,12.0,104.0,trough
1887-07-01,38.9,-0.4999999999999997,-0.8660254037844388,21.72307692307692,12.0,105.0,trough
1887-08-01,35.7,-0.8660254037844385,-0.5000000000000004,21.323076923076922,12.0,106.0,trough
1887-09-01,12.4,-1.0,-1.8369701987210294e-16,20.638461538461538,12.0,107.0,trough
1887-10-01,11.0,-0.8660254037844386,0.5000000000000001,20.746153846153845,12.0,108.0,trough
1887-11-01,11.5,-0.5000000000000004,0.8660254037844384,20.753846153846155,12.0,109.0,trough
1887-12-01,34.5,-2.4492935982947064e-16,1.0,19.092307692307692,12.0,110.0,trough
1888-01-01,21.2,0.4999999999999999,0.8660254037844387,17.46923076923077,12.0,111.0,trough
1888-02-01,11.8,0.8660254037844386,0.5000000000000001,14.830769230769231,12.0,112.0,trough
1888-03-01,13.1,1.0,6.123233995736766e-17,13.207692307692309,12.0,113.0,trough
1888-04-01,8.5,0.8660254037844387,-0.4999999999999998,12.515384615384617,12.0,114.0,trough
1888-05-01,11.7,0.4999999999999999,-0.8660254037844387,13.046153846153846,12.0,115.0,trough
1888-06-01,11.8,1.2246467991473532e-16,-1.0,13.015384615384617,12.0,116.0,trough
1888-07-01,5.0,-0.4999999999999997,-0.8660254037844388,10.461538461538462,12.0,117.0,trough
1888-08-01,4.6,-0.8660254037844385,-0.5000000000000004,9.923076923076923,12.0,118.0,trough
1888-09-01,14.6,-1.0,-1.8369701987210294e-16,9.869230769230768,12.0,119.0,trough
1888-10-01,3.4,-0.8660254037844386,0.5000000000000001,9.423076923076923,12.0,120.0,trough
1888-11-01,17.9,-0.5000000000000004,0.8660254037844384,9.076923076923077,12.0,121.0,trough
1888-12-01,11.1,-2.4492935982947064e-16,1.0,9.007692307692308,13.0,0.0,rise
1889-01-01,1.3,0.4999999999999999,0.8660254037844387,9.315384615384614,13.0,1.0,rise
1889-02-01,14.2,0.8660254037844386,0.5000000000000001,11.569230769230767,13.0,2.0,rise
1889-03-01,11.1,1.0,6.123233995736766e-17,12.053846153846154,13.0,3.0,rise
1889-04-01,7.3,0.8660254037844387,-0.4999999999999998,11.192307692307692,13.0,4.0,rise
1889-05-01,4.0,0.4999999999999999,-0.8660254037844387,10.953846153846154,13.0,5.0,rise
1889-06-01,10.8,1.2246467991473532e-16,-1.0,10.438461538461537,13.0,6.0,rise
1889-07-01,15.8,-0.4999999999999997,-0.8660254037844388,10.261538461538462,13.0,7.0,rise
1889-08-01,34.3,-0.8660254037844385,-0.5000000000000004,10.246153846153845,13.0,8.0,rise
1889-09-01,10.9,-1.0,-1.8369701987210294e-16,9.807692307692308,13.0,9.0,rise
1889-10-01,3.4,-0.8660254037844386,0.5000000000000001,9.161538461538463,13.0,10.0,rise
1889-11-01,0.3,-0.5000000000000004,0.8660254037844384,9.207692307692307,13.0,11.0,rise
1889-12-01,11.2,-2.4492935982947064e-16,1.0,9.069230769230769,13.0,12.0,rise
1890-01-01,8.8,0.4999999999999999,0.8660254037844387,9.723076923076922,13.0,13.0,rise
1890-02-01,1.1,0.8660254037844386,0.5000000000000001,9.6,13.0,14.0,rise
1890-03-01,8.5,1.0,6.123233995736766e-17,9.161538461538461,13.0,15.0,rise
1890-04-01,2.7,0.8660254037844387,-0.4999999999999998,9.753846153846153,13.0,16.0,rise
1890-05-01,7.9,0.4999999999999999,-0.8660254037844387,10.715384615384616,13.0,17.0,rise
1890-06-01,2.2,1.2246467991473532e-16,-1.0,11.7,13.0,18.0,rise
1890-07-01,19.3,-0.4999999999999997,-0.8660254037844388,12.569230769230769,13.0,19.0,rise
1890-08-01,14.2,-0.8660254037844385,-0.5000000000000004,14.73076923076923,13.0,20.0,rise
1890-09-01,28.6,-1.0,-1.8369701987210294e-16,15.96923076923077,13.0,21.0,rise
1890-10-01,18.6,-0.8660254037844386,0.5000000000000001,17.946153846153848,13.0,22.0,rise
1890-11-01,15.9,-0.5000000000000004,0.8660254037844384,23.00769230769231,13.0,23.0,rise
1890-12-01,13.1,-2.4492935982947064e-16,1.0,28.584615384615383,13.0,24.0,rise
1891-01-01,22.5,0.4999999999999999,0.8660254037844387,35.95384615384615,13.0,25.0,rise
1891-02-01,36.9,0.8660254037844386,0.5000000000000001,38.707692307692305,13.0,26.0,rise
1891-03-01,17.2,1.0,6.123233995736766e-17,44.51538461538462,13.0,27.0,rise
1891-04-01,34.2,0.8660254037844387,-0.4999999999999998,48.93076923076922,13.0,28.0,rise
1891-05-01,68.5,0.4999999999999999,-0.8660254037844387,52.869230769230775,13.0,29.0,rise
1891-06-01,80.4,1.2246467991473532e-16,-1.0,55.82307692307692,13.0,30.0,rise
1891-07-01,98.0,-0.4999999999999997,-0.8660254037844388,63.676923076923075,13.0,31.0,rise
1891-08-01,55.1,-0.8660254037844385,-0.5000000000000004,71.64615384615385,13.0,32.0,rise
1891-09-01,89.7,-1.0,-1.8369701987210294e-16,75.21538461538461,13.0,33.0,rise
1891-10-01,86.0,-0.8660254037844386,0.5000000000000001,82.8153846153846,13.0,34.0,rise
1891-11-01,69.8,-0.5000000000000004,0.8660254037844384,90.39230769230768,13.0,35.0,rise
1891-12-01,54.3,-2.4492935982947064e-16,1.0,94.91538461538461,13.0,36.0,rise
1892-01-01,115.2,0.4999999999999999,0.8660254037844387,98.54615384615384,13.0,37.0,rise
1892-02-01,126.1,0.8660254037844386,0.5000000000000001,104.0076923076923,13.0,38.0,rise
1892-03-01,83.3,1.0,6.123233995736766e-17,107.82307692307693,13.0,39.0,rise
1892-04-01,116.0,0.8660254037844387,-0.4999999999999998,109.96153846153847,13.0,40.0,peak
1892-05-01,132.7,0.4999999999999999,-0.8660254037844387,111.72307692307692,13.0,41.0,peak
1892-06-01,127.3,1.2246467991473532e-16,-1.0,116.43076923076923,13.0,42.0,peak
1892-07-01,127.6,-0.4999999999999997,-0.8660254037844388,121.86923076923077,13.0,43.0,peak
1892-08-01,169.0,-0.8660254037844385,-0.5000000000000004,122.36153846153846,13.0,44.0,peak
1892-09-01,104.7,-1.0,-1.8369701987210294e-16,121.08461538461539,13.0,45.0,peak
1892-10-01,117.5,-0.8660254037844386,0.5000000000000001,125.96923076923078,13.0,46.0,peak
1892-11-01,108.9,-0.5000000000000004,0.8660254037844384,127.91538461538461,13.0,47.0,peak
1892-12-01,131.0,-2.4492935982947064e-16,1.0,129.23076923076923,13.0,48.0,peak
1893-01-01,125.0,0.4999999999999999,0.8660254037844387,130.7923076923077,13.0,49.0,peak
1893-02-01,121.6,0.8660254037844386,0.5000000000000001,137.54615384615383,13.0,50.0,peak
1893-03-01,109.5,1.0,6.123233995736766e-17,134.53846153846155,13.0,51.0,peak
1893-04-01,146.8,0.8660254037844387,-0.4999999999999998,136.73846153846154,13.0,52.0,peak
1893-05-01,141.3,0.4999999999999999,-0.8660254037844387,137.33076923076922,13.0,53.0,peak
1893-06-01,149.8,1.2246467991473532e-16,-1.0,140.9846153846154,13.0,54.0,peak
1893-07-01,147.6,-0.4999999999999997,-0.8660254037844388,141.56923076923078,13.0,55.0,peak
1893-08-01,215.4,-0.8660254037844385,-0.5000000000000004,142.8,13.0,56.0,peak
1893-09-01,129.9,-1.0,-1.8369701987210294e-16,140.14615384615385,13.0,57.0,peak
1893-10-01,133.3,-0.8660254037844386,0.5000000000000001,142.1846153846154,13.0,58.0,peak
1893-11-01,125.2,-0.5000000000000004,0.8660254037844384,143.86923076923077,13.0,59.0,peak
1893-12-01,156.4,-2.4492935982947064e-16,1.0,145.6769230769231,13.0,60.0,peak
1894-01-01,138.6,0.4999999999999999,0.8660254037844387,147.74615384615385,13.0,61.0,peak
1894-02-01,141.0,0.8660254037844386,0.5000000000000001,145.4,13.0,62.0,peak
1894-03-01,87.1,1.0,6.123233995736766e-17,137.2923076923077,13.0,63.0,peak
1894-04-01,136.0,0.8660254037844387,-0.4999999999999998,136.96923076923076,13.0,64.0,peak
1894-05-01,168.7,0.4999999999999999,-0.8660254037844387,133.9692307692308,13.0,65.0,peak
1894-06-01,164.8,1.2246467991473532e-16,-1.0,132.03846153846155,13.0,66.0,peak
1894-07-01,176.7,-0.4999999999999997,-0.8660254037844388,128.1153846153846,13.0,67.0,peak
1894-08-01,117.1,-0.8660254037844385,-0.5000000000000004,126.06923076923077,13.0,68.0,peak
1894-09-01,110.0,-1.0,-1.8369701987210294e-16,123.03846153846153,13.0,69.0,peak
1894-10-01,125.7,-0.8660254037844386,0.5000000000000001,126.20000000000002,13.0,70.0,peak
1894-11-01,94.3,-0.5000000000000004,0.8660254037844384,124.39230769230768,13.0,71.0,peak
1894-12-01,100.1,-2.4492935982947064e-16,1.0,120.57692307692308,13.0,72.0,peak
1895-01-01,105.4,0.4999999999999999,0.8660254037844387,114.03076923076922,13.0,73.0,peak
1895-02-01,112.0,0.8660254037844386,0.5000000000000001,109.27692307692308,13.0,74.0,peak
1895-03-01,101.6,1.0,6.123233995736766e-17,107.66153846153846,13.0,75.0,peak
1895-04-01,128.2,0.8660254037844387,-0.4999999999999998,107.9076923076923,13.0,76.0,peak
1895-05-01,112.5,0.4999999999999999,-0.8660254037844387,104.28461538461539,13.0,77.0,peak
1895-06-01,119.1,1.2246467991473532e-16,-1.0,106.1,13.0,78.0,peak
1895-07-01,79.7,-0.4999999999999997,-0.8660254037844388,102.12307692307692,13.0,79.0,peak
1895-08-01,114.9,-0.8660254037844385,-0.5000000000000004,101.37692307692306,13.0,80.0,peak
1895-09-01,96.1,-1.0,-1.8369701987210294e-16,99.41538461538461,13.0,81.0,peak
1895-10-01,113.2,-0.8660254037844386,0.5000000000000001,97.21538461538461,13.0,82.0,peak
1895-11-01,78.6,-0.5000000000000004,0.8660254037844384,90.9,13.0,83.0,decline
1895-12-01,117.9,-2.4492935982947064e-16,1.0,88.53076923076922,13.0,84.0,decline
1896-01-01,48.4,0.4999999999999999,0.8660254037844387,85.15384615384616,13.0,85.0,decline
1896-02-01,95.7,0.8660254037844386,0.5000000000000001,82.51538461538462,13.0,86.0,decline
1896-03-01,86.5,1.0,6.123233995736766e-17,81.53846153846153,13.0,87.0,decline
1896-04-01,73.0,0.8660254037844387,-0.4999999999999998,77.83076923076922,13.0,88.0,decline
1896-05-01,46.1,0.4999999999999999,-0.8660254037844387,73.99230769230769,13.0,89.0,decline
1896-06-01,81.7,1.2246467991473532e-16,-1.0,73.40769230769232,13.0,90.0,decline
1896-07-01,75.2,-0.4999999999999997,-0.8660254037844388,69.53846153846153,13.0,91.0,decline
1896-08-01,45.4,-0.8660254037844385,-0.5000000000000004,69.58461538461538,13.0,92.0,decline
1896-09-01,102.2,-1.0,-1.8369701987210294e-16,65.96923076923078,13.0,93.0,decline
1896-10-01,47.9,-0.8660254037844386,0.5000000000000001,63.292307692307695,13.0,94.0,decline
1896-11-01,63.3,-0.5000000000000004,0.8660254037844384,60.23846153846154,13.0,95.0,decline
1896-12-01,71.0,-2.4492935982947064e-16,1.0,58.146153846153844,13.0,96.0,decline
1897-01-01,67.6,0.4999999999999999,0.8660254037844387,55.4076923076923,13.0,97.0,decline
1897-02-01,49.0,0.8660254037844386,0.5000000000000001,52.42307692307692,13.0,98.0,decline
1897-03-01,48.7,1.0,6.123233995736766e-17,55.11538461538461,13.0,99.0,decline
1897-04-01,51.7,0.8660254037844387,-0.4999999999999998,49.0923076923077,13.0,100.0,decline
1897-05-01,33.3,0.4999999999999999,-0.8660254037844387,46.48461538461539,13.0,101.0,decline
1897-06-01,18.9,1.2246467991473532e-16,-1.0,45.88461538461539,13.0,102.0,decline
1897-07-01,46.1,-0.4999999999999997,-0.8660254037844388,44.3,13.0,103.0,decline
1897-08-01,36.4,-0.8660254037844385,-0.5000000000000004,43.76923076923077,13.0,104.0,decline
1897-09-01,80.4,-1.0,-1.8369701987210294e-16,44.91538461538461,13.0,105.0,decline
1897-10-01,23.9,-0.8660254037844386,0.5000000000000001,43.03076923076923,13.0,106.0,decline
1897-11-01,14.0,-0.5000000000000004,0.8660254037844384,42.361538461538466,13.0,107.0,decline
1897-12-01,55.5,-2.4492935982947064e-16,1.0,42.65384615384615,13.0,108.0,decline
1898-01-01,50.4,0.4999999999999999,0.8660254037844387,42.353846153846156,13.0,109.0,decline
1898-02-01,60.7,0.8660254037844386,0.5000000000000001,42.83076923076923,13.0,110.0,decline
1898-03-01,63.9,1.0,6.123233995736766e-17,44.5,13.0,111.0,decline
1898-04-01,24.2,0.8660254037844387,-0.4999999999999998,42.70769230769231,13.0,112.0,decline
1898-05-01,43.0,0.4999999999999999,-0.8660254037844387,44.83846153846154,13.0,113.0,decline
1898-06-01,37.1,1.2246467991473532e-16,-1.0,45.38461538461539,13.0,114.0,decline
1898-07-01,15.0,-0.4999999999999997,-0.8660254037844388,43.607692307692304,13.0,115.0,decline
1898-08-01,52.3,-0.8660254037844385,-0.5000000000000004,40.907692307692315,13.0,116.0,decline
1898-09-01,58.1,-1.0,-1.8369701987210294e-16,38.56923076923077,13.0,117.0,decline
1898-10-01,57.1,-0.8660254037844386,0.5000000000000001,35.46923076923077,13.0,118.0,decline
1898-11-01,51.6,-0.5000000000000004,0.8660254037844384,34.599999999999994,13.0,119.0,decline
1898-12-01,21.1,-2.4492935982947064e-16,1.0,33.91538461538461,13.0,120.0,decline
1899-01-01,32.4,0.4999999999999999,0.8660254037844387,32.792307692307695,13.0,121.0,decline
1899-02-01,15.3,0.8660254037844386,0.5000000000000001,32.01538461538461,13.0,122.0,decline
1899-03-01,30.3,1.0,6.123233995736766e-17,29.069230769230767,13.0,123.0,decline
1899-04-01,23.6,0.8660254037844387,-0.4999999999999998,26.26923076923077,13.0,124.0,decline
1899-05-01,12.9,0.4999999999999999,-0.8660254037844387,22.87692307692308,13.0,125.0,decline
1899-06-01,34.1,1.2246467991473532e-16,-1.0,20.26153846153846,13.0,126.0,decline
1899-07-01,22.5,-0.4999999999999997,-0.8660254037844388,19.846153846153847,13.0,127.0,decline
1899-08-01,4.9,-0.8660254037844385,-0.5000000000000004,19.10769230769231,13.0,128.0,decline
1899-09-01,14.0,-1.0,-1.8369701987210294e-16,19.03846153846154,13.0,129.0,trough
1899-10-01,21.7,-0.8660254037844386,0.5000000000000001,18.76923076923077,13.0,130.0,trough
1899-11-01,13.0,-0.5000000000000004,0.8660254037844384,18.900000000000002,13.0,131.0,trough
1899-12-01,17.6,-2.4492935982947064e-16,1.0,19.453846153846154,13.0,132.0,trough
1900-01-01,15.7,0.4999999999999999,0.8660254037844387,17.900000000000002,13.0,133.0,trough
1900-02-01,22.8,0.8660254037844386,0.5000000000000001,16.715384615384615,13.0,134.0,trough
1900-03-01,14.4,1.0,6.123233995736766e-17,17.407692307692308,13.0,135.0,trough
1900-04-01,26.8,0.8660254037844387,-0.4999999999999998,17.992307692307694,13.0,136.0,trough
1900-05-01,25.3,0.4999999999999999,-0.8660254037844387,16.900000000000002,13.0,137.0,trough
1900-06-01,20.1,1.2246467991473532e-16,-1.0,15.93846153846154,13.0,138.0,trough
1900-07-01,13.9,-0.4999999999999997,-0.8660254037844388,14.615384615384617,13.0,139.0,trough
1900-08-01,7.1,-0.8660254037844385,-0.5000000000000004,13.715384615384616,13.0,140.0,trough
1900-09-01,13.9,-1.0,-1.8369701987210294e-16,12.53076923076923,13.0,141.0,trough
1900-10-01,21.6,-0.8660254037844386,0.5000000000000001,11.423076923076925,13.0,142.0,trough
1900-11-01,7.5,-0.5000000000000004,0.8660254037844384,10.66923076923077,13.0,143.0,trough
1900-12-01,0.5,-2.4492935982947064e-16,1.0,9.46923076923077,13.0,144.0,trough
1901-01-01,0.4,0.4999999999999999,0.8660254037844387,8.015384615384615,13.0,145.0,trough
1901-02-01,4.0,0.8660254037844386,0.5000000000000001,7.076923076923078,13.0,146.0,trough
1901-03-01,7.4,1.0,6.123233995736766e-17,6.6,13.0,147.0,trough
1901-04-01,0.0,0.8660254037844387,-0.4999999999999998,6.015384615384615,13.0,148.0,trough
1901-05-01,17.0,0.4999999999999999,-0.8660254037844387,4.846153846153846,13.0,149.0,trough
1901-06-01,9.7,1.2246467991473532e-16,-1.0,4.269230769230769,13.0,150.0,trough
1901-07-01,1.2,-0.4999999999999997,-0.8660254037844388,4.946153846153846,13.0,151.0,trough
1901-08-01,1.7,-0.8660254037844385,-0.5000000000000004,4.915384615384616,13.0,152.0,trough
1901-09-01,0.9,-1.0,-1.8369701987210294e-16,6.199999999999999,13.0,153.0,trough
1901-10-01,6.3,-0.8660254037844386,0.5000000000000001,5.63076923076923,13.0,154.0,trough
1901-11-01,6.4,-0.5000000000000004,0.8660254037844384,5.9923076923076914,13.0,155.0,trough
1901-12-01,0.0,-2.4492935982947064e-16,1.0,4.869230769230769,13.0,156.0,trough
1902-01-01,9.3,0.4999999999999999,0.8660254037844387,4.2384615384615385,14.0,0.0,rise
1902-02-01,0.0,0.8660254037844386,0.5000000000000001,4.438461538461538,14.0,1.0,rise
1902-03-01,20.7,1.0,6.123233995736766e-17,5.276923076923077,14.0,2.0,rise
1902-04-01,0.0,0.8660254037844387,-0.4999999999999998,7.299999999999999,14.0,3.0,rise
1902-05-01,4.7,0.4999999999999999,-0.8660254037844387,8.138461538461538,14.0,4.0,rise
1902-06-01,2.4,1.2246467991473532e-16,-1.0,7.7846153846153845,14.0,5.0,rise
1902-07-01,1.5,-0.4999999999999997,-0.8660254037844388,8.853846153846153,14.0,6.0,rise
1902-08-01,3.8,-0.8660254037844385,-0.5000000000000004,10.323076923076922,14.0,7.0,rise
1902-09-01,12.6,-1.0,-1.8369701987210294e-16,12.053846153846154,14.0,8.0,rise
1902-10-01,27.2,-0.8660254037844386,0.5000000000000001,13.807692307692308,14.0,9.0,rise
1902-11-01,17.2,-0.5000000000000004,0.8660254037844384,15.676923076923078,14.0,10.0,rise
1902-12-01,1.8,-2.4492935982947064e-16,1.0,17.407692307692308,14.0,11.0,rise
1903-01-01,13.9,0.4999999999999999,0.8660254037844387,20.792307692307695,14.0,12.0,rise
1903-02-01,28.4,0.8660254037844386,0.5000000000000001,24.36923076923077,14.0,13.0,rise
1903-03-01,22.5,1.0,6.123233995736766e-17,25.5,14.0,14.0,rise
1903-04-01,43.5,0.8660254037844387,-0.4999999999999998,29.515384615384615,14.0,15.0,rise
1903-05-01,24.3,0.4999999999999999,-0.8660254037844387,33.13076923076923,14.0,16.0,rise
1903-06-01,27.2,1.2246467991473532e-16,-1.0,37.669230769230765,14.0,17.0,rise
1903-07-01,46.4,-0.4999999999999997,-0.8660254037844388,41.57692307692308,14.0,18.0,rise
1903-08-01,48.0,-0.8660254037844385,-0.5000000000000004,43.646153846153844,14.0,19.0,rise
1903-09-01,18.5,-1.0,-1.8369701987210294e-16,46.22307692307693,14.0,20.0,rise
1903-10-01,64.8,-0.8660254037844386,0.5000000000000001,50.0,14.0,21.0,rise
1903-11-01,74.2,-0.5000000000000004,0.8660254037844384,51.70769230769231,14.0,22.0,rise
1903-12-01,76.2,-2.4492935982947064e-16,1.0,55.207692307692305,14.0,23.0,rise
1904-01-01,52.6,0.4999999999999999,0.8660254037844387,59.60000000000001,14.0,24.0,rise
1904-02-01,40.8,0.8660254037844386,0.5000000000000001,63.5,14.0,25.0,rise
1904-03-01,61.9,1.0,6.123233995736766e-17,63.66923076923077,14.0,26.0,rise
1904-04-01,71.6,0.8660254037844387,-0.4999999999999998,69.2,14.0,27.0,rise
1904-05-01,65.7,0.4999999999999999,-0.8660254037844387,69.09230769230768,14.0,28.0,rise
1904-06-01,69.8,1.2246467991473532e-16,-1.0,70.3923076923077,14.0,29.0,rise
1904-07-01,84.3,-0.4999999999999997,-0.8660254037844388,71.54615384615384,14.0,30.0,rise
1904-08-01,97.1,-0.8660254037844385,-0.5000000000000004,78.5,14.0,31.0,rise
1904-09-01,50.2,-1.0,-1.8369701987210294e-16,82.61538461538461,14.0,32.0,peak
1904-10-01,90.4,-0.8660254037844386,0.5000000000000001,82.89230769230768,14.0,33.0,peak
1904-11-01,63.4,-0.5000000000000004,0.8660254037844384,83.53076923076924,14.0,34.0,peak
1904-12-01,91.1,-2.4492935982947064e-16,1.0,84.75384615384615,14.0,35.0,peak
1905-01-01,91.2,0.4999999999999999,0.8660254037844387,88.73846153846155,14.0,36.0,peak
1905-02-01,143.0,0.8660254037844386,0.5000000000000001,89.80000000000001,14.0,37.0,peak
1905-03-01,94.3,1.0,6.123233995736766e-17,89.39230769230768,14.0,38.0,peak
1905-04-01,65.5,0.8660254037844387,-0.4999999999999998,95.62307692307694,14.0,39.0,peak
1905-05-01,79.9,0.4999999999999999,-0.8660254037844387,102.41538461538462,14.0,40.0,peak
1905-06-01,81.6,1.2246467991473532e-16,-1.0,104.65384615384616,14.0,41.0,peak
1905-07-01,121.6,-0.4999999999999997,-0.8660254037844388,103.47692307692309,14.0,42.0,peak
1905-08-01,98.1,-0.8660254037844385,-0.5000000000000004,100.48461538461538,14.0,43.0,peak
1905-09-01,91.8,-1.0,-1.8369701987210294e-16,97.74615384615385,14.0,44.0,peak
1905-10-01,131.2,-0.8660254037844386,0.5000000000000001,97.58461538461538,14.0,45.0,peak
1905-11-01,178.7,-0.5000000000000004,0.8660254037844384,99.94615384615385,14.0,46.0,peak
1905-12-01,92.5,-2.4492935982947064e-16,1.0,101.89999999999999,14.0,47.0,peak
1906-01-01,75.8,0.4999999999999999,0.8660254037844387,108.9076923076923,14.0,48.0,peak
1906-02-01,52.3,0.8660254037844386,0.5000000000000001,105.67692307692307,14.0,49.0,peak
1906-03-01,107.4,1.0,6.123233995736766e-17,105.32307692307693,14.0,50.0,peak
1906-04-01,92.2,0.8660254037844387,-0.4999999999999998,100.54615384615384,14.0,51.0,peak
1906-05-01,96.2,0.4999999999999999,-0.8660254037844387,95.43846153846154,14.0,52.0,peak
1906-06-01,105.3,1.2246467991473532e-16,-1.0,90.0,14.0,53.0,peak
1906-07-01,172.7,-0.4999999999999997,-0.8660254037844388,92.68461538461537,14.0,54.0,peak
1906-08-01,79.6,-0.8660254037844385,-0.5000000000000004,100.72307692307693,14.0,55.0,peak
1906-09-01,93.5,-1.0,-1.8369701987210294e-16,104.47692307692309,14.0,56.0,peak
1906-10-01,29.7,-0.8660254037844386,0.5000000000000001,102.95384615384614,14.0,57.0,peak
1906-11-01,64.8,-0.5000000000000004,0.8660254037844384,101.35384615384616,14.0,58.0,peak
1906-12-01,108.0,-2.4492935982947064e-16,1.0,99.12307692307694,14.0,59.0,peak
1907-01-01,127.4,0.4999999999999999,0.8660254037844387,97.4,14.0,60.0,peak
1907-02-01,180.3,0.8660254037844386,0.5000000000000001,91.07692307692308,14.0,61.0,peak
1907-03-01,101.1,1.0,6.123233995736766e-17,95.85384615384615,14.0,62.0,peak
1907-04-01,87.6,0.8660254037844387,-0.4999999999999998,97.05384615384614,14.0,63.0,peak
1907-05-01,71.4,0.4999999999999999,-0.8660254037844387,102.65384615384616,14.0,64.0,peak
1907-06-01,67.2,1.2246467991473532e-16,-1.0,103.73846153846154,14.0,65.0,decline
1907-07-01,82.9,-0.4999999999999997,-0.8660254037844388,100.46153846153847,14.0,66.0,decline
1907-08-01,90.5,-0.8660254037844385,-0.5000000000000004,95.01538461538462,14.0,67.0,decline
1907-09-01,141.7,-1.0,-1.8369701987210294e-16,84.83076923076925,14.0,68.0,decline
1907-10-01,109.1,-0.8660254037844386,0.5000000000000001,84.44615384615385,14.0,69.0,decline
1907-11-01,102.5,-0.5000000000000004,0.8660254037844384,82.93846153846154,14.0,70.0,decline
1907-12-01,78.9,-2.4492935982947064e-16,1.0,83.61538461538461,14.0,71.0,decline
1908-01-01,65.4,0.4999999999999999,0.8660254037844387,83.5076923076923,14.0,72.0,decline
1908-02-01,56.6,0.8660254037844386,0.5000000000000001,88.73846153846154,14.0,73.0,decline
1908-03-01,47.9,1.0,6.123233995736766e-17,92.92307692307692,14.0,74.0,decline
1908-04-01,96.1,0.8660254037844387,-0.4999999999999998,86.16923076923078,14.0,75.0,decline
1908-05-01,68.0,0.4999999999999999,-0.8660254037844387,83.61538461538461,14.0,76.0,decline
1908-06-01,80.2,1.2246467991473532e-16,-1.0,80.80000000000001,14.0,77.0,decline
1908-07-01,65.8,-0.4999999999999997,-0.8660254037844388,82.0076923076923,14.0,78.0,decline
1908-08-01,150.9,-0.8660254037844385,-0.5000000000000004,82.94615384615385,14.0,79.0,decline
1908-09-01,144.9,-1.0,-1.8369701987210294e-16,87.0923076923077,14.0,80.0,decline
1908-10-01,53.9,-0.8660254037844386,0.5000000000000001,87.53846153846153,14.0,81.0,decline
1908-11-01,75.9,-0.5000000000000004,0.8660254037844384,84.76153846153846,14.0,82.0,decline
1908-12-01,65.9,-2.4492935982947064e-16,1.0,82.43846153846154,14.0,83.0,decline
1909-01-01,94.6,0.4999999999999999,0.8660254037844387,80.85384615384615,14.0,84.0,decline
1909-02-01,77.6,0.8660254037844386,0.5000000000000001,78.75384615384615,14.0,85.0,decline
1909-03-01,110.5,1.0,6.123233995736766e-17,72.12307692307692,14.0,86.0,decline
1909-04-01,53.7,0.8660254037844387,-0.4999999999999998,68.46923076923078,14.0,87.0,decline
1909-05-01,60.0,0.4999999999999999,-0.8660254037844387,71.47692307692309,14.0,88.0,decline
1909-06-01,37.8,1.2246467991473532e-16,-1.0,72.57692307692308,14.0,89.0,decline
1909-07-01,59.6,-0.4999999999999997,-0.8660254037844388,70.8923076923077,14.0,90.0,decline
1909-08-01,38.5,-0.8660254037844385,-0.5000000000000004,67.65384615384616,14.0,91.0,decline
1909-09-01,64.7,-1.0,-1.8369701987210294e-16,64.43076923076923,14.0,92.0,decline
1909-10-01,97.4,-0.8660254037844386,0.5000000000000001,57.01538461538462,14.0,93.0,decline
1909-11-01,93.0,-0.5000000000000004,0.8660254037844384,55.72307692307693,14.0,94.0,decline
1909-12-01,90.2,-2.4492935982947064e-16,1.0,52.68461538461539,14.0,95.0,decline
1910-01-01,44.0,0.4999999999999999,0.8660254037844387,51.58461538461539,14.0,96.0,decline
1910-02-01,52.5,0.8660254037844386,0.5000000000000001,48.48461538461538,14.0,97.0,decline
1910-03-01,35.7,1.0,6.123233995736766e-17,48.88461538461539,14.0,98.0,decline
1910-04-01,14.1,0.8660254037844387,-0.4999999999999998,48.823076923076925,14.0,99.0,decline
1910-05-01,36.9,0.4999999999999999,-0.8660254037844387,41.96923076923076,14.0,100.0,decline
1910-06-01,20.5,1.2246467991473532e-16,-1.0,35.55384615384615,14.0,101.0,decline
1910-07-01,23.5,-0.4999999999999997,-0.8660254037844388,29.04615384615385,14.0,102.0,decline
1910-08-01,19.3,-0.8660254037844385,-0.5000000000000004,26.815384615384616,14.0,103.0,decline
1910-09-01,43.7,-1.0,-1.8369701987210294e-16,23.77692307692308,14.0,104.0,decline
1910-10-01,63.9,-0.8660254037844386,0.5000000000000001,23.153846153846153,14.0,105.0,decline
1910-11-01,8.3,-0.5000000000000004,0.8660254037844384,23.23076923076923,14.0,106.0,decline
1910-12-01,9.6,-2.4492935982947064e-16,1.0,20.676923076923078,14.0,107.0,decline
1911-01-01,5.6,0.4999999999999999,0.8660254037844387,19.553846153846152,14.0,108.0,decline
1911-02-01,15.0,0.8660254037844386,0.5000000000000001,18.26153846153846,14.0,109.0,decline
1911-03-01,13.0,1.0,6.123233995736766e-17,17.29230769230769,14.0,110.0,decline
1911-04-01,27.6,0.8660254037844387,-0.4999999999999998,14.276923076923076,14.0,111.0,decline
1911-05-01,15.1,0.4999999999999999,-0.8660254037844387,9.899999999999999,14.0,112.0,decline
1911-06-01,3.7,1.2246467991473532e-16,-1.0,9.546153846153846,14.0,113.0,decline
1911-07-01,5.9,-0.4999999999999997,-0.8660254037844388,8.838461538461539,14.0,114.0,trough
1911-08-01,6.7,-0.8660254037844385,-0.5000000000000004,8.407692307692308,14.0,115.0,trough
1911-09-01,6.7,-1.0,-1.8369701987210294e-16,7.884615384615386,14.0,116.0,trough
1911-10-01,4.5,-0.8660254037844386,0.5000000000000001,7.4692307692307685,14.0,117.0,trough
1911-11-01,7.0,-0.5000000000000004,0.8660254037844384,5.915384615384616,14.0,118.0,trough
1911-12-01,3.7,-2.4492935982947064e-16,1.0,5.2846153846153845,14.0,119.0,trough
1912-01-01,0.4,0.4999999999999999,0.8660254037844387,5.3769230769230765,14.0,120.0,trough
1912-02-01,0.0,0.8660254037844386,0.5000000000000001,4.961538461538462,14.0,121.0,trough
1912-03-01,8.2,1.0,6.123233995736766e-17,5.6692307692307695,14.0,122.0,trough
1912-04-01,7.6,0.8660254037844387,-0.4999999999999998,5.738461538461538,14.0,123.0,trough
1912-05-01,7.4,0.4999999999999999,-0.8660254037844387,5.538461538461538,14.0,124.0,trough
1912-06-01,6.9,1.2246467991473532e-16,-1.0,5.815384615384615,14.0,125.0,trough
1912-07-01,4.9,-0.4999999999999997,-0.8660254037844388,5.823076923076924,14.0,126.0,trough
1912-08-01,0.5,-0.8660254037844385,-0.5000000000000004,6.161538461538462,14.0,127.0,trough
1912-09-01,15.9,-1.0,-1.8369701987210294e-16,6.223076923076923,14.0,128.0,trough
1912-10-01,7.6,-0.8660254037844386,0.5000000000000001,5.7153846153846155,14.0,129.0,trough
1912-11-01,1.9,-0.5000000000000004,0.8660254037844384,5.13076923076923,14.0,130.0,trough
1912-12-01,10.6,-2.4492935982947064e-16,1.0,4.561538461538462,14.0,131.0,trough
1913-01-01,3.8,0.4999999999999999,0.8660254037844387,4.253846153846154,14.0,132.0,trough
1913-02-01,4.8,0.8660254037844386,0.5000000000000001,3.9076923076923076,14.0,133.0,trough
1913-03-01,0.8,1.0,6.123233995736766e-17,4.023076923076923,14.0,134.0,trough
1913-04-01,1.6,0.8660254037844387,-0.4999999999999998,3.2,14.0,135.0,trough
1913-05-01,0.0,0.4999999999999999,-0.8660254037844387,2.7076923076923074,14.0,136.0,trough
1913-06-01,0.0,1.2246467991473532e-16,-1.0,3.0461538461538464,14.0,137.0,trough
1913-07-01,2.9,-0.4999999999999997,-0.8660254037844388,2.592307692307692,15.0,0.0,rise
1913-08-01,0.4,-0.8660254037844385,-0.5000000000000004,2.638461538461539,15.0,1.0,rise
1913-09-01,2.0,-1.0,-1.8369701987210294e-16,2.6769230769230767,15.0,2.0,rise
1913-10-01,5.2,-0.8660254037844386,0.5000000000000001,4.838461538461539,15.0,3.0,rise
1913-11-01,1.2,-0.5000000000000004,0.8660254037844384,5.384615384615385,15.0,4.0,rise
1913-12-01,6.3,-2.4492935982947064e-16,1.0,6.8538461538461535,15.0,5.0,rise
1914-01-01,4.7,0.4999999999999999,0.8660254037844387,7.553846153846154,15.0,6.0,rise
1914-02-01,4.4,0.8660254037844386,0.5000000000000001,8.323076923076922,15.0,7.0,rise
1914-03-01,5.3,1.0,6.123233995736766e-17,9.923076923076923,15.0,8.0,rise
1914-04-01,28.9,0.8660254037844387,-0.4999999999999998,10.823076923076922,15.0,9.0,rise
1914-05-01,8.7,0.4999999999999999,-0.8660254037844387,12.523076923076921,15.0,10.0,rise
1914-06-01,19.1,1.2246467991473532e-16,-1.0,15.299999999999999,15.0,11.0,rise
1914-07-01,9.1,-0.4999999999999997,-0.8660254037844388,17.776923076923076,15.0,12.0,rise
1914-08-01,12.9,-0.8660254037844385,-0.5000000000000004,22.83076923076923,15.0,13.0,rise
1914-09-01,21.2,-1.0,-1.8369701987210294e-16,27.47692307692308,15.0,14.0,rise
1914-10-01,13.7,-0.8660254037844386,0.5000000000000001,32.36923076923077,15.0,15.0,rise
1914-11-01,27.3,-0.5000000000000004,0.8660254037844384,34.38461538461539,15.0,16.0,rise
1914-12-01,37.3,-2.4492935982947064e-16,1.0,42.53846153846154,15.0,17.0,rise
1915-01-01,38.5,0.4999999999999999,0.8660254037844387,50.25384615384615,15.0,18.0,rise
1915-02-01,70.4,0.8660254037844386,0.5000000000000001,58.47692307692308,15.0,19.0,rise
1915-03-01,64.8,1.0,6.123233995736766e-17,63.823076923076925,15.0,20.0,rise
1915-04-01,68.9,0.8660254037844387,-0.4999999999999998,69.04615384615384,15.0,21.0,rise
1915-05-01,55.1,0.4999999999999999,-0.8660254037844387,73.44615384615385,15.0,22.0,rise
1915-06-01,114.7,1.2246467991473532e-16,-1.0,75.76923076923077,15.0,23.0,rise
1915-07-01,119.4,-0.4999999999999997,-0.8660254037844388,78.70769230769231,15.0,24.0,rise
1915-08-01,116.0,-0.8660254037844385,-0.5000000000000004,82.85384615384615,15.0,25.0,rise
1915-09-01,82.4,-1.0,-1.8369701987210294e-16,86.03076923076924,15.0,26.0,rise
1915-10-01,89.1,-0.8660254037844386,0.5000000000000001,90.26153846153846,15.0,27.0,rise
1915-11-01,70.9,-0.5000000000000004,0.8660254037844384,94.5,15.0,28.0,rise
1915-12-01,57.5,-2.4492935982947064e-16,1.0,98.94615384615386,15.0,29.0,rise
1916-01-01,75.5,0.4999999999999999,0.8660254037844387,96.9923076923077,15.0,30.0,rise
1916-02-01,92.4,0.8660254037844386,0.5000000000000001,92.3153846153846,15.0,31.0,rise
1916-03-01,111.7,1.0,6.123233995736766e-17,89.16923076923075,15.0,32.0,peak
1916-04-01,119.8,0.8660254037844387,-0.4999999999999998,89.33076923076925,15.0,33.0,peak
1916-05-01,124.0,0.4999999999999999,-0.8660254037844387,90.89999999999999,15.0,34.0,peak
1916-06-01,112.9,1.2246467991473532e-16,-1.0,92.23846153846155,15.0,35.0,peak
1916-07-01,89.3,-0.4999999999999997,-0.8660254037844388,97.3923076923077,15.0,36.0,peak
1916-08-01,58.6,-0.8660254037844385,-0.5000000000000004,100.8076923076923,15.0,37.0,peak
1916-09-01,75.1,-1.0,-1.8369701987210294e-16,105.85384615384615,15.0,38.0,peak
1916-10-01,84.5,-0.8660254037844386,0.5000000000000001,106.84615384615384,15.0,39.0,peak
1916-11-01,109.5,-0.5000000000000004,0.8660254037844384,112.26153846153845,15.0,40.0,peak
1916-12-01,88.3,-2.4492935982947064e-16,1.0,117.44615384615385,15.0,41.0,peak
1917-01-01,124.5,0.4999999999999999,0.8660254037844387,124.12307692307694,15.0,42.0,peak
1917-02-01,119.9,0.8660254037844386,0.5000000000000001,137.07692307692307,15.0,43.0,peak
1917-03-01,158.0,1.0,6.123233995736766e-17,149.15384615384616,15.0,44.0,peak
1917-04-01,124.6,0.8660254037844387,-0.4999999999999998,152.63076923076923,15.0,45.0,peak
1917-05-01,190.2,0.4999999999999999,-0.8660254037844387,158.49230769230766,15.0,46.0,peak
1917-06-01,191.4,1.2246467991473532e-16,-1.0,166.64615384615382,15.0,47.0,peak
1917-07-01,199.7,-0.4999999999999997,-0.8660254037844388,172.16153846153844,15.0,48.0,peak
1917-08-01,257.7,-0.8660254037844385,-0.5000000000000004,170.94615384615386,15.0,49.0,peak
1917-09-01,215.6,-1.0,-1.8369701987210294e-16,170.9846153846154,15.0,50.0,peak
1917-10-01,120.3,-0.8660254037844386,0.5000000000000001,169.14615384615385,15.0,51.0,peak
1917-11-01,160.7,-0.5000000000000004,0.8660254037844384,169.40000000000003,15.0,52.0,peak
1917-12-01,215.5,-2.4492935982947064e-16,1.0,162.3846153846154,15.0,53.0,peak
1918-01-01,160.0,0.4999999999999999,0.8660254037844387,161.46923076923076,15.0,54.0,peak
1918-02-01,108.7,0.8660254037844386,0.5000000000000001,159.15384615384616,15.0,55.0,peak
1918-03-01,120.4,1.0,6.123233995736766e-17,149.57692307692307,15.0,56.0,peak
1918-04-01,134.1,0.8660254037844387,-0.4999999999999998,143.8923076923077,15.0,57.0,peak
1918-05-01,127.9,0.4999999999999999,-0.8660254037844387,145.33076923076922,15.0,58.0,peak
1918-06-01,99.0,1.2246467991473532e-16,-1.0,140.54615384615383,15.0,59.0,peak
1918-07-01,179.5,-0.4999999999999997,-0.8660254037844388,130.13846153846154,15.0,60.0,peak
1918-08-01,169.6,-0.8660254037844385,-0.5000000000000004,128.02307692307693,15.0,61.0,peak
1918-09-01,133.2,-1.0,-1.8369701987210294e-16,128.19230769230768,15.0,62.0,peak
1918-10-01,141.7,-0.8660254037844386,0.5000000000000001,125.56923076923077,15.0,63.0,peak
1918-11-01,139.0,-0.5000000000000004,0.8660254037844384,126.55384615384615,15.0,64.0,peak
1918-12-01,98.5,-2.4492935982947064e-16,1.0,130.96923076923076,15.0,65.0,decline
1919-01-01,80.2,0.4999999999999999,0.8660254037844387,131.64615384615385,15.0,66.0,decline
1919-02-01,132.5,0.8660254037844386,0.5000000000000001,126.6923076923077,15.0,67.0,decline
1919-03-01,110.9,1.0,6.123233995736766e-17,120.65384615384616,15.0,68.0,decline
1919-04-01,86.3,0.8660254037844387,-0.4999999999999998,117.17692307692307,15.0,69.0,decline
1919-05-01,146.9,0.4999999999999999,-0.8660254037844387,111.65384615384616,15.0,70.0,decline
1919-06-01,185.3,1.2246467991473532e-16,-1.0,105.42307692307692,15.0,71.0,decline
1919-07-01,107.8,-0.4999999999999997,-0.8660254037844388,104.4076923076923,15.0,72.0,decline
1919-08-01,115.1,-0.8660254037844385,-0.5000000000000004,105.14615384615384,15.0,73.0,decline
1919-09-01,91.1,-1.0,-1.8369701987210294e-16,103.94615384615385,15.0,74.0,decline
1919-10-01,88.0,-0.8660254037844386,0.5000000000000001,97.31538461538463,15.0,75.0,decline
1919-11-01,69.9,-0.5000000000000004,0.8660254037844384,94.93846153846152,15.0,76.0,decline
1919-12-01,58.0,-2.4492935982947064e-16,1.0,88.60769230769232,15.0,77.0,decline
1920-01-01,85.3,0.4999999999999999,0.8660254037844387,77.86923076923077,15.0,78.0,decline
1920-02-01,89.8,0.8660254037844386,0.5000000000000001,72.03076923076922,15.0,79.0,decline
1920-03-01,116.9,1.0,6.123233995736766e-17,67.83076923076922,15.0,80.0,decline
1920-04-01,24.7,0.8660254037844387,-0.4999999999999998,67.18461538461538,15.0,81.0,decline
1920-05-01,55.4,0.4999999999999999,-0.8660254037844387,63.89999999999999,15.0,82.0,decline
1920-06-01,64.6,1.2246467991473532e-16,-1.0,62.353846153846156,15.0,83.0,decline
1920-07-01,45.7,-0.4999999999999997,-0.8660254037844388,61.93076923076923,15.0,84.0,decline
1920-08-01,31.9,-0.8660254037844385,-0.5000000000000004,58.99230769230769,15.0,85.0,decline
1920-09-01,60.5,-1.0,-1.8369701987210294e-16,55.50769230769231,15.0,86.0,decline
1920-10-01,82.7,-0.8660254037844386,0.5000000000000001,50.66923076923077,15.0,87.0,decline
1920-11-01,45.3,-0.5000000000000004,0.8660254037844384,51.61538461538461,15.0,88.0,decline
1920-12-01,49.8,-2.4492935982947064e-16,1.0,51.676923076923075,15.0,89.0,decline
1921-01-01,52.5,0.4999999999999999,0.8660254037844387,52.06923076923077,15.0,90.0,decline
1921-02-01,47.1,0.8660254037844386,0.5000000000000001,51.47692307692308,15.0,91.0,decline
1921-03-01,44.5,1.0,6.123233995736766e-17,51.300000000000004,15.0,92.0,decline
1921-04-01,54.0,0.8660254037844387,-0.4999999999999998,48.97692307692308,15.0,93.0,decline
1921-05-01,37.0,0.4999999999999999,-0.8660254037844387,44.892307692307696,15.0,94.0,decline
1921-06-01,56.2,1.2246467991473532e-16,-1.0,44.01538461538462,15.0,95.0,decline
1921-07-01,69.7,-0.4999999999999997,-0.8660254037844388,41.7,15.0,96.0,decline
1921-08-01,38.0,-0.8660254037844385,-0.5000000000000004,41.03846153846154,15.0,97.0,decline
1921-09-01,29.6,-1.0,-1.8369701987210294e-16,44.43846153846154,15.0,98.0,decline
1921-10-01,30.3,-0.8660254037844386,0.5000000000000001,42.42307692307692,15.0,99.0,trough
1921-11-01,29.6,-0.5000000000000004,0.8660254037844384,39.3,15.0,100.0,trough
1921-12-01,33.9,-2.4492935982947064e-16,1.0,37.207692307692305,15.0,101.0,trough
1922-01-01,19.7,0.4999999999999999,0.8660254037844387,34.292307692307695,15.0,102.0,trough
1922-02-01,43.9,0.8660254037844386,0.5000000000000001,29.769230769230774,15.0,103.0,trough
1922-03-01,91.3,1.0,6.123233995736766e-17,27.44615384615384,15.0,104.0,trough
1922-04-01,18.3,0.8660254037844387,-0.4999999999999998,25.96923076923077,15.0,105.0,trough
1922-05-01,13.4,0.4999999999999999,-0.8660254037844387,24.576923076923077,15.0,106.0,trough
1922-06-01,9.8,1.2246467991473532e-16,-1.0,24.53076923076923,15.0,107.0,trough
1922-07-01,18.3,-0.4999999999999997,-0.8660254037844388,22.5,15.0,108.0,trough
1922-08-01,10.9,-0.8660254037844385,-0.5000000000000004,21.176923076923078,15.0,109.0,trough
1922-09-01,7.8,-1.0,-1.8369701987210294e-16,18.223076923076924,15.0,110.0,trough
1922-10-01,10.4,-0.8660254037844386,0.5000000000000001,11.984615384615385,15.0,111.0,trough
1922-11-01,12.2,-0.5000000000000004,0.8660254037844384,10.984615384615385,15.0,112.0,trough
1922-12-01,29.0,-2.4492935982947064e-16,1.0,11.13076923076923,15.0,113.0,trough
1923-01-01,7.5,0.4999999999999999,0.8660254037844387,10.83076923076923,15.0,114.0,trough
1923-02-01,2.5,0.8660254037844386,0.5000000000000001,9.484615384615385,15.0,115.0,trough
1923-03-01,5.5,1.0,6.123233995736766e-17,10.346153846153847,15.0,116.0,trough
1923-04-01,10.2,0.8660254037844387,-0.4999999999999998,11.246153846153847,15.0,117.0,trough
1923-05-01,5.3,0.4999999999999999,-0.8660254037844387,11.73076923076923,15.0,118.0,trough
1923-06-01,15.3,1.2246467991473532e-16,-1.0,11.146153846153847,15.0,119.0,trough
1923-07-01,5.9,-0.4999999999999997,-0.8660254037844388,8.976923076923077,16.0,0.0,rise
1923-08-01,0.8,-0.8660254037844385,-0.5000000000000004,9.053846153846154,16.0,1.0,rise
1923-09-01,22.1,-1.0,-1.8369701987210294e-16,9.092307692307692,16.0,2.0,rise
1923-10-01,19.5,-0.8660254037844386,0.5000000000000001,10.123076923076923,16.0,3.0,rise
1923-11-01,16.7,-0.5000000000000004,0.8660254037844384,12.0,16.0,4.0,rise
1923-12-01,4.6,-2.4492935982947064e-16,1.0,14.669230769230769,16.0,5.0,rise
1924-01-01,0.8,0.4999999999999999,0.8660254037844387,17.099999999999998,16.0,6.0,rise
1924-02-01,8.5,0.8660254037844386,0.5000000000000001,19.115384615384617,16.0,7.0,rise
1924-03-01,3.0,1.0,6.123233995736766e-17,22.27692307692308,16.0,8.0,rise
1924-04-01,18.9,0.8660254037844387,-0.4999999999999998,23.853846153846153,16.0,9.0,rise
1924-05-01,34.6,0.4999999999999999,-0.8660254037844387,25.238461538461536,16.0,10.0,rise
1924-06-01,40.0,1.2246467991473532e-16,-1.0,26.069230769230767,16.0,11.0,rise
1924-07-01,46.9,-0.4999999999999997,-0.8660254037844388,26.415384615384617,16.0,12.0,rise
1924-08-01,32.1,-0.8660254037844385,-0.5000000000000004,29.323076923076922,16.0,13.0,rise
1924-09-01,41.9,-1.0,-1.8369701987210294e-16,30.976923076923075,16.0,14.0,rise
1924-10-01,42.6,-0.8660254037844386,0.5000000000000001,34.823076923076925,16.0,15.0,rise
1924-11-01,37.5,-0.5000000000000004,0.8660254037844384,38.86153846153846,16.0,16.0,rise
1924-12-01,27.5,-2.4492935982947064e-16,1.0,42.284615384615385,16.0,17.0,rise
1925-01-01,9.1,0.4999999999999999,0.8660254037844387,44.146153846153844,16.0,18.0,rise
1925-02-01,38.6,0.8660254037844386,0.5000000000000001,45.407692307692315,16.0,19.0,rise
1925-03-01,30.0,1.0,6.123233995736766e-17,50.65384615384615,16.0,20.0,rise
1925-04-01,53.0,0.8660254037844387,-0.4999999999999998,56.300000000000004,16.0,21.0,rise
1925-05-01,71.4,0.4999999999999999,-0.8660254037844387,60.53076923076923,16.0,22.0,rise
1925-06-01,79.1,1.2246467991473532e-16,-1.0,70.29230769230769,16.0,23.0,rise
1925-07-01,64.2,-0.4999999999999997,-0.8660254037844388,77.38461538461539,16.0,24.0,rise
1925-08-01,63.3,-0.8660254037844385,-0.5000000000000004,85.63846153846154,16.0,25.0,rise
1925-09-01,100.3,-1.0,-1.8369701987210294e-16,90.6846153846154,16.0,26.0,rise
1925-10-01,115.3,-0.8660254037844386,0.5000000000000001,93.31538461538463,16.0,27.0,rise
1925-11-01,97.6,-0.5000000000000004,0.8660254037844384,97.46923076923078,16.0,28.0,rise
1925-12-01,164.4,-2.4492935982947064e-16,1.0,101.39230769230768,16.0,29.0,rise
1926-01-01,119.7,0.4999999999999999,0.8660254037844387,102.01538461538462,16.0,30.0,rise
1926-02-01,116.4,0.8660254037844386,0.5000000000000001,104.97692307692309,16.0,31.0,rise
1926-03-01,104.2,1.0,6.123233995736766e-17,107.90769230769232,16.0,32.0,rise
1926-04-01,64.2,0.8660254037844387,-0.4999999999999998,109.36923076923077,16.0,33.0,rise
1926-05-01,107.0,0.4999999999999999,-0.8660254037844387,108.25384615384615,16.0,34.0,rise
1926-06-01,122.4,1.2246467991473532e-16,-1.0,110.93076923076924,16.0,35.0,rise
1926-07-01,87.2,-0.4999999999999997,-0.8660254037844388,108.74615384615385,16.0,36.0,rise
1926-08-01,102.7,-0.8660254037844385,-0.5000000000000004,111.46923076923076,16.0,37.0,peak
1926-09-01,101.4,-1.0,-1.8369701987210294e-16,111.44615384615386,16.0,38.0,peak
1926-10-01,119.3,-0.8660254037844386,0.5000000000000001,115.41538461538462,16.0,39.0,peak
1926-11-01,100.8,-0.5000000000000004,0.8660254037844384,120.62307692307692,16.0,40.0,peak
1926-12-01,132.4,-2.4492935982947064e-16,1.0,119.96923076923076,16.0,41.0,peak
1927-01-01,136.0,0.4999999999999999,0.8660254037844387,117.60000000000001,16.0,42.0,peak
1927-02-01,155.1,0.8660254037844386,0.5000000000000001,117.78461538461539,16.0,43.0,peak
1927-03-01,116.1,1.0,6.123233995736766e-17,118.66153846153846,16.0,44.0,peak
1927-04-01,155.8,0.8660254037844387,-0.4999999999999998,118.95384615384614,16.0,45.0,peak
1927-05-01,131.9,0.4999999999999999,-0.8660254037844387,118.4,16.0,46.0,peak
1927-06-01,98.5,1.2246467991473532e-16,-1.0,116.43846153846154,16.0,47.0,peak
1927-07-01,91.6,-0.4999999999999997,-0.8660254037844388,116.96153846153847,16.0,48.0,peak
1927-08-01,89.6,-0.8660254037844385,-0.5000000000000004,115.91538461538461,16.0,49.0,peak
1927-09-01,114.1,-1.0,-1.8369701987210294e-16,114.93846153846154,16.0,50.0,peak
1927-10-01,105.2,-0.8660254037844386,0.5000000000000001,116.33846153846153,16.0,51.0,peak
1927-11-01,112.1,-0.5000000000000004,0.8660254037844384,114.22307692307692,16.0,52.0,peak
1927-12-01,75.3,-2.4492935982947064e-16,1.0,115.80000000000001,16.0,53.0,peak
1928-01-01,139.2,0.4999999999999999,0.8660254037844387,120.7923076923077,16.0,54.0,peak
1928-02-01,122.4,0.8660254037844386,0.5000000000000001,124.48461538461538,16.0,55.0,peak
1928-03-01,142.4,1.0,6.123233995736766e-17,129.1,16.0,56.0,peak
1928-04-01,134.3,0.8660254037844387,-0.4999999999999998,128.19230769230768,16.0,57.0,peak
1928-05-01,128.3,0.4999999999999999,-0.8660254037844387,126.55384615384615,16.0,58.0,peak
1928-06-01,152.4,1.2246467991473532e-16,-1.0,125.49230769230768,16.0,59.0,peak
1928-07-01,163.4,-0.4999999999999997,-0.8660254037844388,128.53076923076924,16.0,60.0,peak
1928-08-01,139.6,-0.8660254037844385,-0.5000000000000004,125.87692307692306,16.0,61.0,peak
1928-09-01,149.6,-1.0,-1.8369701987210294e-16,122.90769230769232,16.0,62.0,peak
1928-10-01,102.3,-0.8660254037844386,0.5000000000000001,118.71538461538461,16.0,63.0,peak
1928-11-01,83.9,-0.5000000000000004,0.8660254037844384,115.84615384615384,16.0,64.0,peak
1928-12-01,98.3,-2.4492935982947064e-16,1.0,115.20000000000002,16.0,65.0,peak
1929-01-01,114.8,0.4999999999999999,0.8660254037844387,112.48461538461538,16.0,66.0,peak
1929-02-01,104.7,0.8660254037844386,0.5000000000000001,108.34615384615384,16.0,67.0,peak
1929-03-01,83.8,1.0,6.123233995736766e-17,102.01538461538462,16.0,68.0,peak
1929-04-01,87.9,0.8660254037844387,-0.4999999999999998,97.43846153846154,16.0,69.0,peak
1929-05-01,97.0,0.4999999999999999,-0.8660254037844387,99.96153846153847,16.0,70.0,peak
1929-06-01,119.9,1.2246467991473532e-16,-1.0,107.34615384615384,16.0,71.0,peak
1929-07-01,117.1,-0.4999999999999997,-0.8660254037844388,108.15384615384616,16.0,72.0,peak
1929-08-01,109.6,-0.8660254037844385,-0.5000000000000004,105.71538461538461,16.0,73.0,peak
1929-09-01,57.3,-1.0,-1.8369701987210294e-16,102.15384615384616,16.0,74.0,peak
1929-10-01,90.1,-0.8660254037844386,0.5000000000000001,100.6076923076923,16.0,75.0,peak
1929-11-01,135.1,-0.5000000000000004,0.8660254037844384,98.56923076923077,16.0,76.0,decline
1929-12-01,179.9,-2.4492935982947064e-16,1.0,94.80000000000001,16.0,77.0,decline
1930-01-01,108.8,0.4999999999999999,0.8660254037844387,88.38461538461539,16.0,78.0,decline
1930-02-01,83.1,0.8660254037844386,0.5000000000000001,82.56923076923077,16.0,79.0,decline
1930-03-01,58.4,1.0,6.123233995736766e-17,78.25384615384615,16.0,80.0,decline
1930-04-01,63.7,0.8660254037844387,-0.4999999999999998,78.24615384615385,16.0,81.0,decline
1930-05-01,61.4,0.4999999999999999,-0.8660254037844387,75.88461538461539,16.0,82.0,decline
1930-06-01,48.0,1.2246467991473532e-16,-1.0,68.8,16.0,83.0,decline
1930-07-01,36.5,-0.4999999999999997,-0.8660254037844388,56.83846153846154,16.0,84.0,decline
1930-08-01,41.5,-0.8660254037844385,-0.5000000000000004,53.99230769230769,16.0,85.0,decline
1930-09-01,53.5,-1.0,-1.8369701987210294e-16,51.45384615384616,16.0,86.0,decline
1930-10-01,57.2,-0.8660254037844386,0.5000000000000001,50.96153846153846,16.0,87.0,decline
1930-11-01,59.4,-0.5000000000000004,0.8660254037844384,49.2,16.0,88.0,decline
1930-12-01,43.0,-2.4492935982947064e-16,1.0,46.43846153846154,16.0,89.0,decline
1931-01-01,24.4,0.4999999999999999,0.8660254037844387,44.97692307692308,16.0,90.0,decline
1931-02-01,71.8,0.8660254037844386,0.5000000000000001,43.830769230769235,16.0,91.0,decline
1931-03-01,50.1,1.0,6.123233995736766e-17,43.07692307692308,16.0,92.0,decline
1931-04-01,52.0,0.8660254037844387,-0.4999999999999998,40.23846153846154,16.0,93.0,decline
1931-05-01,40.8,0.4999999999999999,-0.8660254037844387,38.23846153846154,16.0,94.0,decline
1931-06-01,25.5,1.2246467991473532e-16,-1.0,35.95384615384616,16.0,95.0,decline
1931-07-01,29.0,-0.4999999999999997,-0.8660254037844388,34.19230769230769,16.0,96.0,decline
1931-08-01,21.6,-0.8660254037844385,-0.5000000000000004,33.669230769230765,16.0,97.0,decline
1931-09-01,31.7,-1.0,-1.8369701987210294e-16,29.592307692307692,16.0,98.0,decline
1931-10-01,16.6,-0.8660254037844386,0.5000000000000001,27.176923076923078,16.0,99.0,decline
1931-11-01,31.2,-0.5000000000000004,0.8660254037844384,25.46153846153846,16.0,100.0,decline
1931-12-01,29.7,-2.4492935982947064e-16,1.0,25.161538461538463,16.0,101.0,trough
1932-01-01,20.1,0.4999999999999999,0.8660254037844387,24.430769230769233,16.0,102.0,trough
1932-02-01,17.6,0.8660254037844386,0.5000000000000001,23.069230769230767,16.0,103.0,trough
1932-03-01,18.8,1.0,6.123233995736766e-17,21.915384615384614,16.0,104.0,trough
1932-04-01,18.7,0.8660254037844387,-0.4999999999999998,20.615384615384617,16.0,105.0,trough
1932-05-01,29.7,0.4999999999999999,-0.8660254037844387,20.39230769230769,16.0,106.0,trough
1932-06-01,36.9,1.2246467991473532e-16,-1.0,19.415384615384617,16.0,107.0,trough
1932-07-01,16.0,-0.4999999999999997,-0.8660254037844388,18.700000000000003,16.0,108.0,trough
1932-08-01,11.3,-0.8660254037844385,-0.5000000000000004,19.99230769230769,16.0,109.0,trough
1932-09-01,6.6,-1.0,-1.8369701987210294e-16,19.93076923076923,16.0,110.0,trough
1932-10-01,14.8,-0.8660254037844386,0.5000000000000001,18.861538461538462,16.0,111.0,trough
1932-11-01,13.7,-0.5000000000000004,0.8660254037844384,17.830769230769228,16.0,112.0,trough
1932-12-01,18.5,-2.4492935982947064e-16,1.0,16.215384615384615,16.0,113.0,trough
1933-01-01,20.4,0.4999999999999999,0.8660254037844387,13.738461538461538,16.0,114.0,trough
1933-02-01,36.9,0.8660254037844386,0.5000000000000001,12.538461538461538,16.0,115.0,trough
1933-03-01,16.8,1.0,6.123233995736766e-17,12.323076923076922,16.0,116.0,trough
1933-04-01,4.9,0.8660254037844387,-0.4999999999999998,12.2,16.0,117.0,trough
1933-05-01,5.3,0.4999999999999999,-0.8660254037844387,11.13846153846154,16.0,118.0,trough
1933-06-01,8.7,1.2246467991473532e-16,-1.0,10.115384615384615,16.0,119.0,trough
1933-07-01,4.7,-0.4999999999999997,-0.8660254037844388,9.13076923076923,16.0,120.0,trough
1933-08-01,0.4,-0.8660254037844385,-0.5000000000000004,8.553846153846154,16.0,121.0,trough
1933-09-01,8.5,-1.0,-1.8369701987210294e-16,6.26923076923077,17.0,0.0,rise
1933-10-01,5.0,-0.8660254037844386,0.5000000000000001,6.423076923076923,17.0,1.0,rise
1933-11-01,1.0,-0.5000000000000004,0.8660254037844384,8.576923076923077,17.0,2.0,rise
1933-12-01,0.4,-2.4492935982947064e-16,1.0,9.03076923076923,17.0,3.0,rise
1934-01-01,5.7,0.4999999999999999,0.8660254037844387,9.538461538461538,17.0,4.0,rise
1934-02-01,12.9,0.8660254037844386,0.5000000000000001,10.246153846153845,17.0,5.0,rise
1934-03-01,7.2,1.0,6.123233995736766e-17,10.73076923076923,17.0,6.0,rise
1934-04-01,18.8,0.8660254037844387,-0.4999999999999998,10.807692307692308,17.0,7.0,rise
1934-05-01,32.9,0.4999999999999999,-0.8660254037844387,11.538461538461538,17.0,8.0,rise
1934-06-01,11.2,1.2246467991473532e-16,-1.0,13.438461538461537,17.0,9.0,rise
1934-07-01,15.3,-0.4999999999999997,-0.8660254037844388,15.799999999999999,17.0,10.0,rise
1934-08-01,13.9,-0.8660254037844385,-0.5000000000000004,17.984615384615385,17.0,11.0,rise
1934-09-01,6.7,-1.0,-1.8369701987210294e-16,19.95384615384615,17.0,12.0,rise
1934-10-01,9.5,-0.8660254037844386,0.5000000000000001,20.96923076923077,17.0,13.0,rise
1934-11-01,14.5,-0.5000000000000004,0.8660254037844384,23.015384615384615,17.0,14.0,rise
1934-12-01,25.7,-2.4492935982947064e-16,1.0,26.346153846153847,17.0,15.0,rise
1935-01-01,31.1,0.4999999999999999,0.8660254037844387,29.83076923076923,17.0,16.0,rise
1935-02-01,34.1,0.8660254037844386,0.5000000000000001,32.51538461538462,17.0,17.0,rise
1935-03-01,38.5,1.0,6.123233995736766e-17,36.83846153846154,17.0,18.0,rise
1935-04-01,20.4,0.8660254037844387,-0.4999999999999998,43.146153846153844,17.0,19.0,rise
1935-05-01,45.4,0.4999999999999999,-0.8660254037844387,50.646153846153844,17.0,20.0,rise
1935-06-01,76.2,1.2246467991473532e-16,-1.0,57.41538461538461,17.0,21.0,rise
1935-07-01,56.5,-0.4999999999999997,-0.8660254037844388,63.49230769230769,17.0,22.0,rise
1935-08-01,50.2,-0.8660254037844385,-0.5000000000000004,70.63076923076923,17.0,23.0,rise
1935-09-01,70.1,-1.0,-1.8369701987210294e-16,77.88461538461539,17.0,24.0,rise
1935-10-01,88.7,-0.8660254037844386,0.5000000000000001,84.52307692307691,17.0,25.0,rise
1935-11-01,107.0,-0.5000000000000004,0.8660254037844384,89.94615384615385,17.0,26.0,rise
1935-12-01,102.5,-2.4492935982947064e-16,1.0,95.43076923076924,17.0,27.0,rise
1936-01-01,104.7,0.4999999999999999,0.8660254037844387,96.27692307692308,17.0,28.0,peak
1936-02-01,123.9,0.8660254037844386,0.5000000000000001,103.08461538461538,17.0,29.0,peak
1936-03-01,128.4,1.0,6.123233995736766e-17,108.96923076923076,17.0,30.0,peak
1936-04-01,124.8,0.8660254037844387,-0.4999999999999998,114.97692307692309,17.0,31.0,peak
1936-05-01,90.9,0.4999999999999999,-0.8660254037844387,122.94615384615385,17.0,32.0,peak
1936-06-01,116.7,1.2246467991473532e-16,-1.0,130.53076923076924,17.0,33.0,peak
1936-07-01,87.2,-0.4999999999999997,-0.8660254037844388,139.63846153846154,17.0,34.0,peak
1936-08-01,145.0,-0.8660254037844385,-0.5000000000000004,148.05384615384617,17.0,35.0,peak
1936-09-01,126.7,-1.0,-1.8369701987210294e-16,149.26923076923077,17.0,36.0,peak
1936-10-01,148.2,-0.8660254037844386,0.5000000000000001,153.40769230769232,17.0,37.0,peak
1936-11-01,192.3,-0.5000000000000004,0.8660254037844384,158.76153846153846,17.0,38.0,peak
1936-12-01,205.6,-2.4492935982947064e-16,1.0,168.46923076923076,17.0,39.0,peak
1937-01-01,220.9,0.4999999999999999,0.8660254037844387,178.0923076923077,17.0,40.0,peak
1937-02-01,214.1,0.8660254037844386,0.5000000000000001,189.03846153846155,17.0,41.0,peak
1937-03-01,139.7,1.0,6.123233995736766e-17,190.79999999999998,17.0,42.0,peak
1937-04-01,182.2,0.8660254037844387,-0.4999999999999998,197.06923076923078,17.0,43.0,peak
1937-05-01,194.4,0.4999999999999999,-0.8660254037844387,195.2,17.0,44.0,peak
1937-06-01,217.1,1.2246467991473532e-16,-1.0,191.78461538461536,17.0,45.0,peak
1937-07-01,241.8,-0.4999999999999997,-0.8660254037844388,188.5846153846154,17.0,46.0,peak
1937-08-01,229.5,-0.8660254037844385,-0.5000000000000004,186.8692307692308,17.0,47.0,peak
1937-09-01,167.9,-1.0,-1.8369701987210294e-16,181.4923076923077,17.0,48.0,peak
1937-10-01,208.2,-0.8660254037844386,0.5000000000000001,183.7,17.0,49.0,peak
1937-11-01,123.9,-0.5000000000000004,0.8660254037844384,186.0153846153846,17.0,50.0,peak
1937-12-01,147.9,-2.4492935982947064e-16,1.0,183.56923076923078,17.0,51.0,peak
1938-01-01,164.0,0.4999999999999999,0.8660254037844387,188.06923076923078,17.0,52.0,peak
1938-02-01,198.6,0.8660254037844386,0.5000000000000001,184.3,17.0,53.0,peak
1938-03-01,144.2,1.0,6.123233995736766e-17,178.1307692307692,17.0,54.0,peak
1938-04-01,168.4,0.8660254037844387,-0.4999999999999998,177.93076923076927,17.0,55.0,peak
1938-05-01,212.3,0.4999999999999999,-0.8660254037844387,177.57692307692307,17.0,56.0,peak
1938-06-01,162.6,1.2246467991473532e-16,-1.0,179.94615384615383,17.0,57.0,peak
1938-07-01,275.6,-0.4999999999999997,-0.8660254037844388,178.86923076923074,17.0,58.0,peak
1938-08-01,192.8,-0.8660254037844385,-0.5000000000000004,176.1769230769231,17.0,59.0,decline
1938-09-01,149.3,-1.0,-1.8369701987210294e-16,169.19230769230768,17.0,60.0,decline
1938-10-01,165.3,-0.8660254037844386,0.5000000000000001,172.0923076923077,17.0,61.0,decline
1938-11-01,203.6,-0.5000000000000004,0.8660254037844384,174.3153846153846,17.0,62.0,decline
1938-12-01,154.7,-2.4492935982947064e-16,1.0,170.93076923076927,17.0,63.0,decline
1939-01-01,133.9,0.4999999999999999,0.8660254037844387,170.93076923076922,17.0,64.0,decline
1939-02-01,129.0,0.8660254037844386,0.5000000000000001,163.2923076923077,17.0,65.0,decline
1939-03-01,107.8,1.0,6.123233995736766e-17,162.90000000000003,17.0,66.0,decline
1939-04-01,181.9,0.8660254037844387,-0.4999999999999998,162.7153846153846,17.0,67.0,decline
1939-05-01,197.3,0.4999999999999999,-0.8660254037844387,158.74615384615385,17.0,68.0,decline
1939-06-01,168.3,1.2246467991473532e-16,-1.0,148.48461538461538,17.0,69.0,decline
1939-07-01,162.6,-0.4999999999999997,-0.8660254037844388,143.05384615384617,17.0,70.0,decline
1939-08-01,176.3,-0.8660254037844385,-0.5000000000000004,140.37692307692308,17.0,71.0,decline
1939-09-01,187.7,-1.0,-1.8369701987210294e-16,141.13846153846154,17.0,72.0,decline
1939-10-01,146.9,-0.8660254037844386,0.5000000000000001,140.62307692307692,17.0,73.0,decline
1939-11-01,113.7,-0.5000000000000004,0.8660254037844384,133.60000000000002,17.0,74.0,decline
1939-12-01,70.2,-2.4492935982947064e-16,1.0,129.17692307692306,17.0,75.0,decline
1940-01-01,84.1,0.4999999999999999,0.8660254037844387,124.88461538461539,17.0,76.0,decline
1940-02-01,99.1,0.8660254037844386,0.5000000000000001,125.9076923076923,17.0,77.0,decline
1940-03-01,138.9,1.0,6.123233995736766e-17,120.86923076923078,17.0,78.0,decline
1940-04-01,101.1,0.8660254037844387,-0.4999999999999998,113.46923076923078,17.0,79.0,decline
1940-05-01,90.6,0.4999999999999999,-0.8660254037844387,109.66153846153846,17.0,80.0,decline
1940-06-01,139.8,1.2246467991473532e-16,-1.0,109.66923076923075,17.0,81.0,decline
1940-07-01,112.5,-0.4999999999999997,-0.8660254037844388,110.12307692307694,17.0,82.0,decline
1940-08-01,175.9,-0.8660254037844385,-0.5000000000000004,109.36923076923077,17.0,83.0,decline
1940-09-01,110.8,-1.0,-1.8369701987210294e-16,107.70769230769231,17.0,84.0,decline
1940-10-01,91.5,-0.8660254037844386,0.5000000000000001,101.22307692307692,17.0,85.0,decline
1940-11-01,97.4,-0.5000000000000004,0.8660254037844384,97.21538461538461,17.0,86.0,decline
1940-12-01,113.8,-2.4492935982947064e-16,1.0,97.9076923076923,17.0,87.0,decline
1941-01-01,76.1,0.4999999999999999,0.8660254037844387,95.72307692307692,17.0,88.0,decline
1941-02-01,74.3,0.8660254037844386,0.5000000000000001,94.76923076923077,17.0,89.0,decline
1941-03-01,77.5,1.0,6.123233995736766e-17,89.6846153846154,17.0,90.0,decline
1941-04-01,54.6,0.8660254037844387,-0.4999999999999998,87.1,17.0,91.0,decline
1941-05-01,49.0,0.4999999999999999,-0.8660254037844387,84.98461538461538,17.0,92.0,decline
1941-06-01,99.6,1.2246467991473532e-16,-1.0,81.81538461538463,17.0,93.0,decline
1941-07-01,111.4,-0.4999999999999997,-0.8660254037844388,77.63846153846154,17.0,94.0,decline
1941-08-01,100.1,-0.8660254037844385,-0.5000000000000004,78.54615384615384,17.0,95.0,decline
1941-09-01,109.8,-1.0,-1.8369701987210294e-16,79.78461538461539,17.0,96.0,decline
1941-10-01,77.2,-0.8660254037844386,0.5000000000000001,81.60769230769232,17.0,97.0,decline
1941-11-01,64.0,-0.5000000000000004,0.8660254037844384,80.62307692307692,17.0,98.0,decline
1941-12-01,56.2,-2.4492935982947064e-16,1.0,78.3076923076923,17.0,99.0,decline
1942-01-01,59.5,0.4999999999999999,0.8660254037844387,72.92307692307693,17.0,100.0,decline
1942-02-01,87.9,0.8660254037844386,0.5000000000000001,66.94615384615385,17.0,101.0,decline
1942-03-01,90.4,1.0,6.123233995736766e-17,61.45384615384616,17.0,102.0,decline
1942-04-01,101.2,0.8660254037844387,-0.4999999999999998,55.46923076923077,17.0,103.0,decline
1942-05-01,41.8,0.4999999999999999,-0.8660254037844387,53.47692307692308,17.0,104.0,trough
1942-06-01,18.9,1.2246467991473532e-16,-1.0,51.44615384615385,17.0,105.0,trough
1942-07-01,29.6,-0.4999999999999997,-0.8660254037844388,48.71538461538462,17.0,106.0,trough
1942-08-01,33.7,-0.8660254037844385,-0.5000000000000004,47.838461538461544,17.0,107.0,trough
1942-09-01,28.7,-1.0,-1.8369701987210294e-16,44.5923076923077,17.0,108.0,trough
1942-10-01,32.0,-0.8660254037844386,0.5000000000000001,40.98461538461539,17.0,109.0,trough
1942-11-01,51.3,-0.5000000000000004,0.8660254037844384,35.01538461538461,17.0,110.0,trough
1942-12-01,37.6,-2.4492935982947064e-16,1.0,32.776923076923076,17.0,111.0,trough
1943-01-01,20.7,0.4999999999999999,0.8660254037844387,33.01538461538461,17.0,112.0,trough
1943-02-01,48.1,0.8660254037844386,0.5000000000000001,33.223076923076924,17.0,113.0,trough
1943-03-01,45.7,1.0,6.123233995736766e-17,31.915384615384617,17.0,114.0,trough
1943-04-01,43.5,0.8660254037844387,-0.4999999999999998,30.707692307692305,17.0,115.0,trough
1943-05-01,23.6,0.4999999999999999,-0.8660254037844387,29.553846153846152,17.0,116.0,trough
1943-06-01,12.7,1.2246467991473532e-16,-1.0,28.02307692307692,17.0,117.0,trough
1943-07-01,22.0,-0.4999999999999997,-0.8660254037844388,25.6,17.0,118.0,trough
1943-08-01,32.3,-0.8660254037844385,-0.5000000000000004,24.06923076923077,17.0,119.0,trough
1943-09-01,16.7,-1.0,-1.8369701987210294e-16,21.77692307692308,17.0,120.0,trough
1943-10-01,13.0,-0.8660254037844386,0.5000000000000001,18.292307692307695,17.0,121.0,trough
1943-11-01,17.0,-0.5000000000000004,0.8660254037844384,15.261538461538462,17.0,122.0,trough
1943-12-01,31.4,-2.4492935982947064e-16,1.0,14.076923076923075,17.0,123.0,trough
1944-01-01,6.1,0.4999999999999999,0.8660254037844387,13.753846153846153,17.0,124.0,trough
1944-02-01,0.8,0.8660254037844386,0.5000000000000001,14.207692307692307,17.0,125.0,trough
1944-03-01,18.3,1.0,6.123233995736766e-17,13.546153846153844,18.0,0.0,rise
1944-04-01,0.4,0.8660254037844387,-0.4999999999999998,14.423076923076923,18.0,1.0,rise
1944-05-01,4.1,0.4999999999999999,-0.8660254037844387,14.799999999999999,18.0,2.0,rise
1944-06-01,8.2,1.2246467991473532e-16,-1.0,17.138461538461538,18.0,3.0,rise
1944-07-01,8.5,-0.4999999999999997,-0.8660254037844388,17.092307692307692,18.0,4.0,rise
1944-08-01,27.9,-0.8660254037844385,-0.5000000000000004,18.25384615384615,18.0,5.0,rise
1944-09-01,23.7,-1.0,-1.8369701987210294e-16,20.95384615384615,18.0,6.0,rise
1944-10-01,28.1,-0.8660254037844386,0.5000000000000001,23.653846153846153,18.0,7.0,rise
1944-11-01,17.9,-0.5000000000000004,0.8660254037844384,27.54615384615385,18.0,8.0,rise
1944-12-01,47.4,-2.4492935982947064e-16,1.0,31.861538461538462,18.0,9.0,rise
1945-01-01,30.8,0.4999999999999999,0.8660254037844387,36.69230769230769,18.0,10.0,rise
1945-02-01,21.2,0.8660254037844386,0.5000000000000001,39.353846153846156,18.0,11.0,rise
1945-03-01,35.9,1.0,6.123233995736766e-17,41.676923076923075,18.0,12.0,rise
1945-04-01,53.4,0.8660254037844387,-0.4999999999999998,48.66153846153846,18.0,13.0,rise
1945-05-01,51.0,0.4999999999999999,-0.8660254037844387,52.392307692307696,18.0,14.0,rise
1945-06-01,60.2,1.2246467991473532e-16,-1.0,54.53076923076924,18.0,15.0,rise
1945-07-01,71.0,-0.4999999999999997,-0.8660254037844388,56.98461538461538,18.0,16.0,rise
1945-08-01,43.1,-0.8660254037844385,-0.5000000000000004,65.67692307692307,18.0,17.0,rise
1945-09-01,58.1,-1.0,-1.8369701987210294e-16,73.86923076923077,18.0,18.0,rise
1945-10-01,114.5,-0.8660254037844386,0.5000000000000001,80.8076923076923,18.0,19.0,rise
1945-11-01,76.6,-0.5000000000000004,0.8660254037844384,87.5923076923077,18.0,20.0,rise
1945-12-01,45.7,-2.4492935982947064e-16,1.0,93.1,18.0,21.0,rise
1946-01-01,79.3,0.4999999999999999,0.8660254037844387,103.36923076923077,18.0,22.0,rise
1946-02-01,143.8,0.8660254037844386,0.5000000000000001,111.65384615384616,18.0,23.0,rise
1946-03-01,127.7,1.0,6.123233995736766e-17,120.44615384615385,18.0,24.0,rise
1946-04-01,126.1,0.8660254037844387,-0.4999999999999998,129.09230769230768,18.0,25.0,peak
1946-05-01,141.6,0.4999999999999999,-0.8660254037844387,136.15384615384616,18.0,26.0,peak
1946-06-01,122.6,1.2246467991473532e-16,-1.0,145.86923076923077,18.0,27.0,peak
1946-07-01,193.7,-0.4999999999999997,-0.8660254037844388,154.94615384615383,18.0,28.0,peak
1946-08-01,178.7,-0.8660254037844385,-0.5000000000000004,163.37692307692308,18.0,29.0,peak
1946-09-01,157.4,-1.0,-1.8369701987210294e-16,166.45384615384617,18.0,30.0,peak
1946-10-01,170.5,-0.8660254037844386,0.5000000000000001,172.94615384615386,18.0,31.0,peak
1946-11-01,206.3,-0.5000000000000004,0.8660254037844384,185.16923076923075,18.0,32.0,peak
1946-12-01,202.9,-2.4492935982947064e-16,1.0,192.13076923076926,18.0,33.0,peak
1947-01-01,163.7,0.4999999999999999,0.8660254037844387,199.8923076923077,18.0,34.0,peak
1947-02-01,188.9,0.8660254037844386,0.5000000000000001,205.56153846153848,18.0,35.0,peak
1947-03-01,183.8,1.0,6.123233995736766e-17,210.26923076923077,18.0,36.0,peak
1947-04-01,212.1,0.8660254037844387,-0.4999999999999998,215.9846153846154,18.0,37.0,peak
1947-05-01,285.0,0.4999999999999999,-0.8660254037844387,216.8153846153846,18.0,38.0,peak
1947-06-01,232.1,1.2246467991473532e-16,-1.0,213.6307692307692,18.0,39.0,peak
1947-07-01,223.5,-0.4999999999999997,-0.8660254037844388,209.8384615384615,18.0,40.0,peak
1947-08-01,267.4,-0.8660254037844385,-0.5000000000000004,206.6307692307692,18.0,41.0,peak
1947-09-01,239.9,-1.0,-1.8369701987210294e-16,202.43076923076922,18.0,42.0,peak
1947-10-01,231.7,-0.8660254037844386,0.5000000000000001,208.94615384615386,18.0,43.0,peak
1947-11-01,181.3,-0.5000000000000004,0.8660254037844384,211.58461538461538,18.0,44.0,peak
1947-12-01,164.9,-2.4492935982947064e-16,1.0,207.93076923076927,18.0,45.0,peak
1948-01-01,153.6,0.4999999999999999,0.8660254037844387,205.56923076923078,18.0,46.0,peak
1948-02-01,122.0,0.8660254037844386,0.5000000000000001,205.58461538461538,18.0,47.0,peak
1948-03-01,134.3,1.0,6.123233995736766e-17,200.62307692307692,18.0,48.0,peak
1948-04-01,268.5,0.8660254037844387,-0.4999999999999998,197.00769230769234,18.0,49.0,peak
1948-05-01,246.4,0.4999999999999999,-0.8660254037844387,189.6153846153846,18.0,50.0,peak
1948-06-01,237.5,1.2246467991473532e-16,-1.0,190.69230769230768,18.0,51.0,peak
1948-07-01,201.4,-0.4999999999999997,-0.8660254037844388,190.9769230769231,18.0,52.0,decline
1948-08-01,223.7,-0.8660254037844385,-0.5000000000000004,199.00769230769234,18.0,53.0,decline
1948-09-01,202.9,-1.0,-1.8369701987210294e-16,206.7769230769231,18.0,54.0,decline
1948-10-01,192.9,-0.8660254037844386,0.5000000000000001,212.45384615384617,18.0,55.0,decline
1948-11-01,135.6,-0.5000000000000004,0.8660254037844384,203.3692307692308,18.0,56.0,decline
1948-12-01,195.3,-2.4492935982947064e-16,1.0,197.67692307692306,18.0,57.0,decline
1949-01-01,168.6,0.4999999999999999,0.8660254037844387,193.12307692307692,18.0,58.0,decline
1949-02-01,258.0,0.8660254037844386,0.5000000000000001,191.1153846153846,18.0,59.0,decline
1949-03-01,223.0,1.0,6.123233995736766e-17,189.73846153846154,18.0,60.0,decline
1949-04-01,208.1,0.8660254037844387,-0.4999999999999998,188.46153846153845,18.0,61.0,decline
1949-05-01,150.4,0.4999999999999999,-0.8660254037844387,189.25384615384613,18.0,62.0,decline
1949-06-01,172.4,1.2246467991473532e-16,-1.0,191.63846153846154,18.0,63.0,decline
1949-07-01,178.3,-0.4999999999999997,-0.8660254037844388,187.6846153846154,18.0,64.0,decline
1949-08-01,175.3,-0.8660254037844385,-0.5000000000000004,185.04615384615383,18.0,65.0,decline
1949-09-01,205.8,-1.0,-1.8369701987210294e-16,177.15384615384616,18.0,66.0,decline
1949-10-01,186.3,-0.8660254037844386,0.5000000000000001,172.35384615384615,18.0,67.0,decline
1949-11-01,203.2,-0.5000000000000004,0.8660254037844384,167.92307692307693,18.0,68.0,decline
1949-12-01,166.6,-2.4492935982947064e-16,1.0,165.45384615384617,18.0,69.0,decline
1950-01-01,143.9,0.4999999999999999,0.8660254037844387,162.1076923076923,18.0,70.0,decline
1950-02-01,134.3,0.8660254037844386,0.5000000000000001,157.66923076923078,18.0,71.0,decline
1950-03-01,155.4,1.0,6.123233995736766e-17,149.77692307692308,18.0,72.0,decline
1950-04-01,160.6,0.8660254037844387,-0.4999999999999998,140.63846153846154,18.0,73.0,decline
1950-05-01,150.5,0.4999999999999999,-0.8660254037844387,132.2846153846154,18.0,74.0,decline
1950-06-01,118.3,1.2246467991473532e-16,-1.0,122.55384615384615,18.0,75.0,decline
1950-07-01,128.9,-0.4999999999999997,-0.8660254037844388,116.27692307692308,18.0,76.0,decline
1950-08-01,120.6,-0.8660254037844385,-0.5000000000000004,111.73076923076923,18.0,77.0,decline
1950-09-01,72.7,-1.0,-1.8369701987210294e-16,107.5,18.0,78.0,decline
1950-10-01,87.0,-0.8660254037844386,0.5000000000000001,105.67692307692307,18.0,79.0,decline
1950-11-01,77.7,-0.5000000000000004,0.8660254037844384,105.14615384615385,18.0,80.0,decline
1950-12-01,76.7,-2.4492935982947064e-16,1.0,104.52307692307691,18.0,81.0,decline
1951-01-01,85.0,0.4999999999999999,0.8660254037844387,102.13076923076923,18.0,82.0,decline
1951-02-01,84.8,0.8660254037844386,0.5000000000000001,98.86923076923077,18.0,83.0,decline
1951-03-01,79.3,1.0,6.123233995736766e-17,98.64615384615385,18.0,84.0,decline
1951-04-01,131.7,0.8660254037844387,-0.4999999999999998,98.6923076923077,18.0,85.0,decline
1951-05-01,153.7,0.4999999999999999,-0.8660254037844387,97.70769230769231,18.0,86.0,decline
1951-06-01,142.4,1.2246467991473532e-16,-1.0,96.73076923076923,18.0,87.0,decline
1951-07-01,87.2,-0.4999999999999997,-0.8660254037844388,95.28461538461536,18.0,88.0,decline
1951-08-01,86.5,-0.8660254037844385,-0.5000000000000004,91.23846153846154,18.0,89.0,decline
1951-09-01,117.7,-1.0,-1.8369701987210294e-16,87.13846153846154,18.0,90.0,decline
1951-10-01,73.3,-0.8660254037844386,0.5000000000000001,84.24615384615385,18.0,91.0,decline
1951-11-01,74.2,-0.5000000000000004,0.8660254037844384,76.69999999999999,18.0,92.0,decline
1951-12-01,65.0,-2.4492935982947064e-16,1.0,68.87692307692308,18.0,93.0,decline
1952-01-01,57.9,0.4999999999999999,0.8660254037844387,62.23846153846154,18.0,94.0,decline
1952-02-01,32.4,0.8660254037844386,0.5000000000000001,61.51538461538462,18.0,95.0,decline
1952-03-01,31.5,1.0,6.123233995736766e-17,57.96923076923077,18.0,96.0,decline
1952-04-01,41.7,0.8660254037844387,-0.4999999999999998,51.54615384615385,18.0,97.0,decline
1952-05-01,33.6,0.4999999999999999,-0.8660254037844387,48.353846153846156,18.0,98.0,decline
1952-06-01,52.0,1.2246467991473532e-16,-1.0,46.407692307692315,18.0,99.0,decline
1952-07-01,56.1,-0.4999999999999997,-0.8660254037844388,44.32307692307692,18.0,100.0,trough
1952-08-01,77.8,-0.8660254037844385,-0.5000000000000004,40.32307692307692,18.0,101.0,trough
1952-09-01,40.4,-1.0,-1.8369701987210294e-16,38.96153846153846,18.0,102.0,trough
1952-10-01,34.2,-0.8660254037844386,0.5000000000000001,39.58461538461539,18.0,103.0,trough
1952-11-01,31.8,-0.5000000000000004,0.8660254037844384,37.784615384615385,18.0,104.0,trough
1952-12-01,48.9,-2.4492935982947064e-16,1.0,37.62307692307692,18.0,105.0,trough
1953-01-01,37.9,0.4999999999999999,0.8660254037844387,34.599999999999994,18.0,106.0,trough
1953-02-01,5.9,0.8660254037844386,0.5000000000000001,32.86923076923077,18.0,107.0,trough
1953-03-01,14.7,1.0,6.123233995736766e-17,29.03846153846154,18.0,108.0,trough
1953-04-01,39.6,0.8660254037844387,-0.4999999999999998,26.87692307692308,18.0,109.0,trough
1953-05-01,18.3,0.4999999999999999,-0.8660254037844387,24.43846153846154,18.0,110.0,trough
1953-06-01,31.5,1.2246467991473532e-16,-1.0,22.292307692307695,18.0,111.0,trough
1953-07-01,12.7,-0.4999999999999997,-0.8660254037844388,18.56153846153846,18.0,112.0,trough
1953-08-01,33.6,-0.8660254037844385,-0.5000000000000004,15.707692307692309,18.0,113.0,trough
1953-09-01,28.0,-1.0,-1.8369701987210294e-16,16.46923076923077,18.0,114.0,trough
1953-10-01,12.3,-0.8660254037844386,0.5000000000000001,15.546153846153848,18.0,115.0,trough
1953-11-01,2.5,-0.5000000000000004,0.8660254037844384,12.592307692307692,18.0,116.0,trough
1953-12-01,3.9,-2.4492935982947064e-16,1.0,11.215384615384616,18.0,117.0,trough
1954-01-01,0.4,0.4999999999999999,0.8660254037844387,9.353846153846153,18.0,118.0,trough
1954-02-01,0.8,0.8660254037844386,0.5000000000000001,9.346153846153847,18.0,119.0,trough
1954-03-01,15.8,1.0,6.123233995736766e-17,6.938461538461539,18.0,120.0,trough
1954-04-01,2.7,0.8660254037844387,-0.4999999999999998,5.592307692307693,19.0,0.0,rise
1954-05-01,1.2,0.4999999999999999,-0.8660254037844387,5.676923076923076,19.0,1.0,rise
1954-06-01,0.4,1.2246467991473532e-16,-1.0,6.353846153846154,19.0,2.0,rise
1954-07-01,7.3,-0.4999999999999997,-0.8660254037844388,8.623076923076923,19.0,3.0,rise
1954-08-01,12.6,-0.8660254037844385,-0.5000000000000004,10.892307692307693,19.0,4.0,rise
1954-09-01,2.3,-1.0,-1.8369701987210294e-16,11.392307692307693,19.0,5.0,rise
1954-10-01,10.5,-0.8660254037844386,0.5000000000000001,11.43846153846154,19.0,6.0,rise
1954-11-01,13.4,-0.5000000000000004,0.8660254037844384,14.407692307692306,19.0,7.0,rise
1954-12-01,11.3,-2.4492935982947064e-16,1.0,17.792307692307695,19.0,8.0,rise
1955-01-01,33.4,0.4999999999999999,0.8660254037844387,20.700000000000003,19.0,9.0,rise
1955-02-01,29.9,0.8660254037844386,0.5000000000000001,24.599999999999998,19.0,10.0,rise
1955-03-01,7.3,1.0,6.123233995736766e-17,28.307692307692307,19.0,11.0,rise
1955-04-01,16.4,0.8660254037844387,-0.4999999999999998,34.51538461538461,19.0,12.0,rise
1955-05-01,41.3,0.4999999999999999,-0.8660254037844387,43.42307692307692,19.0,13.0,rise
1955-06-01,45.2,1.2246467991473532e-16,-1.0,50.76153846153846,19.0,14.0,rise
1955-07-01,38.2,-0.4999999999999997,-0.8660254037844388,57.89999999999999,19.0,15.0,rise
1955-08-01,58.0,-0.8660254037844385,-0.5000000000000004,68.83846153846153,19.0,16.0,rise
1955-09-01,60.8,-1.0,-1.8369701987210294e-16,79.43846153846154,19.0,17.0,rise
1955-10-01,83.0,-0.8660254037844386,0.5000000000000001,90.93076923076923,19.0,18.0,rise
1955-11-01,126.3,-0.5000000000000004,0.8660254037844384,104.54615384615384,19.0,19.0,rise
1955-12-01,108.8,-2.4492935982947064e-16,1.0,114.06923076923077,19.0,20.0,rise
1956-01-01,104.1,0.4999999999999999,0.8660254037844387,124.64615384615384,19.0,21.0,rise
1956-02-01,175.6,0.8660254037844386,0.5000000000000001,140.18461538461537,19.0,22.0,rise
1956-03-01,167.7,1.0,6.123233995736766e-17,154.6,19.0,23.0,rise
1956-04-01,156.7,0.8660254037844387,-0.4999999999999998,166.83846153846156,19.0,24.0,rise
1956-05-01,193.4,0.4999999999999999,-0.8660254037844387,182.37692307692308,19.0,25.0,rise
1956-06-01,165.1,1.2246467991473532e-16,-1.0,193.5846153846154,19.0,26.0,rise
1956-07-01,182.7,-0.4999999999999997,-0.8660254037844388,203.19230769230768,19.0,27.0,rise
1956-08-01,240.2,-0.8660254037844385,-0.5000000000000004,209.37692307692308,19.0,28.0,rise
1956-09-01,245.4,-1.0,-1.8369701987210294e-16,213.00769230769234,19.0,29.0,rise
1956-10-01,219.9,-0.8660254037844386,0.5000000000000001,219.1846153846154,19.0,30.0,rise
1956-11-01,285.0,-0.5000000000000004,0.8660254037844384,225.05384615384617,19.0,31.0,peak
1956-12-01,272.0,-2.4492935982947064e-16,1.0,232.04615384615383,19.0,32.0,peak
1957-01-01,233.7,0.4999999999999999,0.8660254037844387,239.73846153846156,19.0,33.0,peak
1957-02-01,184.5,0.8660254037844386,0.5000000000000001,242.8923076923077,19.0,34.0,peak
1957-03-01,222.8,1.0,6.123233995736766e-17,250.1076923076923,19.0,35.0,peak
1957-04-01,248.0,0.8660254037844387,-0.4999999999999998,258.8769230769231,19.0,36.0,peak
1957-05-01,233.0,0.4999999999999999,-0.8660254037844387,264.9307692307692,19.0,37.0,peak
1957-06-01,284.3,1.2246467991473532e-16,-1.0,269.0846153846154,19.0,38.0,peak
1957-07-01,265.1,-0.4999999999999997,-0.8660254037844388,270.2153846153846,19.0,39.0,peak
1957-08-01,223.7,-0.8660254037844385,-0.5000000000000004,270.2076923076923,19.0,40.0,peak
1957-09-01,334.0,-1.0,-1.8369701987210294e-16,276.7846153846154,19.0,41.0,peak
1957-10-01,359.4,-0.8660254037844386,0.5000000000000001,281.0,19.0,42.0,peak
1957-11-01,298.6,-0.5000000000000004,0.8660254037844384,281.0153846153846,19.0,43.0,peak
1957-12-01,339.0,-2.4492935982947064e-16,1.0,281.7769230769231,19.0,44.0,peak
1958-01-01,286.7,0.4999999999999999,0.8660254037844387,280.75384615384615,19.0,45.0,peak
1958-02-01,233.6,0.8660254037844386,0.5000000000000001,282.16923076923075,19.0,46.0,peak
1958-03-01,270.0,1.0,6.123233995736766e-17,286.89230769230767,19.0,47.0,peak
1958-04-01,277.6,0.8660254037844387,-0.4999999999999998,280.96153846153845,19.0,48.0,peak
1958-05-01,248.2,0.4999999999999999,-0.8660254037844387,269.9,19.0,49.0,peak
1958-06-01,242.9,1.2246467991473532e-16,-1.0,267.3692307692308,19.0,50.0,peak
1958-07-01,271.0,-0.4999999999999997,-0.8660254037844388,264.96153846153845,19.0,51.0,peak
1958-08-01,283.5,-0.8660254037844385,-0.5000000000000004,258.4923076923077,19.0,52.0,peak
1958-09-01,285.1,-1.0,-1.8369701987210294e-16,260.75384615384615,19.0,53.0,peak
1958-10-01,256.9,-0.8660254037844386,0.5000000000000001,257.7769230769231,19.0,54.0,peak
1958-11-01,215.6,-0.5000000000000004,0.8660254037844384,255.16153846153844,19.0,55.0,peak
1958-12-01,265.7,-2.4492935982947064e-16,1.0,254.44615384615386,19.0,56.0,peak
1959-01-01,307.7,0.4999999999999999,0.8660254037844387,252.06153846153845,19.0,57.0,peak
1959-02-01,202.6,0.8660254037844386,0.5000000000000001,252.95384615384617,19.0,58.0,peak
1959-03-01,263.0,1.0,6.123233995736766e-17,246.96153846153845,19.0,59.0,peak
1959-04-01,231.3,0.8660254037844387,-0.4999999999999998,237.16153846153844,19.0,60.0,peak
1959-05-01,243.6,0.4999999999999999,-0.8660254037844387,230.90769230769232,19.0,61.0,peak
1959-06-01,238.9,1.2246467991473532e-16,-1.0,227.94615384615386,19.0,62.0,peak
1959-07-01,211.9,-0.4999999999999997,-0.8660254037844388,223.44615384615386,19.0,63.0,peak
1959-08-01,282.6,-0.8660254037844385,-0.5000000000000004,211.30769230769232,19.0,64.0,decline
1959-09-01,205.6,-1.0,-1.8369701987210294e-16,206.84615384615384,19.0,65.0,decline
1959-10-01,157.7,-0.8660254037844386,0.5000000000000001,199.89999999999998,19.0,66.0,decline
1959-11-01,175.6,-0.5000000000000004,0.8660254037844384,195.1307692307692,19.0,67.0,decline
1959-12-01,177.1,-2.4492935982947064e-16,1.0,188.3923076923077,19.0,68.0,decline
1960-01-01,207.2,0.4999999999999999,0.8660254037844387,183.27692307692308,19.0,69.0,decline
1960-02-01,149.9,0.8660254037844386,0.5000000000000001,181.5923076923077,19.0,70.0,decline
1960-03-01,144.6,1.0,6.123233995736766e-17,173.7076923076923,19.0,71.0,decline
1960-04-01,172.7,0.8660254037844387,-0.4999999999999998,166.91538461538462,19.0,72.0,decline
1960-05-01,169.3,0.4999999999999999,-0.8660254037844387,164.54615384615383,19.0,73.0,decline
1960-06-01,156.0,1.2246467991473532e-16,-1.0,160.36153846153846,19.0,74.0,decline
1960-07-01,172.4,-0.4999999999999997,-0.8660254037844388,153.05384615384617,19.0,75.0,decline
1960-08-01,190.0,-0.8660254037844385,-0.5000000000000004,142.14615384615385,19.0,76.0,decline
1960-09-01,180.1,-1.0,-1.8369701987210294e-16,136.4,19.0,77.0,decline
1960-10-01,117.3,-0.8660254037844386,0.5000000000000001,131.96153846153845,19.0,78.0,decline
1960-11-01,126.9,-0.5000000000000004,0.8660254037844384,124.23846153846154,19.0,79.0,decline
1960-12-01,121.2,-2.4492935982947064e-16,1.0,119.63846153846154,19.0,80.0,decline
1961-01-01,82.1,0.4999999999999999,0.8660254037844387,115.27692307692308,19.0,81.0,decline
1961-02-01,65.4,0.8660254037844386,0.5000000000000001,108.1076923076923,19.0,82.0,decline
1961-03-01,75.2,1.0,6.123233995736766e-17,100.42307692307692,19.0,83.0,decline
1961-04-01,86.9,0.8660254037844387,-0.4999999999999998,90.70000000000002,19.0,84.0,decline
1961-05-01,72.3,0.4999999999999999,-0.8660254037844387,85.25384615384617,19.0,85.0,decline
1961-06-01,109.5,1.2246467991473532e-16,-1.0,79.86923076923077,19.0,86.0,decline
1961-07-01,99.3,-0.4999999999999997,-0.8660254037844388,74.78461538461538,19.0,87.0,decline
1961-08-01,79.2,-0.8660254037844385,-0.5000000000000004,73.9846153846154,19.0,88.0,decline
1961-09-01,90.1,-1.0,-1.8369701987210294e-16,73.94615384615385,19.0,89.0,decline
1961-10-01,53.7,-0.8660254037844386,0.5000000000000001,73.23076923076923,19.0,90.0,decline
1961-11-01,46.5,-0.5000000000000004,0.8660254037844384,71.3076923076923,19.0,91.0,decline
1961-12-01,56.9,-2.4492935982947064e-16,1.0,70.33076923076922,19.0,92.0,decline
1962-01-01,55.1,0.4999999999999999,0.8660254037844387,64.32307692307691,19.0,93.0,decline
1962-02-01,71.7,0.8660254037844386,0.5000000000000001,59.107692307692304,19.0,94.0,decline
1962-03-01,64.9,1.0,6.123233995736766e-17,58.607692307692304,19.0,95.0,decline
1962-04-01,65.9,0.8660254037844387,-0.4999999999999998,55.99230769230769,19.0,96.0,decline
1962-05-01,61.9,0.4999999999999999,-0.8660254037844387,54.84615384615385,19.0,97.0,decline
1962-06-01,59.6,1.2246467991473532e-16,-1.0,53.823076923076925,19.0,98.0,decline
1962-07-01,31.4,-0.4999999999999997,-0.8660254037844388,51.65384615384615,19.0,99.0,decline
1962-08-01,31.5,-0.8660254037844385,-0.5000000000000004,50.12307692307692,19.0,100.0,decline
1962-09-01,72.7,-1.0,-1.8369701987210294e-16,46.51538461538461,19.0,101.0,decline
1962-10-01,56.1,-0.8660254037844386,0.5000000000000001,44.73076923076923,19.0,102.0,decline
1962-11-01,38.8,-0.5000000000000004,0.8660254037844384,44.361538461538466,19.0,103.0,decline
1962-12-01,33.2,-2.4492935982947064e-16,1.0,43.53846153846154,19.0,104.0,trough
1963-01-01,28.7,0.4999999999999999,0.8660254037844387,41.16153846153846,19.0,105.0,trough
1963-02-01,35.2,0.8660254037844386,0.5000000000000001,42.400000000000006,19.0,106.0,trough
1963-03-01,24.8,1.0,6.123233995736766e-17,44.223076923076924,19.0,107.0,trough
1963-04-01,41.7,0.8660254037844387,-0.4999999999999998,42.48461538461538,19.0,108.0,trough
1963-05-01,61.1,0.4999999999999999,-0.8660254037844387,40.76153846153846,19.0,109.0,trough
1963-06-01,51.2,1.2246467991473532e-16,-1.0,39.43846153846154,19.0,110.0,trough
1963-07-01,28.7,-0.4999999999999997,-0.8660254037844388,38.62307692307692,19.0,111.0,trough
1963-08-01,47.5,-0.8660254037844385,-0.5000000000000004,38.36153846153846,19.0,112.0,trough
1963-09-01,55.2,-1.0,-1.8369701987210294e-16,37.50769230769231,19.0,113.0,trough
1963-10-01,50.1,-0.8660254037844386,0.5000000000000001,36.59230769230769,19.0,114.0,trough
1963-11-01,33.7,-0.5000000000000004,0.8660254037844384,34.48461538461539,19.0,115.0,trough
1963-12-01,21.6,-2.4492935982947064e-16,1.0,30.823076923076922,19.0,116.0,trough
1964-01-01,22.6,0.4999999999999999,0.8660254037844387,27.253846153846155,19.0,117.0,trough
1964-02-01,25.3,0.8660254037844386,0.5000000000000001,26.10769230769231,19.0,118.0,trough
1964-03-01,24.1,1.0,6.123233995736766e-17,22.992307692307694,19.0,119.0,trough
1964-04-01,12.9,0.8660254037844387,-0.4999999999999998,19.453846153846158,19.0,120.0,trough
1964-05-01,14.3,0.4999999999999999,-0.8660254037844387,16.453846153846154,19.0,121.0,trough
1964-06-01,13.5,1.2246467991473532e-16,-1.0,15.561538461538463,19.0,122.0,trough
1964-07-01,4.8,-0.4999999999999997,-0.8660254037844388,15.853846153846153,19.0,123.0,trough
1964-08-01,13.8,-0.8660254037844385,-0.5000000000000004,15.715384615384615,19.0,124.0,trough
1964-09-01,7.0,-1.0,-1.8369701987210294e-16,15.115384615384615,19.0,125.0,trough
1964-10-01,9.2,-0.8660254037844386,0.5000000000000001,14.046153846153846,20.0,0.0,rise
1964-11-01,11.1,-0.5000000000000004,0.8660254037844384,15.707692307692309,20.0,1.0,rise
1964-12-01,22.1,-2.4492935982947064e-16,1.0,16.4,20.0,2.0,rise
1965-01-01,25.4,0.4999999999999999,0.8660254037844387,16.692307692307693,20.0,3.0,rise
1965-02-01,20.8,0.8660254037844386,0.5000000000000001,17.346153846153847,20.0,4.0,rise
1965-03-01,17.5,1.0,6.123233995736766e-17,18.169230769230772,20.0,5.0,rise
1965-04-01,10.2,0.8660254037844387,-0.4999999999999998,19.86923076923077,20.0,6.0,rise
1965-05-01,34.5,0.4999999999999999,-0.8660254037844387,20.915384615384614,20.0,7.0,rise
1965-06-01,23.3,1.2246467991473532e-16,-1.0,21.96153846153846,20.0,8.0,rise
1965-07-01,17.3,-0.4999999999999997,-0.8660254037844388,23.361538461538462,20.0,9.0,rise
1965-08-01,13.3,-0.8660254037844385,-0.5000000000000004,24.123076923076926,20.0,10.0,rise
1965-09-01,24.5,-1.0,-1.8369701987210294e-16,25.323076923076922,20.0,11.0,rise
1965-10-01,29.1,-0.8660254037844386,0.5000000000000001,29.28461538461539,20.0,12.0,rise
1965-11-01,22.8,-0.5000000000000004,0.8660254037844384,33.43846153846154,20.0,13.0,rise
1965-12-01,24.7,-2.4492935982947064e-16,1.0,35.9923076923077,20.0,14.0,rise
1966-01-01,40.3,0.4999999999999999,0.8660254037844387,40.369230769230775,20.0,15.0,rise
1966-02-01,35.3,0.8660254037844386,0.5000000000000001,44.62307692307692,20.0,16.0,rise
1966-03-01,36.4,1.0,6.123233995736766e-17,49.06923076923078,20.0,17.0,rise
1966-04-01,69.0,0.8660254037844387,-0.4999999999999998,53.43076923076923,20.0,18.0,rise
1966-05-01,64.2,0.4999999999999999,-0.8660254037844387,57.42307692307692,20.0,19.0,rise
1966-06-01,67.7,1.2246467991473532e-16,-1.0,63.34615384615385,20.0,20.0,rise
1966-07-01,80.2,-0.4999999999999997,-0.8660254037844388,73.52307692307691,20.0,21.0,rise
1966-08-01,72.6,-0.8660254037844385,-0.5000000000000004,80.62307692307692,20.0,22.0,rise
1966-09-01,71.1,-1.0,-1.8369701987210294e-16,90.08461538461538,20.0,23.0,rise
1966-10-01,81.2,-0.8660254037844386,0.5000000000000001,94.85384615384615,20.0,24.0,rise
1966-11-01,81.0,-0.5000000000000004,0.8660254037844384,98.96923076923076,20.0,25.0,rise
1966-12-01,99.8,-2.4492935982947064e-16,1.0,101.36923076923078,20.0,26.0,rise
1967-01-01,157.0,0.4999999999999999,0.8660254037844387,106.12307692307694,20.0,27.0,rise
1967-02-01,132.6,0.8660254037844386,0.5000000000000001,111.63076923076923,20.0,28.0,rise
1967-03-01,158.3,1.0,6.123233995736766e-17,114.40769230769232,20.0,29.0,rise
1967-04-01,98.4,0.8660254037844387,-0.4999999999999998,118.55384615384615,20.0,30.0,rise
1967-05-01,122.5,0.4999999999999999,-0.8660254037844387,122.58461538461538,20.0,31.0,rise
1967-06-01,95.4,1.2246467991473532e-16,-1.0,130.12307692307692,20.0,32.0,peak
1967-07-01,129.5,-0.4999999999999997,-0.8660254037844388,135.7153846153846,20.0,33.0,peak
1967-08-01,151.8,-0.8660254037844385,-0.5000000000000004,135.83076923076922,20.0,34.0,peak
1967-09-01,108.7,-1.0,-1.8369701987210294e-16,135.66923076923078,20.0,35.0,peak
1967-10-01,125.0,-0.8660254037844386,0.5000000000000001,132.33846153846156,20.0,36.0,peak
1967-11-01,133.6,-0.5000000000000004,0.8660254037844384,138.6153846153846,20.0,37.0,peak
1967-12-01,179.0,-2.4492935982947064e-16,1.0,141.2076923076923,20.0,38.0,peak
1968-01-01,172.5,0.4999999999999999,0.8660254037844387,144.34615384615384,20.0,39.0,peak
1968-02-01,158.5,0.8660254037844386,0.5000000000000001,146.2923076923077,20.0,40.0,peak
1968-03-01,130.5,1.0,6.123233995736766e-17,147.3846153846154,20.0,41.0,peak
1968-04-01,115.0,0.8660254037844387,-0.4999999999999998,150.75384615384615,20.0,42.0,peak
1968-05-01,180.0,0.4999999999999999,-0.8660254037844387,150.5,20.0,43.0,peak
1968-06-01,156.2,1.2246467991473532e-16,-1.0,152.1846153846154,20.0,44.0,peak
1968-07-01,136.2,-0.4999999999999997,-0.8660254037844388,149.7846153846154,20.0,45.0,peak
1968-08-01,154.8,-0.8660254037844385,-0.5000000000000004,149.63076923076923,20.0,46.0,peak
1968-09-01,166.0,-1.0,-1.8369701987210294e-16,152.23076923076923,20.0,47.0,peak
1968-10-01,152.5,-0.8660254037844386,0.5000000000000001,153.8153846153846,20.0,48.0,peak
1968-11-01,121.7,-0.5000000000000004,0.8660254037844384,158.03846153846155,20.0,49.0,peak
1968-12-01,155.5,-2.4492935982947064e-16,1.0,155.73846153846154,20.0,50.0,peak
1969-01-01,147.8,0.4999999999999999,0.8660254037844387,154.26923076923077,20.0,51.0,peak
1969-02-01,170.5,0.8660254037844386,0.5000000000000001,154.4692307692308,20.0,52.0,peak
1969-03-01,192.3,1.0,6.123233995736766e-17,152.5076923076923,20.0,53.0,peak
1969-04-01,151.1,0.8660254037844387,-0.4999999999999998,150.15384615384616,20.0,54.0,peak
1969-05-01,169.9,0.4999999999999999,-0.8660254037844387,148.6076923076923,20.0,55.0,peak
1969-06-01,150.1,1.2246467991473532e-16,-1.0,149.90769230769232,20.0,56.0,peak
1969-07-01,137.1,-0.4999999999999997,-0.8660254037844388,150.0923076923077,20.0,57.0,peak
1969-08-01,138.8,-0.8660254037844385,-0.5000000000000004,152.63076923076923,20.0,58.0,peak
1969-09-01,129.3,-1.0,-1.8369701987210294e-16,150.72307692307692,20.0,59.0,peak
1969-10-01,135.4,-0.8660254037844386,0.5000000000000001,147.86153846153846,20.0,60.0,peak
1969-11-01,132.4,-0.5000000000000004,0.8660254037844384,150.12307692307692,20.0,61.0,peak
1969-12-01,138.6,-2.4492935982947064e-16,1.0,148.69230769230768,20.0,62.0,peak
1970-01-01,157.9,0.4999999999999999,0.8660254037844387,149.4,20.0,63.0,peak
1970-02-01,180.8,0.8660254037844386,0.5000000000000001,148.98461538461538,20.0,64.0,peak
1970-03-01,145.7,1.0,6.123233995736766e-17,149.13846153846154,20.0,65.0,peak
1970-04-01,155.1,0.8660254037844387,-0.4999999999999998,148.62307692307692,20.0,66.0,peak
1970-05-01,180.5,0.4999999999999999,-0.8660254037844387,148.57692307692307,20.0,67.0,decline
1970-06-01,151.3,1.2246467991473532e-16,-1.0,147.48461538461538,20.0,68.0,decline
1970-07-01,159.3,-0.4999999999999997,-0.8660254037844388,146.76153846153846,20.0,69.0,decline
1970-08-01,131.7,-0.8660254037844385,-0.5000000000000004,143.2153846153846,20.0,70.0,decline
1970-09-01,140.8,-1.0,-1.8369701987210294e-16,135.9153846153846,20.0,71.0,decline
1970-10-01,122.6,-0.8660254037844386,0.5000000000000001,132.52307692307693,20.0,72.0,decline
1970-11-01,134.8,-0.5000000000000004,0.8660254037844384,126.86153846153846,20.0,73.0,decline
1970-12-01,118.2,-2.4492935982947064e-16,1.0,118.41538461538462,20.0,74.0,decline
1971-01-01,129.2,0.4999999999999999,0.8660254037844387,115.6,20.0,75.0,decline
1971-02-01,111.8,0.8660254037844386,0.5000000000000001,110.03846153846153,20.0,76.0,decline
1971-03-01,85.9,1.0,6.123233995736766e-17,105.39230769230768,20.0,77.0,decline
1971-04-01,101.6,0.8660254037844387,-0.4999999999999998,100.20769230769231,20.0,78.0,decline
1971-05-01,81.5,0.4999999999999999,-0.8660254037844387,97.66153846153846,20.0,79.0,decline
1971-06-01,70.7,1.2246467991473532e-16,-1.0,96.25384615384615,20.0,80.0,decline
1971-07-01,114.7,-0.4999999999999997,-0.8660254037844388,93.85384615384615,20.0,81.0,decline
1971-08-01,87.0,-0.8660254037844385,-0.5000000000000004,93.55384615384615,20.0,82.0,decline
1971-09-01,71.3,-1.0,-1.8369701987210294e-16,93.68461538461537,20.0,83.0,decline
1971-10-01,73.4,-0.8660254037844386,0.5000000000000001,93.96923076923078,20.0,84.0,decline
1971-11-01,89.5,-0.5000000000000004,0.8660254037844384,94.91538461538461,20.0,85.0,decline
1971-12-01,116.5,-2.4492935982947064e-16,1.0,98.23846153846154,20.0,86.0,decline
1972-01-01,87.0,0.4999999999999999,0.8660254037844387,101.13076923076923,20.0,87.0,decline
1972-02-01,125.3,0.8660254037844386,0.5000000000000001,100.6846153846154,20.0,88.0,decline
1972-03-01,113.5,1.0,6.123233995736766e-17,100.96923076923078,20.0,89.0,decline
1972-04-01,89.6,0.8660254037844387,-0.4999999999999998,102.16923076923078,20.0,90.0,decline
1972-05-01,113.9,0.4999999999999999,-0.8660254037844387,101.07692307692308,20.0,91.0,decline
1972-06-01,124.7,1.2246467991473532e-16,-1.0,99.13846153846154,20.0,92.0,decline
1972-07-01,108.3,-0.4999999999999997,-0.8660254037844388,94.93076923076924,20.0,93.0,decline
1972-08-01,108.9,-0.8660254037844385,-0.5000000000000004,92.92307692307692,20.0,94.0,decline
1972-09-01,90.7,-1.0,-1.8369701987210294e-16,88.31538461538463,20.0,95.0,decline
1972-10-01,86.9,-0.8660254037844386,0.5000000000000001,85.87692307692308,20.0,96.0,decline
1972-11-01,59.2,-0.5000000000000004,0.8660254037844384,83.62307692307692,20.0,97.0,decline
1972-12-01,64.3,-2.4492935982947064e-16,1.0,79.17692307692307,20.0,98.0,decline
1973-01-01,61.8,0.4999999999999999,0.8660254037844387,72.13846153846154,20.0,99.0,decline
1973-02-01,60.9,0.8660254037844386,0.5000000000000001,66.62307692307692,20.0,100.0,decline
1973-03-01,65.4,1.0,6.123233995736766e-17,64.71538461538461,20.0,101.0,decline
1973-04-01,81.8,0.8660254037844387,-0.4999999999999998,61.099999999999994,20.0,102.0,decline
1973-05-01,60.3,0.4999999999999999,-0.8660254037844387,57.05384615384615,20.0,103.0,decline
1973-06-01,56.1,1.2246467991473532e-16,-1.0,55.06153846153847,20.0,104.0,decline
1973-07-01,33.2,-0.4999999999999997,-0.8660254037844388,53.146153846153844,20.0,105.0,decline
1973-08-01,36.6,-0.8660254037844385,-0.5000000000000004,51.26153846153846,20.0,106.0,decline
1973-09-01,84.1,-1.0,-1.8369701987210294e-16,48.95384615384615,20.0,107.0,decline
1973-10-01,43.7,-0.8660254037844386,0.5000000000000001,48.34615384615385,20.0,108.0,decline
1973-11-01,34.3,-0.5000000000000004,0.8660254037844384,46.38461538461539,20.0,109.0,decline
1973-12-01,33.3,-2.4492935982947064e-16,1.0,45.70769230769231,20.0,110.0,decline
1974-01-01,39.4,0.4999999999999999,0.8660254037844387,47.47692307692308,20.0,111.0,decline
1974-02-01,37.3,0.8660254037844386,0.5000000000000001,48.607692307692304,20.0,112.0,decline
1974-03-01,30.9,1.0,6.123233995736766e-17,50.192307692307686,20.0,113.0,decline
1974-04-01,57.5,0.8660254037844387,-0.4999999999999998,48.892307692307696,20.0,114.0,decline
1974-05-01,56.3,0.4999999999999999,-0.8660254037844387,48.29230769230769,20.0,115.0,trough
1974-06-01,51.5,1.2246467991473532e-16,-1.0,47.93076923076923,20.0,116.0,trough
1974-07-01,79.1,-0.4999999999999997,-0.8660254037844388,47.46923076923076,20.0,117.0,trough
1974-08-01,47.9,-0.8660254037844385,-0.5000000000000004,45.723076923076924,20.0,118.0,trough
1974-09-01,57.2,-1.0,-1.8369701987210294e-16,44.15384615384615,20.0,119.0,trough
1974-10-01,67.2,-0.8660254037844386,0.5000000000000001,42.369230769230775,20.0,120.0,trough
1974-11-01,35.9,-0.5000000000000004,0.8660254037844384,38.95384615384615,20.0,121.0,trough
1974-12-01,29.6,-2.4492935982947064e-16,1.0,35.90769230769231,20.0,122.0,trough
1975-01-01,27.3,0.4999999999999999,0.8660254037844387,35.05384615384615,20.0,123.0,trough
1975-02-01,16.7,0.8660254037844386,0.5000000000000001,33.330769230769235,20.0,124.0,trough
1975-03-01,16.9,1.0,6.123233995736766e-17,31.207692307692312,20.0,125.0,trough
1975-04-01,7.7,0.8660254037844387,-0.4999999999999998,27.853846153846153,20.0,126.0,trough
1975-05-01,13.1,0.4999999999999999,-0.8660254037844387,24.83076923076923,20.0,127.0,trough
1975-06-01,16.7,1.2246467991473532e-16,-1.0,22.96153846153846,20.0,128.0,trough
1975-07-01,40.4,-0.4999999999999997,-0.8660254037844388,21.6,20.0,129.0,trough
1975-08-01,56.7,-0.8660254037844385,-0.5000000000000004,19.99230769230769,20.0,130.0,trough
1975-09-01,20.3,-1.0,-1.8369701987210294e-16,21.13076923076923,20.0,131.0,trough
1975-10-01,13.6,-0.8660254037844386,0.5000000000000001,21.930769230769233,20.0,132.0,trough
1975-11-01,27.9,-0.5000000000000004,0.8660254037844384,22.738461538461536,20.0,133.0,trough
1975-12-01,11.6,-2.4492935982947064e-16,1.0,23.107692307692307,20.0,134.0,trough
1976-01-01,11.9,0.4999999999999999,0.8660254037844387,22.04615384615385,20.0,135.0,trough
1976-02-01,6.4,0.8660254037844386,0.5000000000000001,20.792307692307688,20.0,136.0,trough
1976-03-01,31.5,1.0,6.123233995736766e-17,17.96923076923077,20.0,137.0,trough
1976-04-01,27.3,0.8660254037844387,-0.4999999999999998,18.69230769230769,20.0,138.0,trough
1976-05-01,18.2,0.4999999999999999,-0.8660254037844387,18.25384615384615,20.0,139.0,trough
1976-06-01,17.9,1.2246467991473532e-16,-1.0,17.823076923076922,21.0,0.0,rise
1976-07-01,2.9,-0.4999999999999997,-0.8660254037844388,18.76153846153846,21.0,1.0,rise
1976-08-01,24.1,-0.8660254037844385,-0.5000000000000004,20.407692307692308,21.0,2.0,rise
1976-09-01,20.0,-1.0,-1.8369701987210294e-16,20.915384615384614,21.0,3.0,rise
1976-10-01,29.7,-0.8660254037844386,0.5000000000000001,19.95384615384615,21.0,4.0,rise
1976-11-01,7.9,-0.5000000000000004,0.8660254037844384,19.930769230769233,21.0,5.0,rise
1976-12-01,22.3,-2.4492935982947064e-16,1.0,22.753846153846155,21.0,6.0,rise
1977-01-01,23.8,0.4999999999999999,0.8660254037844387,23.73076923076923,21.0,7.0,rise
1977-02-01,33.3,0.8660254037844386,0.5000000000000001,26.815384615384616,21.0,8.0,rise
1977-03-01,13.0,1.0,6.123233995736766e-17,29.76153846153846,21.0,9.0,rise
1977-04-01,19.0,0.8660254037844387,-0.4999999999999998,33.0,21.0,10.0,rise
1977-05-01,27.0,0.4999999999999999,-0.8660254037844387,33.91538461538461,21.0,11.0,rise
1977-06-01,54.9,1.2246467991473532e-16,-1.0,38.03076923076923,21.0,12.0,rise
1977-07-01,30.6,-0.4999999999999997,-0.8660254037844388,41.98461538461538,21.0,13.0,rise
1977-08-01,43.0,-0.8660254037844385,-0.5000000000000004,50.353846153846156,21.0,14.0,rise
1977-09-01,62.4,-1.0,-1.8369701987210294e-16,56.130769230769225,21.0,15.0,rise
1977-10-01,62.1,-0.8660254037844386,0.5000000000000001,65.99230769230769,21.0,16.0,rise
1977-11-01,41.6,-0.5000000000000004,0.8660254037844384,73.53846153846153,21.0,17.0,rise
1977-12-01,61.4,-2.4492935982947064e-16,1.0,81.8153846153846,21.0,18.0,rise
1978-01-01,73.7,0.4999999999999999,0.8660254037844387,85.26153846153845,21.0,19.0,rise
1978-02-01,132.6,0.8660254037844386,0.5000000000000001,89.24615384615385,21.0,20.0,rise
1978-03-01,108.4,1.0,6.123233995736766e-17,100.9923076923077,21.0,21.0,rise
1978-04-01,141.2,0.8660254037844387,-0.4999999999999998,109.8153846153846,21.0,22.0,rise
1978-05-01,117.1,0.4999999999999999,-0.8660254037844387,115.6923076923077,21.0,23.0,rise
1978-06-01,134.6,1.2246467991473532e-16,-1.0,125.86923076923077,21.0,24.0,rise
1978-07-01,99.7,-0.4999999999999997,-0.8660254037844388,139.2923076923077,21.0,25.0,rise
1978-08-01,82.4,-0.8660254037844385,-0.5000000000000004,148.6,21.0,26.0,rise
1978-09-01,195.7,-1.0,-1.8369701987210294e-16,153.4230769230769,21.0,27.0,rise
1978-10-01,177.1,-0.8660254037844386,0.5000000000000001,156.13846153846154,21.0,28.0,peak
1978-11-01,138.5,-0.5000000000000004,0.8660254037844384,159.91538461538462,21.0,29.0,peak
1978-12-01,173.9,-2.4492935982947064e-16,1.0,167.19230769230768,21.0,30.0,peak
1979-01-01,235.9,0.4999999999999999,0.8660254037844387,174.2,21.0,31.0,peak
1979-02-01,194.7,0.8660254037844386,0.5000000000000001,182.02307692307693,21.0,32.0,peak
1979-03-01,195.3,1.0,6.123233995736766e-17,196.21538461538464,21.0,33.0,peak
1979-04-01,143.7,0.8660254037844387,-0.4999999999999998,201.43846153846155,21.0,34.0,peak
1979-05-01,190.3,0.4999999999999999,-0.8660254037844387,207.77692307692308,21.0,35.0,peak
1979-06-01,211.7,1.2246467991473532e-16,-1.0,216.3230769230769,21.0,36.0,peak
1979-07-01,225.7,-0.4999999999999997,-0.8660254037844388,220.33846153846156,21.0,37.0,peak
1979-08-01,201.4,-0.8660254037844385,-0.5000000000000004,219.06923076923078,21.0,38.0,peak
1979-09-01,266.9,-1.0,-1.8369701987210294e-16,217.8384615384615,21.0,39.0,peak
1979-10-01,263.6,-0.8660254037844386,0.5000000000000001,220.6769230769231,21.0,40.0,peak
1979-11-01,259.5,-0.5000000000000004,0.8660254037844384,229.2153846153846,21.0,41.0,peak
1979-12-01,249.6,-2.4492935982947064e-16,1.0,231.7076923076923,21.0,42.0,peak
1980-01-01,226.1,0.4999999999999999,0.8660254037844387,230.26153846153844,21.0,43.0,peak
1980-02-01,219.4,0.8660254037844386,0.5000000000000001,227.64615384615385,21.0,44.0,peak
1980-03-01,178.7,1.0,6.123233995736766e-17,229.04615384615383,21.0,45.0,peak
1980-04-01,232.2,0.8660254037844387,-0.4999999999999998,226.46153846153842,21.0,46.0,peak
1980-05-01,254.7,0.4999999999999999,-0.8660254037844387,222.29999999999998,21.0,47.0,peak
1980-06-01,222.7,1.2246467991473532e-16,-1.0,221.33076923076922,21.0,48.0,peak
1980-07-01,192.9,-0.4999999999999997,-0.8660254037844388,214.17692307692306,21.0,49.0,peak
1980-08-01,191.7,-0.8660254037844385,-0.5000000000000004,211.3923076923077,21.0,50.0,peak
1980-09-01,219.6,-1.0,-1.8369701987210294e-16,209.6384615384615,21.0,51.0,peak
1980-10-01,233.3,-0.8660254037844386,0.5000000000000001,213.22307692307692,21.0,52.0,peak
1980-11-01,209.5,-0.5000000000000004,0.8660254037844384,210.3384615384615,21.0,53.0,peak
1980-12-01,246.9,-2.4492935982947064e-16,1.0,200.8692307692308,21.0,54.0,peak
1981-01-01,156.6,0.4999999999999999,0.8660254037844387,199.53076923076924,21.0,55.0,peak
1981-02-01,189.9,0.8660254037844386,0.5000000000000001,203.34615384615384,21.0,56.0,peak
1981-03-01,196.6,1.0,6.123233995736766e-17,207.46923076923076,21.0,57.0,decline
1981-04-01,225.3,0.8660254037844387,-0.4999999999999998,207.2076923076923,21.0,58.0,decline
1981-05-01,194.7,0.4999999999999999,-0.8660254037844387,203.56923076923078,21.0,59.0,decline
1981-06-01,131.6,1.2246467991473532e-16,-1.0,202.4846153846154,21.0,60.0,decline
1981-07-01,205.3,-0.4999999999999997,-0.8660254037844388,195.01538461538465,21.0,61.0,decline
1981-08-01,242.5,-0.8660254037844385,-0.5000000000000004,200.73076923076923,21.0,62.0,decline
1981-09-01,245.3,-1.0,-1.8369701987210294e-16,203.13076923076926,21.0,63.0,decline
1981-10-01,216.2,-0.8660254037844386,0.5000000000000001,201.1076923076923,21.0,64.0,decline
1981-11-01,186.0,-0.5000000000000004,0.8660254037844384,192.95384615384617,21.0,65.0,decline
1981-12-01,195.4,-2.4492935982947064e-16,1.0,190.56923076923078,21.0,66.0,decline
1982-01-01,149.8,0.4999999999999999,0.8660254037844387,191.16923076923075,21.0,67.0,decline
1982-02-01,230.9,0.8660254037844386,0.5000000000000001,187.83076923076925,21.0,68.0,decline
1982-03-01,221.1,1.0,6.123233995736766e-17,182.05384615384617,21.0,69.0,decline
1982-04-01,170.3,0.8660254037844387,-0.4999999999999998,173.5153846153846,21.0,70.0,decline
1982-05-01,119.3,0.4999999999999999,-0.8660254037844387,166.69230769230768,21.0,71.0,decline
1982-06-01,163.7,1.2246467991473532e-16,-1.0,165.3846153846154,21.0,72.0,decline
1982-07-01,139.4,-0.4999999999999997,-0.8660254037844388,159.23846153846154,21.0,73.0,decline
1982-08-01,161.9,-0.8660254037844385,-0.5000000000000004,153.33846153846156,21.0,74.0,decline
1982-09-01,167.4,-1.0,-1.8369701987210294e-16,142.4,21.0,75.0,decline
1982-10-01,134.3,-0.8660254037844386,0.5000000000000001,133.82307692307694,21.0,76.0,decline
1982-11-01,127.5,-0.5000000000000004,0.8660254037844384,130.9153846153846,21.0,77.0,decline
1982-12-01,169.0,-2.4492935982947064e-16,1.0,131.85384615384615,21.0,78.0,decline
1983-01-01,115.5,0.4999999999999999,0.8660254037844387,127.63846153846156,21.0,79.0,decline
1983-02-01,73.1,0.8660254037844386,0.5000000000000001,124.30000000000001,21.0,80.0,decline
1983-03-01,88.7,1.0,6.123233995736766e-17,117.22307692307693,21.0,81.0,decline
1983-04-01,109.6,0.8660254037844387,-0.4999999999999998,109.92307692307692,21.0,82.0,decline
1983-05-01,132.5,0.4999999999999999,-0.8660254037844387,103.1076923076923,21.0,83.0,decline
1983-06-01,131.5,1.2246467991473532e-16,-1.0,96.8076923076923,21.0,84.0,decline
1983-07-01,108.9,-0.4999999999999997,-0.8660254037844388,89.56153846153846,21.0,85.0,decline
1983-08-01,96.0,-0.8660254037844385,-0.5000000000000004,89.15384615384616,21.0,86.0,decline
1983-09-01,69.9,-1.0,-1.8369701987210294e-16,92.5076923076923,21.0,87.0,decline
1983-10-01,72.5,-0.8660254037844386,0.5000000000000001,92.63846153846154,21.0,88.0,decline
1983-11-01,45.7,-0.5000000000000004,0.8660254037844384,91.66153846153847,21.0,89.0,decline
1983-12-01,45.6,-2.4492935982947064e-16,1.0,86.47692307692309,21.0,90.0,decline
1984-01-01,74.8,0.4999999999999999,0.8660254037844387,80.64615384615385,21.0,91.0,decline
1984-02-01,110.2,0.8660254037844386,0.5000000000000001,74.96153846153847,21.0,92.0,decline
1984-03-01,116.7,1.0,6.123233995736766e-17,69.31538461538462,21.0,93.0,decline
1984-04-01,90.4,0.8660254037844387,-0.4999999999999998,64.9076923076923,21.0,94.0,decline
1984-05-01,96.9,0.4999999999999999,-0.8660254037844387,61.36923076923077,21.0,95.0,decline
1984-06-01,65.1,1.2246467991473532e-16,-1.0,59.5,21.0,96.0,trough
1984-07-01,55.7,-0.4999999999999997,-0.8660254037844388,57.361538461538466,21.0,97.0,trough
1984-08-01,35.0,-0.8660254037844385,-0.5000000000000004,53.2,21.0,98.0,trough
1984-09-01,22.6,-1.0,-1.8369701987210294e-16,46.02307692307693,21.0,99.0,trough
1984-10-01,12.6,-0.8660254037844386,0.5000000000000001,38.61538461538461,21.0,100.0,trough
1984-11-01,26.5,-0.5000000000000004,0.8660254037844384,34.15384615384615,21.0,101.0,trough
1984-12-01,21.4,-2.4492935982947064e-16,1.0,28.876923076923074,21.0,102.0,trough
1985-01-01,17.8,0.4999999999999999,0.8660254037844387,26.93846153846154,21.0,103.0,trough
1985-02-01,20.7,0.8660254037844386,0.5000000000000001,23.43076923076923,21.0,104.0,trough
1985-03-01,16.9,1.0,6.123233995736766e-17,21.069230769230767,21.0,105.0,trough
1985-04-01,20.4,0.8660254037844387,-0.4999999999999998,21.023076923076925,21.0,106.0,trough
1985-05-01,32.4,0.4999999999999999,-0.8660254037844387,21.430769230769233,21.0,107.0,trough
1985-06-01,28.3,1.2246467991473532e-16,-1.0,20.607692307692307,21.0,108.0,trough
1985-07-01,39.9,-0.4999999999999997,-0.8660254037844388,19.176923076923075,21.0,109.0,trough
1985-08-01,10.1,-0.8660254037844385,-0.5000000000000004,19.95384615384615,21.0,110.0,trough
1985-09-01,4.3,-1.0,-1.8369701987210294e-16,19.423076923076923,21.0,111.0,trough
1985-10-01,22.0,-0.8660254037844386,0.5000000000000001,19.846153846153847,21.0,112.0,trough
1985-11-01,17.9,-0.5000000000000004,0.8660254037844384,19.515384615384615,21.0,113.0,trough
1985-12-01,15.8,-2.4492935982947064e-16,1.0,17.06923076923077,21.0,114.0,trough
1986-01-01,2.8,0.4999999999999999,0.8660254037844387,16.284615384615385,21.0,115.0,trough
1986-02-01,27.9,0.8660254037844386,0.5000000000000001,13.976923076923079,21.0,116.0,trough
1986-03-01,13.8,1.0,6.123233995736766e-17,13.592307692307692,22.0,0.0,rise
1986-04-01,22.4,0.8660254037844387,-0.4999999999999998,16.346153846153847,22.0,1.0,rise
1986-05-01,16.1,0.4999999999999999,-0.8660254037844387,15.838461538461539,22.0,2.0,rise
1986-06-01,0.6,1.2246467991473532e-16,-1.0,14.907692307692308,22.0,3.0,rise
1986-07-01,18.1,-0.4999999999999997,-0.8660254037844388,14.446153846153846,22.0,4.0,rise
1986-08-01,9.9,-0.8660254037844385,-0.5000000000000004,14.492307692307692,22.0,5.0,rise
1986-09-01,5.1,-1.0,-1.8369701987210294e-16,13.684615384615386,22.0,6.0,rise
1986-10-01,40.1,-0.8660254037844386,0.5000000000000001,16.161538461538463,22.0,7.0,rise
1986-11-01,15.4,-0.5000000000000004,0.8660254037844384,17.446153846153848,22.0,8.0,rise
1986-12-01,5.8,-2.4492935982947064e-16,1.0,17.653846153846153,22.0,9.0,rise
1987-01-01,9.8,0.4999999999999999,0.8660254037844387,20.54615384615385,22.0,10.0,rise
1987-02-01,3.4,0.8660254037844386,0.5000000000000001,22.83846153846154,22.0,11.0,rise
1987-03-01,17.4,1.0,6.123233995736766e-17,25.323076923076925,22.0,12.0,rise
1987-04-01,46.0,0.8660254037844387,-0.4999999999999998,29.807692307692307,22.0,13.0,rise
1987-05-01,39.1,0.4999999999999999,-0.8660254037844387,30.476923076923075,22.0,14.0,rise
1987-06-01,18.8,1.2246467991473532e-16,-1.0,31.530769230769234,22.0,15.0,rise
1987-07-01,38.2,-0.4999999999999997,-0.8660254037844388,36.50769230769231,22.0,16.0,rise
1987-08-01,47.9,-0.8660254037844385,-0.5000000000000004,39.246153846153845,22.0,17.0,rise
1987-09-01,42.2,-1.0,-1.8369701987210294e-16,46.0,22.0,18.0,rise
1987-10-01,63.4,-0.8660254037844386,0.5000000000000001,53.03076923076923,22.0,19.0,rise
1987-11-01,48.8,-0.5000000000000004,0.8660254037844384,55.2,22.0,20.0,rise
1987-12-01,29.1,-2.4492935982947064e-16,1.0,61.75384615384615,22.0,21.0,rise
1988-01-01,70.5,0.4999999999999999,0.8660254037844387,70.41538461538462,22.0,22.0,rise
1988-02-01,45.4,0.8660254037844386,0.5000000000000001,78.2,22.0,23.0,rise
1988-03-01,91.2,1.0,6.123233995736766e-17,85.4923076923077,22.0,24.0,rise
1988-04-01,108.8,0.8660254037844387,-0.4999999999999998,94.28461538461539,22.0,25.0,rise
1988-05-01,74.2,0.4999999999999999,-0.8660254037844387,101.46923076923076,22.0,26.0,peak
1988-06-01,124.3,1.2246467991473532e-16,-1.0,115.5,22.0,27.0,peak
1988-07-01,131.4,-0.4999999999999997,-0.8660254037844388,129.42307692307693,22.0,28.0,peak
1988-08-01,139.4,-0.8660254037844385,-0.5000000000000004,140.05384615384617,22.0,29.0,peak
1988-09-01,142.7,-1.0,-1.8369701987210294e-16,149.66923076923075,22.0,30.0,peak
1988-10-01,156.5,-0.8660254037844386,0.5000000000000001,155.44615384615386,22.0,31.0,peak
1988-11-01,156.8,-0.5000000000000004,0.8660254037844384,162.1076923076923,22.0,32.0,peak
1988-12-01,231.2,-2.4492935982947064e-16,1.0,178.2846153846154,22.0,33.0,peak
1989-01-01,210.1,0.4999999999999999,0.8660254037844387,182.6076923076923,22.0,34.0,peak
1989-02-01,208.7,0.8660254037844386,0.5000000000000001,190.34615384615384,22.0,35.0,peak
1989-03-01,170.4,1.0,6.123233995736766e-17,196.93846153846155,22.0,36.0,peak
1989-04-01,166.3,0.8660254037844387,-0.4999999999999998,202.28461538461536,22.0,37.0,peak
1989-05-01,195.4,0.4999999999999999,-0.8660254037844387,208.56923076923078,22.0,38.0,peak
1989-06-01,284.5,1.2246467991473532e-16,-1.0,212.76923076923077,22.0,39.0,peak
1989-07-01,180.5,-0.4999999999999997,-0.8660254037844388,212.47692307692307,22.0,40.0,peak
1989-08-01,232.0,-0.8660254037844385,-0.5000000000000004,209.53076923076924,22.0,41.0,peak
1989-09-01,225.1,-1.0,-1.8369701987210294e-16,208.22307692307692,22.0,42.0,peak
1989-10-01,212.2,-0.8660254037844386,0.5000000000000001,209.70769230769233,22.0,43.0,peak
1989-11-01,238.2,-0.5000000000000004,0.8660254037844384,210.3923076923077,22.0,44.0,peak
1989-12-01,211.4,-2.4492935982947064e-16,1.0,207.15384615384616,22.0,45.0,peak
1990-01-01,227.4,0.4999999999999999,0.8660254037844387,199.96923076923076,22.0,46.0,peak
1990-02-01,171.8,0.8660254037844386,0.5000000000000001,205.47692307692307,22.0,47.0,peak
1990-03-01,191.7,1.0,6.123233995736766e-17,200.6384615384615,22.0,48.0,peak
1990-04-01,189.7,0.8660254037844387,-0.4999999999999998,198.66153846153844,22.0,49.0,peak
1990-05-01,175.2,0.4999999999999999,-0.8660254037844387,196.0923076923077,22.0,50.0,peak
1990-06-01,153.3,1.2246467991473532e-16,-1.0,192.93076923076922,22.0,51.0,peak
1990-07-01,191.1,-0.4999999999999997,-0.8660254037844388,191.69230769230768,22.0,52.0,peak
1990-08-01,252.1,-0.8660254037844385,-0.5000000000000004,192.6846153846154,22.0,53.0,decline
1990-09-01,169.1,-1.0,-1.8369701987210294e-16,194.62307692307692,22.0,54.0,decline
1990-10-01,199.4,-0.8660254037844386,0.5000000000000001,195.07692307692307,22.0,55.0,decline
1990-11-01,178.8,-0.5000000000000004,0.8660254037844384,193.3230769230769,22.0,56.0,decline
1990-12-01,197.1,-2.4492935982947064e-16,1.0,197.1307692307692,22.0,57.0,decline
1991-01-01,195.3,0.4999999999999999,0.8660254037844387,203.8153846153846,22.0,58.0,decline
1991-02-01,240.3,0.8660254037844386,0.5000000000000001,207.6384615384615,22.0,59.0,decline
1991-03-01,197.0,1.0,6.123233995736766e-17,201.23846153846154,22.0,60.0,decline
1991-04-01,197.6,0.8660254037844387,-0.4999999999999998,203.3923076923077,22.0,61.0,decline
1991-05-01,166.9,0.4999999999999999,-0.8660254037844387,200.3230769230769,22.0,62.0,decline
1991-06-01,224.7,1.2246467991473532e-16,-1.0,202.92307692307693,22.0,63.0,decline
1991-07-01,240.2,-0.4999999999999997,-0.8660254037844388,203.0153846153846,22.0,64.0,decline
1991-08-01,240.8,-0.8660254037844385,-0.5000000000000004,205.73846153846156,22.0,65.0,decline
1991-09-01,168.9,-1.0,-1.8369701987210294e-16,198.8692307692308,22.0,66.0,decline
1991-10-01,197.1,-0.8660254037844386,0.5000000000000001,194.65384615384616,22.0,67.0,decline
1991-11-01,159.5,-0.5000000000000004,0.8660254037844384,186.70769230769233,22.0,68.0,decline
1991-12-01,212.6,-2.4492935982947064e-16,1.0,181.44615384615386,22.0,69.0,decline
1992-01-01,198.3,0.4999999999999999,0.8660254037844387,172.94615384615386,22.0,70.0,decline
1992-02-01,230.7,0.8660254037844386,0.5000000000000001,161.53846153846155,22.0,71.0,decline
1992-03-01,151.0,1.0,6.123233995736766e-17,150.24615384615385,22.0,72.0,decline
1992-04-01,142.2,0.8660254037844387,-0.4999999999999998,147.51538461538462,22.0,73.0,decline
1992-05-01,94.3,0.4999999999999999,-0.8660254037844387,142.3230769230769,22.0,74.0,decline
1992-06-01,98.5,1.2246467991473532e-16,-1.0,139.43846153846152,22.0,75.0,decline
1992-07-01,114.2,-0.4999999999999997,-0.8660254037844388,129.34615384615384,22.0,76.0,decline
1992-08-01,91.9,-0.8660254037844385,-0.5000000000000004,123.92307692307692,22.0,77.0,decline
1992-09-01,94.0,-1.0,-1.8369701987210294e-16,114.05384615384615,22.0,78.0,decline
1992-10-01,133.4,-0.8660254037844386,0.5000000000000001,109.70000000000002,22.0,79.0,decline
1992-11-01,129.6,-0.5000000000000004,0.8660254037844384,104.82307692307693,22.0,80.0,decline
1992-12-01,122.0,-2.4492935982947064e-16,1.0,102.92307692307692,22.0,81.0,decline
1993-01-01,81.4,0.4999999999999999,0.8660254037844387,101.53076923076924,22.0,82.0,decline
1993-02-01,127.8,0.8660254037844386,0.5000000000000001,97.55384615384615,22.0,83.0,decline
1993-03-01,102.4,1.0,6.123233995736766e-17,92.8846153846154,22.0,84.0,decline
1993-04-01,94.4,0.8660254037844387,-0.4999999999999998,91.12307692307692,22.0,85.0,decline
1993-05-01,78.8,0.4999999999999999,-0.8660254037844387,84.56923076923077,22.0,86.0,decline
1993-06-01,69.6,1.2246467991473532e-16,-1.0,79.86153846153846,22.0,87.0,decline
1993-07-01,80.4,-0.4999999999999997,-0.8660254037844388,77.00769230769231,22.0,88.0,decline
1993-08-01,62.5,-0.8660254037844385,-0.5000000000000004,74.96923076923078,22.0,89.0,decline
1993-09-01,31.2,-1.0,-1.8369701987210294e-16,68.79230769230769,22.0,90.0,decline
1993-10-01,71.1,-0.8660254037844386,0.5000000000000001,63.02307692307692,22.0,91.0,decline
1993-11-01,48.2,-0.5000000000000004,0.8660254037844384,58.05384615384616,22.0,92.0,decline
1993-12-01,68.4,-2.4492935982947064e-16,1.0,55.04615384615385,22.0,93.0,decline
1994-01-01,84.9,0.4999999999999999,0.8660254037844387,53.58461538461539,22.0,94.0,decline
1994-02-01,54.9,0.8660254037844386,0.5000000000000001,50.03846153846155,22.0,95.0,decline
1994-03-01,47.5,1.0,6.123233995736766e-17,48.34615384615385,22.0,96.0,decline
1994-04-01,27.4,0.8660254037844387,-0.4999999999999998,51.107692307692304,22.0,97.0,decline
1994-05-01,29.8,0.4999999999999999,-0.8660254037844387,47.9076923076923,22.0,98.0,decline
1994-06-01,39.7,1.2246467991473532e-16,-1.0,46.676923076923075,22.0,99.0,decline
1994-07-01,50.6,-0.4999999999999997,-0.8660254037844388,43.92307692307692,22.0,100.0,decline
1994-08-01,34.3,-0.8660254037844385,-0.5000000000000004,40.91538461538461,22.0,101.0,decline
1994-09-01,40.5,-1.0,-1.8369701987210294e-16,40.25384615384615,22.0,102.0,decline
1994-10-01,67.1,-0.8660254037844386,0.5000000000000001,38.26153846153846,22.0,103.0,trough
1994-11-01,29.5,-0.5000000000000004,0.8660254037844384,37.646153846153844,22.0,104.0,trough
1994-12-01,32.2,-2.4492935982947064e-16,1.0,37.08461538461538,22.0,105.0,trough
1995-01-01,32.6,0.4999999999999999,0.8660254037844387,35.599999999999994,22.0,106.0,trough
1995-02-01,45.8,0.8660254037844386,0.5000000000000001,33.107692307692304,22.0,107.0,trough
1995-03-01,46.3,1.0,6.123233995736766e-17,31.676923076923078,22.0,108.0,trough
1995-04-01,21.6,0.8660254037844387,-0.4999999999999998,30.915384615384614,22.0,109.0,trough
1995-05-01,19.4,0.4999999999999999,-0.8660254037844387,26.830769230769228,22.0,110.0,trough
1995-06-01,22.5,1.2246467991473532e-16,-1.0,25.707692307692305,22.0,111.0,trough
1995-07-01,20.4,-0.4999999999999997,-0.8660254037844388,24.25384615384615,22.0,112.0,trough
1995-08-01,18.2,-0.8660254037844385,-0.5000000000000004,22.33846153846154,22.0,113.0,trough
1995-09-01,15.7,-1.0,-1.8369701987210294e-16,19.784615384615385,22.0,114.0,trough
1995-10-01,30.6,-0.8660254037844386,0.5000000000000001,16.746153846153845,22.0,115.0,trough
1995-11-01,14.0,-0.5000000000000004,0.8660254037844384,15.669230769230769,22.0,116.0,trough
1995-12-01,14.9,-2.4492935982947064e-16,1.0,15.446153846153845,22.0,117.0,trough
1996-01-01,13.3,0.4999999999999999,0.8660254037844387,14.623076923076923,22.0,118.0,trough
1996-02-01,7.7,0.8660254037844386,0.5000000000000001,14.569230769230767,22.0,119.0,trough
1996-03-01,12.6,1.0,6.123233995736766e-17,13.399999999999999,22.0,120.0,trough
1996-04-01,6.8,0.8660254037844387,-0.4999999999999998,12.246153846153847,22.0,121.0,trough
1996-05-01,7.6,0.4999999999999999,-0.8660254037844387,11.807692307692308,22.0,122.0,trough
1996-06-01,16.5,1.2246467991473532e-16,-1.0,11.807692307692308,22.0,123.0,trough
1996-07-01,11.8,-0.4999999999999997,-0.8660254037844388,11.23076923076923,22.0,124.0,trough
1996-08-01,19.7,-0.8660254037844385,-0.5000000000000004,11.053846153846154,23.0,0.0,rise
1996-09-01,3.0,-1.0,-1.8369701987210294e-16,11.392307692307693,23.0,1.0,rise
1996-10-01,0.7,-0.8660254037844386,0.5000000000000001,12.192307692307692,23.0,2.0,rise
1996-11-01,24.9,-0.5000000000000004,0.8660254037844384,13.623076923076923,23.0,3.0,rise
1996-12-01,14.0,-2.4492935982947064e-16,1.0,14.63846153846154,23.0,4.0,rise
1997-01-01,7.4,0.4999999999999999,0.8660254037844387,14.361538461538462,23.0,5.0,rise
1997-02-01,11.0,0.8660254037844386,0.5000000000000001,16.2,23.0,6.0,rise
1997-03-01,12.1,1.0,6.123233995736766e-17,19.27692307692308,23.0,7.0,rise
1997-04-01,23.0,0.8660254037844387,-0.4999999999999998,21.569230769230767,23.0,8.0,rise
1997-05-01,25.4,0.4999999999999999,-0.8660254037844387,25.392307692307693,23.0,9.0,rise
1997-06-01,20.8,1.2246467991473532e-16,-1.0,27.746153846153845,23.0,10.0,rise
1997-07-01,12.9,-0.4999999999999997,-0.8660254037844388,30.092307692307692,23.0,11.0,rise
1997-08-01,35.7,-0.8660254037844385,-0.5000000000000004,33.38461538461539,23.0,12.0,rise
1997-09-01,59.7,-1.0,-1.8369701987210294e-16,38.84615384615385,23.0,13.0,rise
1997-10-01,32.8,-0.8660254037844386,0.5000000000000001,43.34615384615385,23.0,14.0,rise
1997-11-01,50.4,-0.5000000000000004,0.8660254037844384,47.26923076923077,23.0,15.0,rise
1997-12-01,55.5,-2.4492935982947064e-16,1.0,52.276923076923076,23.0,16.0,rise
1998-01-01,44.5,0.4999999999999999,0.8660254037844387,58.11538461538461,23.0,17.0,rise
1998-02-01,50.2,0.8660254037844386,0.5000000000000001,66.43846153846154,23.0,18.0,rise
1998-03-01,82.0,1.0,6.123233995736766e-17,73.84615384615384,23.0,19.0,rise
1998-04-01,70.6,0.8660254037844387,-0.4999999999999998,75.29230769230769,23.0,20.0,rise
1998-05-01,74.0,0.4999999999999999,-0.8660254037844387,80.25384615384615,23.0,21.0,rise
1998-06-01,90.5,1.2246467991473532e-16,-1.0,85.54615384615384,23.0,22.0,rise
1998-07-01,96.7,-0.4999999999999997,-0.8660254037844388,87.89230769230768,23.0,23.0,rise
1998-08-01,121.1,-0.8660254037844385,-0.5000000000000004,92.0076923076923,23.0,24.0,rise
1998-09-01,132.0,-1.0,-1.8369701987210294e-16,96.10769230769232,23.0,25.0,rise
1998-10-01,78.5,-0.8660254037844386,0.5000000000000001,97.0,23.0,26.0,rise
1998-11-01,97.3,-0.5000000000000004,0.8660254037844384,103.07692307692308,23.0,27.0,rise
1998-12-01,119.2,-2.4492935982947064e-16,1.0,113.32307692307693,23.0,28.0,rise
1999-01-01,86.0,0.4999999999999999,0.8660254037844387,119.70769230769231,23.0,29.0,rise
1999-02-01,98.0,0.8660254037844386,0.5000000000000001,123.21538461538461,23.0,30.0,rise
1999-03-01,103.5,1.0,6.123233995736766e-17,122.07692307692307,23.0,31.0,rise
1999-04-01,93.6,0.8660254037844387,-0.4999999999999998,124.9,23.0,32.0,rise
1999-05-01,149.6,0.4999999999999999,-0.8660254037844387,133.34615384615384,23.0,33.0,rise
1999-06-01,207.2,1.2246467991473532e-16,-1.0,134.84615384615384,23.0,34.0,rise
1999-07-01,173.5,-0.4999999999999997,-0.8660254037844388,135.91538461538462,23.0,35.0,rise
1999-08-01,142.3,-0.8660254037844385,-0.5000000000000004,142.04615384615386,23.0,36.0,rise
1999-09-01,106.3,-1.0,-1.8369701987210294e-16,151.25384615384613,23.0,37.0,rise
1999-10-01,168.7,-0.8660254037844386,0.5000000000000001,158.0230769230769,23.0,38.0,rise
1999-11-01,188.3,-0.5000000000000004,0.8660254037844384,163.58461538461538,23.0,39.0,rise
1999-12-01,116.8,-2.4492935982947064e-16,1.0,166.53846153846155,23.0,40.0,rise
2000-01-01,133.1,0.4999999999999999,0.8660254037844387,169.3923076923077,23.0,41.0,rise
2000-02-01,165.7,0.8660254037844386,0.5000000000000001,169.93076923076922,23.0,42.0,rise
2000-03-01,217.7,1.0,6.123233995736766e-17,170.98461538461535,23.0,43.0,rise
2000-04-01,191.5,0.8660254037844387,-0.4999999999999998,173.7,23.0,44.0,peak
2000-05-01,165.9,0.4999999999999999,-0.8660254037844387,172.8846153846154,23.0,45.0,peak
2000-06-01,188.0,1.2246467991473532e-16,-1.0,169.42307692307693,23.0,46.0,peak
2000-07-01,244.3,-0.4999999999999997,-0.8660254037844388,171.4076923076923,23.0,47.0,peak
2000-08-01,180.5,-0.8660254037844385,-0.5000000000000004,170.5153846153846,23.0,48.0,peak
2000-09-01,156.0,-1.0,-1.8369701987210294e-16,170.52307692307693,23.0,49.0,peak
2000-10-01,141.6,-0.8660254037844386,0.5000000000000001,166.2153846153846,23.0,50.0,peak
2000-11-01,158.1,-0.5000000000000004,0.8660254037844384,162.41538461538462,23.0,51.0,peak
2000-12-01,143.3,-2.4492935982947064e-16,1.0,165.26153846153846,23.0,52.0,peak
2001-01-01,142.6,0.4999999999999999,0.8660254037844387,160.26153846153846,23.0,53.0,peak
2001-02-01,121.5,0.8660254037844386,0.5000000000000001,153.8923076923077,23.0,54.0,peak
2001-03-01,165.8,1.0,6.123233995736766e-17,158.33076923076925,23.0,55.0,peak
2001-04-01,161.7,0.8660254037844387,-0.4999999999999998,161.26153846153846,23.0,56.0,peak
2001-05-01,142.1,0.4999999999999999,-0.8660254037844387,163.95384615384617,23.0,57.0,peak
2001-06-01,202.9,1.2246467991473532e-16,-1.0,168.2076923076923,23.0,58.0,peak
2001-07-01,123.0,-0.4999999999999997,-0.8660254037844388,171.3846153846154,23.0,59.0,peak
2001-08-01,161.5,-0.8660254037844385,-0.5000000000000004,173.50769230769234,23.0,60.0,peak
2001-09-01,238.2,-1.0,-1.8369701987210294e-16,175.4769230769231,23.0,61.0,peak
2001-10-01,194.1,-0.8660254037844386,0.5000000000000001,177.10000000000002,23.0,62.0,peak
2001-11-01,176.6,-0.5000000000000004,0.8660254037844384,179.0846153846154,23.0,63.0,peak
2001-12-01,213.4,-2.4492935982947064e-16,1.0,178.06153846153845,23.0,64.0,peak
2002-01-01,184.6,0.4999999999999999,0.8660254037844387,174.83846153846156,23.0,65.0,peak
2002-02-01,170.2,0.8660254037844386,0.5000000000000001,178.8846153846154,23.0,66.0,peak
2002-03-01,147.1,1.0,6.123233995736766e-17,180.91538461538462,23.0,67.0,peak
2002-04-01,186.9,0.8660254037844387,-0.4999999999999998,174.2230769230769,23.0,68.0,peak
2002-05-01,187.5,0.4999999999999999,-0.8660254037844387,170.6153846153846,23.0,69.0,peak
2002-06-01,128.8,1.2246467991473532e-16,-1.0,167.43846153846152,23.0,70.0,peak
2002-07-01,161.0,-0.4999999999999997,-0.8660254037844388,161.2923076923077,23.0,71.0,peak
2002-08-01,175.6,-0.8660254037844385,-0.5000000000000004,152.91538461538462,23.0,72.0,peak
2002-09-01,187.9,-1.0,-1.8369701987210294e-16,147.56923076923078,23.0,73.0,peak
2002-10-01,151.2,-0.8660254037844386,0.5000000000000001,143.7846153846154,23.0,74.0,peak
2002-11-01,147.2,-0.5000000000000004,0.8660254037844384,136.08461538461538,23.0,75.0,peak
2002-12-01,135.3,-2.4492935982947064e-16,1.0,130.7923076923077,23.0,76.0,peak
2003-01-01,133.5,0.4999999999999999,0.8660254037844387,130.75384615384615,23.0,77.0,peak
2003-02-01,75.7,0.8660254037844386,0.5000000000000001,127.24615384615385,23.0,78.0,peak
2003-03-01,100.7,1.0,6.123233995736766e-17,119.77692307692307,23.0,79.0,peak
2003-04-01,97.9,0.8660254037844387,-0.4999999999999998,112.84615384615384,23.0,80.0,peak
2003-05-01,86.8,0.4999999999999999,-0.8660254037844387,107.5923076923077,23.0,81.0,peak
2003-06-01,118.7,1.2246467991473532e-16,-1.0,101.82307692307693,23.0,82.0,peak
2003-07-01,128.3,-0.4999999999999997,-0.8660254037844388,96.07692307692308,23.0,83.0,peak
2003-08-01,115.4,-0.8660254037844385,-0.5000000000000004,91.54615384615384,23.0,84.0,peak
2003-09-01,78.5,-1.0,-1.8369701987210294e-16,91.47692307692309,23.0,85.0,peak
2003-10-01,97.8,-0.8660254037844386,0.5000000000000001,88.28461538461536,23.0,86.0,peak
2003-11-01,82.9,-0.5000000000000004,0.8660254037844384,86.35384615384616,23.0,87.0,peak
2003-12-01,72.2,-2.4492935982947064e-16,1.0,84.7923076923077,23.0,88.0,peak
2004-01-01,60.6,0.4999999999999999,0.8660254037844387,82.10769230769232,23.0,89.0,peak
2004-02-01,74.6,0.8660254037844386,0.5000000000000001,77.6,23.0,90.0,peak
2004-03-01,74.8,1.0,6.123233995736766e-17,72.47692307692309,23.0,91.0,decline
2004-04-01,59.2,0.8660254037844387,-0.4999999999999998,72.14615384615385,23.0,92.0,decline
2004-05-01,72.8,0.4999999999999999,-0.8660254037844387,70.0153846153846,23.0,93.0,decline
2004-06-01,66.5,1.2246467991473532e-16,-1.0,65.86153846153846,23.0,94.0,decline
2004-07-01,83.8,-0.4999999999999997,-0.8660254037844388,64.00769230769231,23.0,95.0,decline
2004-08-01,69.7,-0.8660254037844385,-0.5000000000000004,62.69230769230769,23.0,96.0,decline
2004-09-01,48.8,-1.0,-1.8369701987210294e-16,60.0,23.0,97.0,decline
2004-10-01,74.2,-0.8660254037844386,0.5000000000000001,57.22307692307693,23.0,98.0,decline
2004-11-01,70.1,-0.5000000000000004,0.8660254037844384,57.43076923076923,23.0,99.0,decline
2004-12-01,28.9,-2.4492935982947064e-16,1.0,56.2,23.0,100.0,decline
2005-01-01,48.1,0.4999999999999999,0.8660254037844387,55.88461538461539,23.0,101.0,decline
2005-02-01,43.5,0.8660254037844386,0.5000000000000001,54.092307692307685,23.0,102.0,decline
2005-03-01,39.6,1.0,6.123233995736766e-17,51.5923076923077,23.0,103.0,decline
2005-04-01,38.7,0.8660254037844387,-0.4999999999999998,48.853846153846156,23.0,104.0,decline
2005-05-01,61.9,0.4999999999999999,-0.8660254037844387,45.26153846153847,23.0,105.0,decline
2005-06-01,56.8,1.2246467991473532e-16,-1.0,44.43076923076923,23.0,106.0,decline
2005-07-01,62.4,-0.4999999999999997,-0.8660254037844388,43.815384615384616,23.0,107.0,decline
2005-08-01,60.5,-0.8660254037844385,-0.5000000000000004,40.55384615384616,23.0,108.0,decline
2005-09-01,37.2,-1.0,-1.8369701987210294e-16,38.53846153846154,23.0,109.0,decline
2005-10-01,13.2,-0.8660254037844386,0.5000000000000001,39.36153846153846,23.0,110.0,decline
2005-11-01,27.5,-0.5000000000000004,0.8660254037844384,39.246153846153845,23.0,111.0,decline
2005-12-01,59.3,-2.4492935982947064e-16,1.0,36.36923076923077,23.0,112.0,decline
2006-01-01,20.9,0.4999999999999999,0.8660254037844387,33.707692307692305,23.0,113.0,decline
2006-02-01,5.7,0.8660254037844386,0.5000000000000001,30.507692307692306,23.0,114.0,decline
2006-03-01,17.3,1.0,6.123233995736766e-17,27.676923076923075,23.0,115.0,decline
2006-04-01,50.3,0.8660254037844387,-0.4999999999999998,25.96153846153846,23.0,116.0,decline
2006-05-01,37.2,0.4999999999999999,-0.8660254037844387,27.692307692307693,23.0,117.0,decline
2006-06-01,24.5,1.2246467991473532e-16,-1.0,27.292307692307695,23.0,118.0,decline
2006-07-01,22.2,-0.4999999999999997,-0.8660254037844388,24.984615384615385,23.0,119.0,decline
2006-08-01,20.8,-0.8660254037844385,-0.5000000000000004,24.792307692307695,23.0,120.0,decline
2006-09-01,23.7,-1.0,-1.8369701987210294e-16,24.907692307692308,23.0,121.0,trough
2006-10-01,14.9,-0.8660254037844386,0.5000000000000001,23.992307692307694,23.0,122.0,trough
2006-11-01,35.7,-0.5000000000000004,0.8660254037844384,21.623076923076926,23.0,123.0,trough
2006-12-01,22.3,-2.4492935982947064e-16,1.0,20.4,23.0,124.0,trough
2007-01-01,29.3,0.4999999999999999,0.8660254037844387,19.676923076923078,23.0,125.0,trough
2007-02-01,18.4,0.8660254037844386,0.5000000000000001,18.723076923076924,23.0,126.0,trough
2007-03-01,7.2,1.0,6.123233995736766e-17,17.430769230769233,23.0,127.0,trough
2007-04-01,5.4,0.8660254037844387,-0.4999999999999998,15.723076923076924,23.0,128.0,trough
2007-05-01,19.5,0.4999999999999999,-0.8660254037844387,14.792307692307693,23.0,129.0,trough
2007-06-01,21.3,1.2246467991473532e-16,-1.0,13.376923076923077,23.0,130.0,trough
2007-07-01,15.1,-0.4999999999999997,-0.8660254037844388,11.976923076923075,23.0,131.0,trough
2007-08-01,9.8,-0.8660254037844385,-0.5000000000000004,9.946153846153846,23.0,132.0,trough
2007-09-01,4.0,-1.0,-1.8369701987210294e-16,9.723076923076924,23.0,133.0,trough
2007-10-01,1.5,-0.8660254037844386,0.5000000000000001,9.446153846153846,23.0,134.0,trough
2007-11-01,2.8,-0.5000000000000004,0.8660254037844384,9.384615384615385,23.0,135.0,trough
2007-12-01,17.3,-2.4492935982947064e-16,1.0,8.284615384615385,23.0,136.0,trough
2008-01-01,4.1,0.4999999999999999,0.8660254037844387,6.6923076923076925,23.0,137.0,trough
2008-02-01,2.9,0.8660254037844386,0.5000000000000001,5.553846153846154,23.0,138.0,trough
2008-03-01,15.5,1.0,6.123233995736766e-17,4.892307692307692,23.0,139.0,trough
2008-04-01,3.6,0.8660254037844387,-0.4999999999999998,4.907692307692307,23.0,140.0,trough
2008-05-01,4.6,0.4999999999999999,-0.8660254037844387,5.299999999999999,23.0,141.0,trough
2008-06-01,5.2,1.2246467991473532e-16,-1.0,5.161538461538461,23.0,142.0,trough
2008-07-01,0.6,-0.4999999999999997,-0.8660254037844388,3.930769230769231,23.0,143.0,trough
2008-08-01,0.3,-0.8660254037844385,-0.5000000000000004,3.707692307692308,23.0,144.0,trough
2008-09-01,1.2,-1.0,-1.8369701987210294e-16,3.530769230769231,23.0,145.0,trough
2008-10-01,4.2,-0.8660254037844386,0.5000000000000001,2.4307692307692306,23.0,146.0,trough
2008-11-01,6.6,-0.5000000000000004,0.8660254037844384,2.376923076923077,24.0,0.0,rise
2008-12-01,1.0,-2.4492935982947064e-16,1.0,2.5076923076923077,24.0,1.0,rise
2009-01-01,1.3,0.4999999999999999,0.8660254037844387,2.5307692307692307,24.0,2.0,rise
2009-02-01,1.2,0.8660254037844386,0.5000000000000001,2.4846153846153842,24.0,3.0,rise
2009-03-01,0.6,1.0,6.123233995736766e-17,3.007692307692307,24.0,4.0,rise
2009-04-01,1.2,0.8660254037844387,-0.4999999999999998,3.5076923076923077,24.0,5.0,rise
2009-05-01,2.9,0.4999999999999999,-0.8660254037844387,3.715384615384615,24.0,6.0,rise
2009-06-01,6.3,1.2246467991473532e-16,-1.0,4.461538461538462,24.0,7.0,rise
2009-07-01,5.5,-0.4999999999999997,-0.8660254037844388,5.884615384615385,24.0,8.0,rise
2009-08-01,0.0,-0.8660254037844385,-0.5000000000000004,7.976923076923077,24.0,9.0,rise
2009-09-01,7.1,-1.0,-1.8369701987210294e-16,9.73076923076923,24.0,10.0,rise
2009-10-01,7.7,-0.8660254037844386,0.5000000000000001,10.484615384615385,24.0,11.0,rise
2009-11-01,6.9,-0.5000000000000004,0.8660254037844384,11.461538461538462,24.0,12.0,rise
2009-12-01,16.3,-2.4492935982947064e-16,1.0,12.684615384615386,24.0,13.0,rise
2010-01-01,19.5,0.4999999999999999,0.8660254037844387,14.13846153846154,24.0,14.0,rise
2010-02-01,28.5,0.8660254037844386,0.5000000000000001,15.992307692307692,24.0,15.0,rise
2010-03-01,24.0,1.0,6.123233995736766e-17,18.792307692307695,24.0,16.0,rise
2010-04-01,10.4,0.8660254037844387,-0.4999999999999998,20.83076923076923,24.0,17.0,rise
2010-05-01,13.9,0.4999999999999999,-0.8660254037844387,22.884615384615383,24.0,18.0,rise
2010-06-01,18.8,1.2246467991473532e-16,-1.0,24.238461538461536,24.0,19.0,rise
2010-07-01,25.2,-0.4999999999999997,-0.8660254037844388,25.084615384615383,24.0,20.0,rise
2010-08-01,29.6,-0.8660254037844385,-0.5000000000000004,27.300000000000004,24.0,21.0,rise
2010-09-01,36.4,-1.0,-1.8369701987210294e-16,31.15384615384615,24.0,22.0,rise
2010-10-01,33.6,-0.8660254037844386,0.5000000000000001,35.16153846153846,24.0,23.0,rise
2010-11-01,34.4,-0.5000000000000004,0.8660254037844384,38.83846153846154,24.0,24.0,rise
2010-12-01,24.5,-2.4492935982947064e-16,1.0,42.08461538461539,24.0,25.0,rise
2011-01-01,27.3,0.4999999999999999,0.8660254037844387,45.599999999999994,24.0,26.0,rise
2011-02-01,48.3,0.8660254037844386,0.5000000000000001,48.723076923076924,24.0,27.0,rise
2011-03-01,78.6,1.0,6.123233995736766e-17,55.684615384615384,24.0,28.0,rise
2011-04-01,76.1,0.8660254037844387,-0.4999999999999998,62.55384615384616,24.0,29.0,rise
2011-05-01,58.2,0.4999999999999999,-0.8660254037844387,70.66923076923077,24.0,30.0,rise
2011-06-01,56.1,1.2246467991473532e-16,-1.0,76.43076923076923,24.0,31.0,rise
2011-07-01,64.5,-0.4999999999999997,-0.8660254037844388,81.8076923076923,24.0,32.0,rise
2011-08-01,65.8,-0.8660254037844385,-0.5000000000000004,83.38461538461539,24.0,33.0,rise
2011-09-01,120.1,-1.0,-1.8369701987210294e-16,86.33076923076925,24.0,34.0,rise
2011-10-01,125.7,-0.8660254037844386,0.5000000000000001,86.89230769230768,24.0,35.0,rise
2011-11-01,139.1,-0.5000000000000004,0.8660254037844384,88.46153846153847,24.0,36.0,rise
2011-12-01,109.3,-2.4492935982947064e-16,1.0,91.06153846153846,24.0,37.0,rise
2012-01-01,94.4,0.4999999999999999,0.8660254037844387,94.44615384615386,24.0,38.0,rise
2012-02-01,47.8,0.8660254037844386,0.5000000000000001,96.77692307692308,24.0,39.0,rise
2012-03-01,86.6,1.0,6.123233995736766e-17,98.92307692307692,24.0,40.0,rise
2012-04-01,85.9,0.8660254037844387,-0.4999999999999998,95.56923076923077,24.0,41.0,rise
2012-05-01,96.5,0.4999999999999999,-0.8660254037844387,92.63846153846154,24.0,42.0,rise
2012-06-01,92.0,1.2246467991473532e-16,-1.0,86.3076923076923,24.0,43.0,peak
2012-07-01,100.1,-0.4999999999999997,-0.8660254037844388,85.29230769230769,24.0,44.0,peak
2012-08-01,94.8,-0.8660254037844385,-0.5000000000000004,82.71538461538461,24.0,45.0,peak
2012-09-01,93.7,-1.0,-1.8369701987210294e-16,85.06153846153846,24.0,46.0,peak
2012-10-01,76.5,-0.8660254037844386,0.5000000000000001,86.65384615384616,24.0,47.0,peak
2012-11-01,87.6,-0.5000000000000004,0.8660254037844384,89.29230769230769,24.0,48.0,peak
2012-12-01,56.8,-2.4492935982947064e-16,1.0,87.76923076923077,24.0,49.0,peak
2013-01-01,96.1,0.4999999999999999,0.8660254037844387,87.32307692307691,24.0,50.0,peak
2013-02-01,60.9,0.8660254037844386,0.5000000000000001,86.6846153846154,24.0,51.0,peak
2013-03-01,78.3,1.0,6.123233995736766e-17,83.58461538461539,24.0,52.0,peak
2013-04-01,107.3,0.8660254037844387,-0.4999999999999998,85.17692307692307,24.0,53.0,peak
2013-05-01,120.2,0.4999999999999999,-0.8660254037844387,88.05384615384615,24.0,54.0,peak
2013-06-01,76.7,1.2246467991473532e-16,-1.0,90.86923076923078,24.0,55.0,peak
2013-07-01,86.2,-0.4999999999999997,-0.8660254037844388,95.5,24.0,56.0,peak
2013-08-01,91.8,-0.8660254037844385,-0.5000000000000004,99.34615384615384,24.0,57.0,peak
2013-09-01,54.5,-1.0,-1.8369701987210294e-16,104.56153846153846,24.0,58.0,peak
2013-10-01,114.4,-0.8660254037844386,0.5000000000000001,107.1923076923077,24.0,59.0,peak
2013-11-01,113.9,-0.5000000000000004,0.8660254037844384,107.5923076923077,24.0,60.0,peak
2013-12-01,124.2,-2.4492935982947064e-16,1.0,106.26153846153845,24.0,61.0,peak
2014-01-01,117.0,0.4999999999999999,0.8660254037844387,108.06923076923076,24.0,62.0,peak
2014-02-01,146.1,0.8660254037844386,0.5000000000000001,109.66153846153847,24.0,63.0,peak
2014-03-01,128.7,1.0,6.123233995736766e-17,112.6,24.0,64.0,peak
2014-04-01,112.5,0.8660254037844387,-0.4999999999999998,115.33076923076922,24.0,65.0,peak
2014-05-01,112.5,0.4999999999999999,-0.8660254037844387,114.5,24.0,66.0,peak
2014-06-01,102.9,1.2246467991473532e-16,-1.0,114.42307692307692,24.0,67.0,peak
2014-07-01,100.2,-0.4999999999999997,-0.8660254037844388,112.02307692307691,24.0,68.0,peak
2014-08-01,106.9,-0.8660254037844385,-0.5000000000000004,108.15384615384616,24.0,69.0,peak
2014-09-01,130.0,-1.0,-1.8369701987210294e-16,101.10769230769232,24.0,70.0,peak
2014-10-01,90.0,-0.8660254037844386,0.5000000000000001,97.0,24.0,71.0,peak
2014-11-01,103.6,-0.5000000000000004,0.8660254037844384,95.17692307692307,24.0,72.0,peak
2014-12-01,112.9,-2.4492935982947064e-16,1.0,91.63846153846154,24.0,73.0,peak
2015-01-01,93.0,0.4999999999999999,0.8660254037844387,88.78461538461539,24.0,74.0,peak
2015-02-01,66.7,0.8660254037844386,0.5000000000000001,86.03076923076924,24.0,75.0,peak
2015-03-01,54.5,1.0,6.123233995736766e-17,83.85384615384615,24.0,76.0,peak
2015-04-01,75.3,0.8660254037844387,-0.4999999999999998,78.74615384615385,24.0,77.0,peak
2015-05-01,88.8,0.4999999999999999,-0.8660254037844387,76.60769230769232,24.0,78.0,peak
2015-06-01,66.5,1.2246467991473532e-16,-1.0,73.10000000000001,24.0,79.0,peak
2015-07-01,65.8,-0.4999999999999997,-0.8660254037844388,68.80000000000001,24.0,80.0,peak
2015-08-01,64.4,-0.8660254037844385,-0.5000000000000004,65.9846153846154,24.0,81.0,peak
2015-09-01,78.6,-1.0,-1.8369701987210294e-16,65.01538461538462,24.0,82.0,peak
2015-10-01,63.6,-0.8660254037844386,0.5000000000000001,63.73846153846154,24.0,83.0,peak
2015-11-01,62.2,-0.5000000000000004,0.8660254037844384,61.9076923076923,24.0,84.0,peak
2015-12-01,58.0,-2.4492935982947064e-16,1.0,56.65384615384615,24.0,85.0,peak
2016-01-01,57.0,0.4999999999999999,0.8660254037844387,54.03076923076923,24.0,86.0,peak
2016-02-01,56.4,0.8660254037844386,0.5000000000000001,52.830769230769235,24.0,87.0,peak
2016-03-01,54.1,1.0,6.123233995736766e-17,51.30769230769231,24.0,88.0,decline
2016-04-01,37.9,0.8660254037844387,-0.4999999999999998,47.830769230769235,24.0,89.0,decline
2016-05-01,51.5,0.4999999999999999,-0.8660254037844387,44.58461538461539,24.0,90.0,decline
2016-06-01,20.5,1.2246467991473532e-16,-1.0,41.223076923076924,24.0,91.0,decline
2016-07-01,32.4,-0.4999999999999997,-0.8660254037844388,38.76923076923077,24.0,92.0,decline
2016-08-01,50.2,-0.8660254037844385,-0.5000000000000004,36.41538461538462,24.0,93.0,decline
2016-09-01,44.6,-1.0,-1.8369701987210294e-16,33.43846153846154,24.0,94.0,decline
2016-10-01,33.4,-0.8660254037844386,0.5000000000000001,31.761538461538464,24.0,95.0,decline
2016-11-01,21.4,-0.5000000000000004,0.8660254037844384,30.299999999999997,24.0,96.0,decline
2016-12-01,18.5,-2.4492935982947064e-16,1.0,27.815384615384612,24.0,97.0,decline
2017-01-01,26.1,0.4999999999999999,0.8660254037844387,27.607692307692307,24.0,98.0,decline
2017-02-01,26.4,0.8660254037844386,0.5000000000000001,27.623076923076926,24.0,99.0,decline
2017-03-01,17.7,1.0,6.123233995736766e-17,27.123076923076926,24.0,100.0,decline
2017-04-01,32.3,0.8660254037844387,-0.4999999999999998,24.707692307692305,24.0,101.0,decline
2017-05-01,18.9,0.4999999999999999,-0.8660254037844387,22.576923076923077,24.0,102.0,decline
2017-06-01,19.2,1.2246467991473532e-16,-1.0,21.56153846153846,24.0,103.0,decline
2017-07-01,17.8,-0.4999999999999997,-0.8660254037844388,20.66153846153846,24.0,104.0,decline
2017-08-01,32.6,-0.8660254037844385,-0.5000000000000004,19.476923076923075,24.0,105.0,decline
2017-09-01,43.7,-1.0,-1.8369701987210294e-16,17.638461538461538,24.0,106.0,decline
2017-10-01,13.2,-0.8660254037844386,0.5000000000000001,16.96153846153846,24.0,107.0,decline
2017-11-01,5.7,-0.5000000000000004,0.8660254037844384,15.484615384615383,24.0,108.0,decline
2017-12-01,8.2,-2.4492935982947064e-16,1.0,15.23076923076923,24.0,109.0,decline
2018-01-01,6.8,0.4999999999999999,0.8660254037844387,13.876923076923077,24.0,110.0,trough
2018-02-01,10.7,0.8660254037844386,0.5000000000000001,13.176923076923078,24.0,111.0,trough
2018-03-01,2.5,1.0,6.123233995736766e-17,10.923076923076922,24.0,112.0,trough
2018-04-01,8.9,0.8660254037844387,-0.4999999999999998,7.938461538461539,24.0,113.0,trough
2018-05-01,13.1,0.4999999999999999,-0.8660254037844387,7.299999999999999,24.0,114.0,trough
2018-06-01,15.6,1.2246467991473532e-16,-1.0,7.1,24.0,115.0,trough
2018-07-01,1.6,-0.4999999999999997,-0.8660254037844388,7.061538461538461,24.0,116.0,trough
2018-08-01,8.7,-0.8660254037844385,-0.5000000000000004,6.6000000000000005,24.0,117.0,trough
2018-09-01,3.3,-1.0,-1.8369701987210294e-16,6.5,24.0,118.0,trough
2018-10-01,4.9,-0.8660254037844386,0.5000000000000001,7.0076923076923086,24.0,119.0,trough
2018-11-01,4.9,-0.5000000000000004,0.8660254037844384,7.084615384615384,24.0,120.0,trough
2018-12-01,3.1,-2.4492935982947064e-16,1.0,6.1692307692307695,24.0,121.0,trough
2019-01-01,7.7,0.4999999999999999,0.8660254037844387,5.038461538461538,24.0,122.0,trough
2019-02-01,0.8,0.8660254037844386,0.5000000000000001,4.953846153846154,24.0,123.0,trough
2019-03-01,9.4,1.0,6.123233995736766e-17,4.369230769230769,24.0,124.0,trough
2019-04-01,9.1,0.8660254037844387,-0.4999999999999998,4.146153846153846,24.0,125.0,trough
2019-05-01,9.9,0.4999999999999999,-0.8660254037844387,3.8076923076923075,24.0,126.0,trough
2019-06-01,1.2,1.2246467991473532e-16,-1.0,3.5461538461538464,24.0,127.0,trough
2019-07-01,0.9,-0.4999999999999997,-0.8660254037844388,3.784615384615385,24.0,128.0,trough
2019-08-01,0.5,-0.8660254037844385,-0.5000000000000004,3.207692307692308,24.0,129.0,trough
2019-09-01,1.1,-1.0,-1.8369701987210294e-16,3.261538461538462,24.0,130.0,trough
2019-10-01,0.4,-0.8660254037844386,0.5000000000000001,2.9384615384615382,24.0,131.0,trough
2019-11-01,0.5,-0.5000000000000004,0.8660254037844384,2.2538461538461543,24.0,132.0,trough
2019-12-01,1.5,-2.4492935982947064e-16,1.0,1.9384615384615387,25.0,0.0,rise
2020-01-01,6.2,0.4999999999999999,0.8660254037844387,2.3153846153846156,25.0,1.0,rise
2020-02-01,0.2,0.8660254037844386,0.5000000000000001,2.8230769230769233,25.0,2.0,rise
2020-03-01,1.5,1.0,6.123233995736766e-17,2.8307692307692305,25.0,3.0,rise
2020-04-01,5.2,0.8660254037844387,-0.4999999999999998,3.869230769230769,25.0,4.0,rise
2020-05-01,0.2,0.4999999999999999,-0.8660254037844387,6.492307692307692,25.0,5.0,rise
2020-06-01,5.8,1.2246467991473532e-16,-1.0,8.23076923076923,25.0,6.0,rise
2020-07-01,6.1,-0.4999999999999997,-0.8660254037844388,8.915384615384616,25.0,7.0,rise
2020-08-01,7.5,-0.8660254037844385,-0.5000000000000004,9.069230769230769,25.0,8.0,rise
2020-09-01,0.6,-1.0,-1.8369701987210294e-16,10.376923076923076,25.0,9.0,rise
2020-10-01,14.6,-0.8660254037844386,0.5000000000000001,12.146153846153844,25.0,10.0,rise
2020-11-01,34.5,-0.5000000000000004,0.8660254037844384,13.376923076923077,25.0,11.0,rise
2020-12-01,23.1,-2.4492935982947064e-16,1.0,15.284615384615384,25.0,12.0,rise
2021-01-01,10.4,0.4999999999999999,0.8660254037844387,17.476923076923075,25.0,13.0,rise
2021-02-01,8.2,0.8660254037844386,0.5000000000000001,18.700000000000003,25.0,14.0,rise
2021-03-01,17.2,1.0,6.123233995736766e-17,22.069230769230767,25.0,15.0,rise
2021-04-01,24.5,0.8660254037844387,-0.4999999999999998,24.9,25.0,16.0,rise
2021-05-01,21.2,0.4999999999999999,-0.8660254037844387,26.453846153846158,25.0,17.0,rise
2021-06-01,25.0,1.2246467991473532e-16,-1.0,28.99230769230769,25.0,18.0,rise
2021-07-01,34.3,-0.4999999999999997,-0.8660254037844388,31.469230769230766,25.0,19.0,rise
2021-08-01,22.0,-0.8660254037844385,-0.5000000000000004,35.353846153846156,25.0,20.0,rise
2021-09-01,51.3,-1.0,-1.8369701987210294e-16,40.76923076923077,25.0,21.0,rise
2021-10-01,37.4,-0.8660254037844386,0.5000000000000001,45.9076923076923,25.0,22.0,rise
2021-11-01,34.8,-0.5000000000000004,0.8660254037844384,51.44615384615384,25.0,23.0,rise
2021-12-01,67.5,-2.4492935982947064e-16,1.0,55.223076923076924,25.0,24.0,rise
2022-01-01,55.3,0.4999999999999999,0.8660254037844387,60.33076923076923,25.0,25.0,rise
2022-02-01,60.9,0.8660254037844386,0.5000000000000001,63.43076923076923,25.0,26.0,rise
2022-03-01,78.6,1.0,6.123233995736766e-17,69.12307692307692,25.0,27.0,rise
2022-04-01,84.0,0.8660254037844387,-0.4999999999999998,72.52307692307691,25.0,28.0,rise
2022-05-01,96.5,0.4999999999999999,-0.8660254037844387,75.83846153846153,25.0,29.0,rise
2022-06-01,70.3,1.2246467991473532e-16,-1.0,81.83846153846154,25.0,30.0,rise
2022-07-01,91.4,-0.4999999999999997,-0.8660254037844388,87.75384615384615,25.0,31.0,rise
2022-08-01,74.6,-0.8660254037844385,-0.5000000000000004,92.06153846153846,25.0,32.0,rise
2022-09-01,96.0,-1.0,-1.8369701987210294e-16,96.86153846153846,25.0,33.0,rise
2022-10-01,95.5,-0.8660254037844386,0.5000000000000001,98.32307692307693,25.0,34.0,rise
2022-11-01,80.5,-0.5000000000000004,0.8660254037844384,102.43076923076924,25.0,35.0,rise
2022-12-01,112.8,-2.4492935982947064e-16,1.0,107.35384615384616,25.0,36.0,rise
2023-01-01,144.4,0.4999999999999999,0.8660254037844387,114.25384615384617,25.0,37.0,rise
2023-02-01,111.3,0.8660254037844386,0.5000000000000001,116.05384615384615,25.0,38.0,peak
2023-03-01,123.3,1.0,6.123233995736766e-17,120.63846153846156,25.0,39.0,peak
2023-04-01,97.6,0.8660254037844387,-0.4999999999999998,120.93846153846154,25.0,40.0,peak
2023-05-01,137.4,0.4999999999999999,-0.8660254037844387,121.83076923076925,25.0,41.0,peak
2023-06-01,160.5,1.2246467991473532e-16,-1.0,124.36923076923078,25.0,42.0,peak
2023-07-01,160.0,-0.4999999999999997,-0.8660254037844388,125.38461538461539,25.0,43.0,peak
2023-08-01,114.8,-0.8660254037844385,-0.5000000000000004,123.73846153846154,25.0,44.0,peak
2023-09-01,134.2,-1.0,-1.8369701987210294e-16,123.15384615384616,25.0,45.0,peak
2023-10-01,99.9,-0.8660254037844386,0.5000000000000001,124.2076923076923,25.0,46.0,peak
2023-11-01,107.1,-0.5000000000000004,0.8660254037844384,129.93846153846155,25.0,47.0,peak
2023-12-01,113.5,-2.4492935982947064e-16,1.0,131.9923076923077,25.0,48.0,peak
2024-01-01,126.0,0.4999999999999999,0.8660254037844387,134.78461538461536,25.0,49.0,peak
2024-02-01,123.0,0.8660254037844386,0.5000000000000001,139.09230769230768,25.0,50.0,peak
2024-03-01,103.7,1.0,6.123233995736766e-17,141.1153846153846,25.0,51.0,peak
2024-04-01,137.0,0.8660254037844387,-0.4999999999999998,143.54615384615386,25.0,52.0,peak
2024-05-01,172.1,0.4999999999999999,-0.8660254037844387,147.7153846153846,25.0,53.0,peak
2024-06-01,164.1,1.2246467991473532e-16,-1.0,151.36923076923077,25.0,54.0,peak
2024-07-01,196.8,-0.4999999999999997,-0.8660254037844388,153.1769230769231,25.0,55.0,peak
2024-08-01,216.0,-0.8660254037844385,-0.5000000000000004,155.46153846153845,25.0,56.0,peak
2024-09-01,141.1,-1.0,-1.8369701987210294e-16,156.32307692307694,25.0,57.0,peak
2024-10-01,165.8,-0.8660254037844386,0.5000000000000001,159.22307692307692,25.0,58.0,peak
2024-11-01,154.1,-0.5000000000000004,0.8660254037844384,154.72307692307692,25.0,59.0,peak
2024-12-01,154.6,-2.4492935982947064e-16,1.0,150.29999999999998,25.0,60.0,peak
2025-01-01,137.0,0.4999999999999999,0.8660254037844387,147.33846153846156,25.0,61.0,peak
2025-02-01,155.7,0.8660254037844386,0.5000000000000001,142.46923076923076,25.0,62.0,peak
2025-03-01,134.2,1.0,6.123233995736766e-17,135.83846153846156,25.0,63.0,peak
2025-04-01,141.4,0.8660254037844387,-0.4999999999999998,133.79999999999998,25.0,64.0,peak
2025-05-01,78.5,0.4999999999999999,-0.8660254037844387,131.13333333333333,25.0,65.0,peak
2025-06-01,114.6,1.2246467991473532e-16,-1.0,129.04545454545453,25.0,66.0,peak
2025-07-01,125.6,-0.4999999999999997,-0.8660254037844388,126.48999999999998,25.0,67.0,peak
2025-08-01,133.5,-0.8660254037844385,-0.5000000000000004,125.32222222222221,25.0,68.0,peak
2025-09-01,129.8,-1.0,-1.8369701987210294e-16,121.52499999999999,25.0,69.0,peak
2025-10-01,114.6,-0.8660254037844386,0.5000000000000001,119.71428571428571,25.0,70.0,peak
