year,month,ssn,date,month_sin,month_cos,year_norm,ssn_ma3,ssn_ma12
1749,2,104.3,1749-02-01,0.8660254037844386,0.5000000000000001,0.0,104.3,104.3
1749,3,116.7,1749-03-01,1.0,6.123233995736766e-17,0.0,110.5,110.5
1749,4,92.8,1749-04-01,0.8660254037844387,-0.4999999999999998,0.0,104.60000000000001,104.60000000000001
1749,5,141.7,1749-05-01,0.4999999999999999,-0.8660254037844387,0.0,117.06666666666666,113.875
1749,6,139.2,1749-06-01,1.2246467991473532e-16,-1.0,0.0,124.56666666666666,118.94000000000001
1749,7,158.0,1749-07-01,-0.4999999999999997,-0.8660254037844388,0.0,146.29999999999998,125.45
1749,8,110.5,1749-08-01,-0.8660254037844385,-0.5000000000000004,0.0,135.9,123.31428571428572
1749,9,126.5,1749-09-01,-1.0,-1.8369701987210294e-16,0.0,131.66666666666666,123.7125
1749,10,125.8,1749-10-01,-0.8660254037844386,0.5000000000000001,0.0,120.93333333333334,123.94444444444444
1749,11,264.3,1749-11-01,-0.5000000000000004,0.8660254037844384,0.0,172.20000000000002,137.98
1749,12,142.0,1749-12-01,-2.4492935982947064e-16,1.0,0.0,177.36666666666667,138.34545454545454
1750,1,122.2,1750-01-01,0.4999999999999999,0.8660254037844387,0.0036231884057971,176.16666666666666,137.0
1750,2,126.5,1750-02-01,0.8660254037844386,0.5000000000000001,0.0036231884057971,130.23333333333332,138.85
1750,3,148.7,1750-03-01,1.0,6.123233995736766e-17,0.0036231884057971,132.46666666666667,141.51666666666668
1750,4,147.2,1750-04-01,0.8660254037844387,-0.4999999999999998,0.0036231884057971,140.79999999999998,146.04999999999998
1750,5,150.0,1750-05-01,0.4999999999999999,-0.8660254037844387,0.0036231884057971,148.63333333333333,146.74166666666667
1750,6,166.7,1750-06-01,1.2246467991473532e-16,-1.0,0.0036231884057971,154.63333333333333,149.03333333333333
1750,7,142.3,1750-07-01,-0.4999999999999997,-0.8660254037844388,0.0036231884057971,153.0,147.725
1750,8,171.7,1750-08-01,-0.8660254037844385,-0.5000000000000004,0.0036231884057971,160.23333333333332,152.825
1750,9,152.0,1750-09-01,-1.0,-1.8369701987210294e-16,0.0036231884057971,155.33333333333334,154.95
1750,10,109.5,1750-10-01,-0.8660254037844386,0.5000000000000001,0.0036231884057971,144.4,153.59166666666667
1750,11,105.5,1750-11-01,-0.5000000000000004,0.8660254037844384,0.0036231884057971,122.33333333333333,140.35833333333332
1750,12,125.7,1750-12-01,-2.4492935982947064e-16,1.0,0.0036231884057971,113.56666666666666,139.0
1751,1,116.7,1751-01-01,0.4999999999999999,0.8660254037844387,0.0072463768115942,115.96666666666665,138.54166666666666
1751,2,72.5,1751-02-01,0.8660254037844386,0.5000000000000001,0.0072463768115942,104.96666666666665,134.04166666666666
1751,3,75.5,1751-03-01,1.0,6.123233995736766e-17,0.0072463768115942,88.23333333333335,127.94166666666666
1751,4,94.0,1751-04-01,0.8660254037844387,-0.4999999999999998,0.0072463768115942,80.66666666666667,123.50833333333333
1751,5,101.2,1751-05-01,0.4999999999999999,-0.8660254037844387,0.0072463768115942,90.23333333333333,119.44166666666666
1751,6,84.5,1751-06-01,1.2246467991473532e-16,-1.0,0.0072463768115942,93.23333333333333,112.59166666666668
1751,7,110.5,1751-07-01,-0.4999999999999997,-0.8660254037844388,0.0072463768115942,98.73333333333333,109.94166666666668
1751,8,99.7,1751-08-01,-0.8660254037844385,-0.5000000000000004,0.0072463768115942,98.23333333333335,103.94166666666668
1751,9,39.2,1751-09-01,-1.0,-1.8369701987210294e-16,0.0072463768115942,83.13333333333334,94.54166666666667
1751,10,38.7,1751-10-01,-0.8660254037844386,0.5000000000000001,0.0072463768115942,59.20000000000001,88.64166666666667
1751,11,47.5,1751-11-01,-0.5000000000000004,0.8660254037844384,0.0072463768115942,41.800000000000004,83.80833333333334
1751,12,73.3,1751-12-01,-2.4492935982947064e-16,1.0,0.0072463768115942,53.166666666666664,79.44166666666668
1752,1,58.3,1752-01-01,0.4999999999999999,0.8660254037844387,0.0108695652173913,59.699999999999996,74.575
1752,2,83.3,1752-02-01,0.8660254037844386,0.5000000000000001,0.0108695652173913,71.63333333333333,75.475
1752,3,118.3,1752-03-01,1.0,6.123233995736766e-17,0.0108695652173913,86.63333333333333,79.04166666666667
1752,4,98.8,1752-04-01,0.8660254037844387,-0.4999999999999998,0.0108695652173913,100.13333333333333,79.44166666666666
1752,5,99.5,1752-05-01,0.4999999999999999,-0.8660254037844387,0.0108695652173913,105.53333333333332,79.3
1752,6,66.0,1752-06-01,1.2246467991473532e-16,-1.0,0.0108695652173913,88.10000000000001,77.75833333333334
1752,7,130.7,1752-07-01,-0.4999999999999997,-0.8660254037844388,0.0108695652173913,98.73333333333333,79.44166666666666
1752,8,48.8,1752-08-01,-0.8660254037844385,-0.5000000000000004,0.0108695652173913,81.83333333333333,75.2
1752,9,45.2,1752-09-01,-1.0,-1.8369701987210294e-16,0.0108695652173913,74.89999999999999,75.69999999999999
1752,10,77.7,1752-10-01,-0.8660254037844386,0.5000000000000001,0.0108695652173913,57.23333333333333,78.95
1752,11,62.7,1752-11-01,-0.5000000000000004,0.8660254037844384,0.0108695652173913,61.866666666666674,80.21666666666667
1752,12,66.7,1752-12-01,-2.4492935982947064e-16,1.0,0.0108695652173913,69.03333333333335,79.66666666666666
1753,1,73.3,1753-01-01,0.4999999999999999,0.8660254037844387,0.0144927536231884,67.56666666666666,80.91666666666667
1753,2,53.3,1753-02-01,0.8660254037844386,0.5000000000000001,0.0144927536231884,64.43333333333334,78.41666666666667
1753,3,76.2,1753-03-01,1.0,6.123233995736766e-17,0.0144927536231884,67.60000000000001,74.90833333333333
1753,4,63.3,1753-04-01,0.8660254037844387,-0.4999999999999998,0.0144927536231884,64.26666666666667,71.95
1753,5,60.0,1753-05-01,0.4999999999999999,-0.8660254037844387,0.0144927536231884,66.5,68.65833333333333
1753,6,52.8,1753-06-01,1.2246467991473532e-16,-1.0,0.0144927536231884,58.699999999999996,67.55833333333334
1753,7,36.7,1753-07-01,-0.4999999999999997,-0.8660254037844388,0.0144927536231884,49.833333333333336,59.724999999999994
1753,8,65.0,1753-08-01,-0.8660254037844385,-0.5000000000000004,0.0144927536231884,51.5,61.074999999999996
1753,9,46.7,1753-09-01,-1.0,-1.8369701987210294e-16,0.0144927536231884,49.46666666666667,61.20000000000001
1753,10,41.7,1753-10-01,-0.8660254037844386,0.5000000000000001,0.0144927536231884,51.13333333333333,58.199999999999996
1753,11,33.3,1753-11-01,-0.5000000000000004,0.8660254037844384,0.0144927536231884,40.56666666666667,55.75
1753,12,11.2,1753-12-01,-2.4492935982947064e-16,1.0,0.0144927536231884,28.733333333333334,51.125
1754,1,0.0,1754-01-01,0.4999999999999999,0.8660254037844387,0.0181159420289855,14.833333333333334,45.01666666666666
1754,2,5.0,1754-02-01,0.8660254037844386,0.5000000000000001,0.0181159420289855,5.3999999999999995,40.99166666666667
1754,3,2.8,1754-03-01,1.0,6.123233995736766e-17,0.0181159420289855,2.6,34.875
1754,4,22.8,1754-04-01,0.8660254037844387,-0.4999999999999998,0.0181159420289855,10.200000000000001,31.5
1754,5,34.5,1754-05-01,0.4999999999999999,-0.8660254037844387,0.0181159420289855,20.033333333333335,29.375
1754,6,44.5,1754-06-01,1.2246467991473532e-16,-1.0,0.0181159420289855,33.93333333333334,28.683333333333334
1754,7,31.3,1754-07-01,-0.4999999999999997,-0.8660254037844388,0.0181159420289855,36.766666666666666,28.233333333333334
1754,8,20.5,1754-08-01,-0.8660254037844385,-0.5000000000000004,0.0181159420289855,32.1,24.525000000000002
1754,9,13.7,1754-09-01,-1.0,-1.8369701987210294e-16,0.0181159420289855,21.833333333333332,21.775000000000002
1754,10,40.2,1754-10-01,-0.8660254037844386,0.5000000000000001,0.0181159420289855,24.8,21.650000000000002
1754,11,22.0,1754-11-01,-0.5000000000000004,0.8660254037844384,0.0181159420289855,25.3,20.708333333333332
1754,12,7.0,1754-12-01,-2.4492935982947064e-16,1.0,0.0181159420289855,23.066666666666666,20.358333333333334
1755,1,17.0,1755-01-01,0.4999999999999999,0.8660254037844387,0.0217391304347826,15.333333333333334,21.775000000000002
1755,2,18.7,1755-02-01,0.8660254037844386,0.5000000000000001,0.0217391304347826,14.233333333333334,22.916666666666668
1755,3,11.3,1755-03-01,1.0,6.123233995736766e-17,0.0217391304347826,15.666666666666666,23.625
1755,4,10.8,1755-04-01,0.8660254037844387,-0.4999999999999998,0.0217391304347826,13.6,22.625
1755,5,0.0,1755-05-01,0.4999999999999999,-0.8660254037844387,0.0217391304347826,7.366666666666667,19.75
1755,6,0.0,1755-06-01,1.2246467991473532e-16,-1.0,0.0217391304347826,3.6,16.041666666666668
1755,7,14.3,1755-07-01,-0.4999999999999997,-0.8660254037844388,0.0217391304347826,4.766666666666667,14.625
1755,8,5.3,1755-08-01,-0.8660254037844385,-0.5000000000000004,0.0217391304347826,6.533333333333334,13.358333333333334
1755,9,29.7,1755-09-01,-1.0,-1.8369701987210294e-16,0.0217391304347826,16.433333333333334,14.691666666666668
1755,10,39.5,1755-10-01,-0.8660254037844386,0.5000000000000001,0.0217391304347826,24.833333333333332,14.633333333333333
1755,11,11.3,1755-11-01,-0.5000000000000004,0.8660254037844384,0.0217391304347826,26.833333333333332,13.741666666666667
1755,12,33.3,1755-12-01,-2.4492935982947064e-16,1.0,0.0217391304347826,28.03333333333333,15.933333333333332
1756,1,20.8,1756-01-01,0.4999999999999999,0.8660254037844387,0.0253623188405797,21.799999999999997,16.25
1756,2,11.8,1756-02-01,0.8660254037844386,0.5000000000000001,0.0253623188405797,21.96666666666667,15.675000000000002
1756,3,9.0,1756-03-01,1.0,6.123233995736766e-17,0.0253623188405797,13.866666666666667,15.483333333333334
1756,4,15.7,1756-04-01,0.8660254037844387,-0.4999999999999998,0.0253623188405797,12.166666666666666,15.891666666666666
1756,5,20.8,1756-05-01,0.4999999999999999,-0.8660254037844387,0.0253623188405797,15.166666666666666,17.625
1756,6,21.5,1756-06-01,1.2246467991473532e-16,-1.0,0.0253623188405797,19.333333333333332,19.416666666666668
1756,7,6.0,1756-07-01,-0.4999999999999997,-0.8660254037844388,0.0253623188405797,16.099999999999998,18.725
1756,8,10.7,1756-08-01,-0.8660254037844385,-0.5000000000000004,0.0253623188405797,12.733333333333334,19.175
1756,9,19.7,1756-09-01,-1.0,-1.8369701987210294e-16,0.0253623188405797,12.133333333333333,18.34166666666667
1756,10,23.8,1756-10-01,-0.8660254037844386,0.5000000000000001,0.0253623188405797,18.066666666666666,17.033333333333335
1756,11,28.3,1756-11-01,-0.5000000000000004,0.8660254037844384,0.0253623188405797,23.933333333333334,18.45
1756,12,15.7,1756-12-01,-2.4492935982947064e-16,1.0,0.0253623188405797,22.599999999999998,16.983333333333334
1757,1,23.5,1757-01-01,0.4999999999999999,0.8660254037844387,0.0289855072463768,22.5,17.208333333333332
1757,2,35.3,1757-02-01,0.8660254037844386,0.5000000000000001,0.0289855072463768,24.833333333333332,19.166666666666668
1757,3,43.7,1757-03-01,1.0,6.123233995736766e-17,0.0289855072463768,34.166666666666664,22.058333333333334
1757,4,50.0,1757-04-01,0.8660254037844387,-0.4999999999999998,0.0289855072463768,43.0,24.916666666666668
1757,5,63.5,1757-05-01,0.4999999999999999,-0.8660254037844387,0.0289855072463768,52.4,28.474999999999998
1757,6,21.3,1757-06-01,1.2246467991473532e-16,-1.0,0.0289855072463768,44.93333333333333,28.458333333333332
1757,7,41.7,1757-07-01,-0.4999999999999997,-0.8660254037844388,0.0289855072463768,42.166666666666664,31.433333333333334
1757,8,85.5,1757-08-01,-0.8660254037844385,-0.5000000000000004,0.0289855072463768,49.5,37.666666666666664
1757,9,66.2,1757-09-01,-1.0,-1.8369701987210294e-16,0.0289855072463768,64.46666666666667,41.541666666666664
1757,10,54.2,1757-10-01,-0.8660254037844386,0.5000000000000001,0.0289855072463768,68.63333333333333,44.074999999999996
1757,11,107.8,1757-11-01,-0.5000000000000004,0.8660254037844384,0.0289855072463768,76.06666666666666,50.699999999999996
1757,12,55.8,1757-12-01,-2.4492935982947064e-16,1.0,0.0289855072463768,72.60000000000001,54.041666666666664
1758,1,62.7,1758-01-01,0.4999999999999999,0.8660254037844387,0.0326086956521739,75.43333333333334,57.30833333333333
1758,2,86.7,1758-02-01,0.8660254037844386,0.5000000000000001,0.0326086956521739,68.39999999999999,61.59166666666667
1758,3,81.7,1758-03-01,1.0,6.123233995736766e-17,0.0326086956521739,77.03333333333333,64.75833333333334
1758,4,120.5,1758-04-01,0.8660254037844387,-0.4999999999999998,0.0326086956521739,96.3,70.63333333333333
1758,5,77.3,1758-05-01,0.4999999999999999,-0.8660254037844387,0.0326086956521739,93.16666666666667,71.78333333333333
1758,6,75.0,1758-06-01,1.2246467991473532e-16,-1.0,0.0326086956521739,90.93333333333334,76.25833333333334
1758,7,73.3,1758-07-01,-0.4999999999999997,-0.8660254037844388,0.0326086956521739,75.2,78.89166666666667
1758,8,64.5,1758-08-01,-0.8660254037844385,-0.5000000000000004,0.0326086956521739,70.93333333333334,77.14166666666667
1758,9,104.2,1758-09-01,-1.0,-1.8369701987210294e-16,0.0326086956521739,80.66666666666667,80.30833333333334
1758,10,62.8,1758-10-01,-0.8660254037844386,0.5000000000000001,0.0326086956521739,77.16666666666667,81.02499999999999
1758,11,71.7,1758-11-01,-0.5000000000000004,0.8660254037844384,0.0326086956521739,79.56666666666666,78.01666666666667
1758,12,71.7,1758-12-01,-2.4492935982947064e-16,1.0,0.0326086956521739,68.73333333333333,79.34166666666667
1759,1,80.5,1759-01-01,0.4999999999999999,0.8660254037844387,0.036231884057971,74.63333333333334,80.825
1759,2,73.3,1759-02-01,0.8660254037844386,0.5000000000000001,0.036231884057971,75.16666666666667,79.70833333333333
1759,3,78.0,1759-03-01,1.0,6.123233995736766e-17,0.036231884057971,77.26666666666667,79.4
1759,4,78.3,1759-04-01,0.8660254037844387,-0.4999999999999998,0.036231884057971,76.53333333333333,75.88333333333334
1759,5,81.7,1759-05-01,0.4999999999999999,-0.8660254037844387,0.036231884057971,79.33333333333333,76.25
1759,6,83.3,1759-06-01,1.2246467991473532e-16,-1.0,0.036231884057971,81.10000000000001,76.94166666666666
1759,7,85.0,1759-07-01,-0.4999999999999997,-0.8660254037844388,0.036231884057971,83.33333333333333,77.91666666666667
1759,8,118.8,1759-08-01,-0.8660254037844385,-0.5000000000000004,0.036231884057971,95.7,82.44166666666666
1759,9,128.7,1759-09-01,-1.0,-1.8369701987210294e-16,0.036231884057971,110.83333333333333,84.48333333333333
1759,10,99.5,1759-10-01,-0.8660254037844386,0.5000000000000001,0.036231884057971,115.66666666666667,87.54166666666667
1759,11,77.2,1759-11-01,-0.5000000000000004,0.8660254037844384,0.036231884057971,101.8,88.0
1759,12,95.0,1759-12-01,-2.4492935982947064e-16,1.0,0.036231884057971,90.56666666666666,89.94166666666666
1760,1,112.2,1760-01-01,0.4999999999999999,0.8660254037844387,0.0398550724637681,94.8,92.58333333333333
1760,2,99.2,1760-02-01,0.8660254037844386,0.5000000000000001,0.0398550724637681,102.13333333333334,94.74166666666667
1760,3,124.5,1760-03-01,1.0,6.123233995736766e-17,0.0398550724637681,111.96666666666668,98.61666666666667
1760,4,97.2,1760-04-01,0.8660254037844387,-0.4999999999999998,0.0398550724637681,106.96666666666665,100.19166666666666
1760,5,120.0,1760-05-01,0.4999999999999999,-0.8660254037844387,0.0398550724637681,113.90000000000002,103.38333333333334
1760,6,80.5,1760-06-01,1.2246467991473532e-16,-1.0,0.0398550724637681,99.23333333333335,103.14999999999999
1760,7,110.0,1760-07-01,-0.4999999999999997,-0.8660254037844388,0.0398550724637681,103.5,105.23333333333333
1760,8,126.0,1760-08-01,-0.8660254037844385,-0.5000000000000004,0.0398550724637681,105.5,105.83333333333333
1760,9,102.2,1760-09-01,-1.0,-1.8369701987210294e-16,0.0398550724637681,112.73333333333333,103.62500000000001
1760,10,84.3,1760-10-01,-0.8660254037844386,0.5000000000000001,0.0398550724637681,104.16666666666667,102.35833333333333
1760,11,99.5,1760-11-01,-0.5000000000000004,0.8660254037844384,0.0398550724637681,95.33333333333333,104.21666666666668
1760,12,101.7,1760-12-01,-2.4492935982947064e-16,1.0,0.0398550724637681,95.16666666666667,104.77500000000002
1761,1,116.7,1761-01-01,0.4999999999999999,0.8660254037844387,0.0434782608695652,105.96666666666665,105.14999999999999
1761,2,151.7,1761-02-01,0.8660254037844386,0.5000000000000001,0.0434782608695652,123.36666666666667,109.52499999999999
1761,3,134.5,1761-03-01,1.0,6.123233995736766e-17,0.0434782608695652,134.29999999999998,110.35833333333333
1761,4,119.5,1761-04-01,0.8660254037844387,-0.4999999999999998,0.0434782608695652,135.23333333333332,112.21666666666665
1761,5,178.7,1761-05-01,0.4999999999999999,-0.8660254037844387,0.0434782608695652,144.23333333333332,117.10833333333333
1761,6,165.5,1761-06-01,1.2246467991473532e-16,-1.0,0.0434782608695652,154.56666666666666,124.19166666666666
1761,7,156.8,1761-07-01,-0.4999999999999997,-0.8660254037844388,0.0434782608695652,167.0,128.09166666666667
1761,8,151.8,1761-08-01,-0.8660254037844385,-0.5000000000000004,0.0434782608695652,158.03333333333333,130.24166666666665
1761,9,167.8,1761-09-01,-1.0,-1.8369701987210294e-16,0.0434782608695652,158.8,135.70833333333334
1761,10,147.8,1761-10-01,-0.8660254037844386,0.5000000000000001,0.0434782608695652,155.8,141.0
1761,11,149.5,1761-11-01,-0.5000000000000004,0.8660254037844384,0.0434782608695652,155.03333333333333,145.16666666666666
1761,12,76.7,1761-12-01,-2.4492935982947064e-16,1.0,0.0434782608695652,124.66666666666667,143.08333333333334
1762,1,73.0,1762-01-01,0.4999999999999999,0.8660254037844387,0.0471014492753623,99.73333333333333,139.4416666666667
1762,2,121.3,1762-02-01,0.8660254037844386,0.5000000000000001,0.0471014492753623,90.33333333333333,136.90833333333333
1762,3,76.2,1762-03-01,1.0,6.123233995736766e-17,0.0471014492753623,90.16666666666667,132.05
1762,4,100.3,1762-04-01,0.8660254037844387,-0.4999999999999998,0.0471014492753623,99.26666666666667,130.45000000000002
1762,5,66.5,1762-05-01,0.4999999999999999,-0.8660254037844387,0.0471014492753623,81.0,121.10000000000001
1762,6,128.5,1762-06-01,1.2246467991473532e-16,-1.0,0.0471014492753623,98.43333333333334,118.01666666666667
1762,7,56.3,1762-07-01,-0.4999999999999997,-0.8660254037844388,0.0471014492753623,83.76666666666667,109.64166666666667
1762,8,112.8,1762-08-01,-0.8660254037844385,-0.5000000000000004,0.0471014492753623,99.2,106.39166666666667
1762,9,114.2,1762-09-01,-1.0,-1.8369701987210294e-16,0.0471014492753623,94.43333333333334,101.925
1762,10,115.5,1762-10-01,-0.8660254037844386,0.5000000000000001,0.0471014492753623,114.16666666666667,99.23333333333333
1762,11,129.7,1762-11-01,-0.5000000000000004,0.8660254037844384,0.0471014492753623,119.8,97.58333333333333
1762,12,128.7,1762-12-01,-2.4492935982947064e-16,1.0,0.0471014492753623,124.63333333333333,101.91666666666667
1763,1,94.2,1763-01-01,0.4999999999999999,0.8660254037844387,0.0507246376811594,117.53333333333335,103.68333333333332
1763,2,53.2,1763-02-01,0.8660254037844386,0.5000000000000001,0.0507246376811594,92.03333333333335,98.00833333333333
1763,3,57.0,1763-03-01,1.0,6.123233995736766e-17,0.0507246376811594,68.13333333333334,96.40833333333332
1763,4,54.8,1763-04-01,0.8660254037844387,-0.4999999999999998,0.0507246376811594,55.00000000000001,92.61666666666666
1763,5,54.5,1763-05-01,0.4999999999999999,-0.8660254037844387,0.0507246376811594,55.43333333333334,91.61666666666666
1763,6,59.7,1763-06-01,1.2246467991473532e-16,-1.0,0.0507246376811594,56.33333333333334,85.88333333333333
1763,7,90.3,1763-07-01,-0.4999999999999997,-0.8660254037844388,0.0507246376811594,68.16666666666667,88.71666666666665
1763,8,44.2,1763-08-01,-0.8660254037844385,-0.5000000000000004,0.0507246376811594,64.73333333333335,83.0
1763,9,113.5,1763-09-01,-1.0,-1.8369701987210294e-16,0.0507246376811594,82.66666666666669,82.94166666666666
1763,10,77.2,1763-10-01,-0.8660254037844386,0.5000000000000001,0.0507246376811594,78.30000000000001,79.75
1763,11,101.5,1763-11-01,-0.5000000000000004,0.8660254037844384,0.0507246376811594,97.40000000000002,77.39999999999999
1763,12,102.3,1763-12-01,-2.4492935982947064e-16,1.0,0.0507246376811594,93.66666666666669,75.2
1764,1,99.5,1764-01-01,0.4999999999999999,0.8660254037844387,0.0543478260869565,101.10000000000001,75.64166666666667
1764,2,99.5,1764-02-01,0.8660254037844386,0.5000000000000001,0.0543478260869565,100.43333333333334,79.5
1764,3,67.0,1764-03-01,1.0,6.123233995736766e-17,0.0543478260869565,88.66666666666667,80.33333333333333
1764,4,57.3,1764-04-01,0.8660254037844387,-0.4999999999999998,0.0543478260869565,74.60000000000001,80.54166666666667
1764,5,73.8,1764-05-01,0.4999999999999999,-0.8660254037844387,0.0543478260869565,66.03333333333335,82.14999999999999
1764,6,50.0,1764-06-01,1.2246467991473532e-16,-1.0,0.0543478260869565,60.366666666666674,81.34166666666667
1764,7,50.0,1764-07-01,-0.4999999999999997,-0.8660254037844388,0.0543478260869565,57.93333333333334,77.98333333333333
1764,8,50.0,1764-08-01,-0.8660254037844385,-0.5000000000000004,0.0543478260869565,50.0,78.46666666666667
1764,9,47.0,1764-09-01,-1.0,-1.8369701987210294e-16,0.0543478260869565,49.00000000000001,72.925
1764,10,46.7,1764-10-01,-0.8660254037844386,0.5000000000000001,0.0543478260869565,47.90000000000001,70.38333333333334
1764,11,43.3,1764-11-01,-0.5000000000000004,0.8660254037844384,0.0543478260869565,45.66666666666668,65.53333333333333
1764,12,42.8,1764-12-01,-2.4492935982947064e-16,1.0,0.0543478260869565,44.26666666666667,60.574999999999996
1765,1,40.0,1765-01-01,0.4999999999999999,0.8660254037844387,0.0579710144927536,42.03333333333334,55.61666666666667
1765,2,43.3,1765-02-01,0.8660254037844386,0.5000000000000001,0.0579710144927536,42.03333333333334,50.93333333333334
1765,3,41.7,1765-03-01,1.0,6.123233995736766e-17,0.0579710144927536,41.66666666666668,48.824999999999996
1765,4,36.7,1765-04-01,0.8660254037844387,-0.4999999999999998,0.0579710144927536,40.56666666666668,47.10833333333333
1765,5,33.7,1765-05-01,0.4999999999999999,-0.8660254037844387,0.0579710144927536,37.36666666666668,43.76666666666667
1765,6,33.3,1765-06-01,1.2246467991473532e-16,-1.0,0.0579710144927536,34.56666666666668,42.375
1765,7,45.0,1765-07-01,-0.4999999999999997,-0.8660254037844388,0.0579710144927536,37.33333333333334,41.958333333333336
1765,8,49.5,1765-08-01,-0.8660254037844385,-0.5000000000000004,0.0579710144927536,42.60000000000001,41.916666666666664
1765,9,26.7,1765-09-01,-1.0,-1.8369701987210294e-16,0.0579710144927536,40.40000000000001,40.225
1765,10,23.3,1765-10-01,-0.8660254037844386,0.5000000000000001,0.0579710144927536,33.16666666666668,38.275
1765,11,23.3,1765-11-01,-0.5000000000000004,0.8660254037844384,0.0579710144927536,24.43333333333334,36.608333333333334
1765,12,21.7,1765-12-01,-2.4492935982947064e-16,1.0,0.0579710144927536,22.766666666666676,34.85
1766,1,20.0,1766-01-01,0.4999999999999999,0.8660254037844387,0.0615942028985507,21.666666666666675,33.18333333333333
1766,2,18.3,1766-02-01,0.8660254037844386,0.5000000000000001,0.0615942028985507,20.00000000000001,31.099999999999998
1766,3,61.0,1766-03-01,1.0,6.123233995736766e-17,0.0615942028985507,33.10000000000001,32.708333333333336
1766,4,10.0,1766-04-01,0.8660254037844387,-0.4999999999999998,0.0615942028985507,29.766666666666676,30.483333333333334
1766,5,44.7,1766-05-01,0.4999999999999999,-0.8660254037844387,0.0615942028985507,38.56666666666668,31.400000000000002
1766,6,5.0,1766-06-01,1.2246467991473532e-16,-1.0,0.0615942028985507,19.90000000000001,29.041666666666668
1766,7,5.5,1766-07-01,-0.4999999999999997,-0.8660254037844388,0.0615942028985507,18.40000000000001,25.75
1766,8,6.7,1766-08-01,-0.8660254037844385,-0.5000000000000004,0.0615942028985507,5.733333333333342,22.183333333333334
1766,9,7.2,1766-09-01,-1.0,-1.8369701987210294e-16,0.0615942028985507,6.466666666666676,20.558333333333334
1766,10,8.3,1766-10-01,-0.8660254037844386,0.5000000000000001,0.0615942028985507,7.40000000000001,19.308333333333334
1766,11,9.5,1766-11-01,-0.5000000000000004,0.8660254037844384,0.0615942028985507,8.333333333333343,18.15833333333333
1766,12,32.0,1766-12-01,-2.4492935982947064e-16,1.0,0.0615942028985507,16.60000000000001,19.016666666666666
1767,1,45.7,1767-01-01,0.4999999999999999,0.8660254037844387,0.0652173913043478,29.066666666666677,21.158333333333335
1767,2,50.0,1767-02-01,0.8660254037844386,0.5000000000000001,0.0652173913043478,42.56666666666668,23.8
1767,3,71.7,1767-03-01,1.0,6.123233995736766e-17,0.0652173913043478,55.80000000000001,24.691666666666666
1767,4,54.8,1767-04-01,0.8660254037844387,-0.4999999999999998,0.0652173913043478,58.83333333333334,28.425
1767,5,49.7,1767-05-01,0.4999999999999999,-0.8660254037844387,0.0652173913043478,58.73333333333335,28.84166666666667
1767,6,55.5,1767-06-01,1.2246467991473532e-16,-1.0,0.0652173913043478,53.33333333333334,33.050000000000004
1767,7,36.5,1767-07-01,-0.4999999999999997,-0.8660254037844388,0.0652173913043478,47.23333333333335,35.63333333333333
1767,8,68.0,1767-08-01,-0.8660254037844385,-0.5000000000000004,0.0652173913043478,53.33333333333334,40.74166666666667
1767,9,71.2,1767-09-01,-1.0,-1.8369701987210294e-16,0.0652173913043478,58.566666666666684,46.07500000000001
1767,10,73.5,1767-10-01,-0.8660254037844386,0.5000000000000001,0.0652173913043478,70.90000000000002,51.508333333333326
1767,11,91.2,1767-11-01,-0.5000000000000004,0.8660254037844384,0.0652173913043478,78.63333333333334,58.31666666666666
1767,12,88.8,1767-12-01,-2.4492935982947064e-16,1.0,0.0652173913043478,84.50000000000001,63.04999999999999
1768,1,89.2,1768-01-01,0.4999999999999999,0.8660254037844387,0.0688405797101449,89.73333333333335,66.675
1768,2,110.2,1768-02-01,0.8660254037844386,0.5000000000000001,0.0688405797101449,96.06666666666668,71.69166666666668
1768,3,77.2,1768-03-01,1.0,6.123233995736766e-17,0.0688405797101449,92.2,72.14999999999999
1768,4,71.2,1768-04-01,0.8660254037844387,-0.4999999999999998,0.0688405797101449,86.2,73.51666666666667
1768,5,129.5,1768-05-01,0.4999999999999999,-0.8660254037844387,0.0688405797101449,92.63333333333334,80.16666666666667
1768,6,129.0,1768-06-01,1.2246467991473532e-16,-1.0,0.0688405797101449,109.90000000000002,86.29166666666667
1768,7,87.7,1768-07-01,-0.4999999999999997,-0.8660254037844388,0.0688405797101449,115.40000000000002,90.55833333333334
1768,8,111.3,1768-08-01,-0.8660254037844385,-0.5000000000000004,0.0688405797101449,109.33333333333333,94.16666666666667
1768,9,124.7,1768-09-01,-1.0,-1.8369701987210294e-16,0.0688405797101449,107.90000000000002,98.625
1768,10,129.7,1768-10-01,-0.8660254037844386,0.5000000000000001,0.0688405797101449,121.90000000000002,103.30833333333332
1768,11,151.0,1768-11-01,-0.5000000000000004,0.8660254037844384,0.0688405797101449,135.13333333333335,108.29166666666667
1768,12,186.3,1768-12-01,-2.4492935982947064e-16,1.0,0.0688405797101449,155.66666666666669,116.41666666666667
1769,1,123.2,1769-01-01,0.4999999999999999,0.8660254037844387,0.072463768115942,153.50000000000003,119.25
1769,2,107.0,1769-02-01,0.8660254037844386,0.5000000000000001,0.072463768115942,138.83333333333334,118.98333333333335
1769,3,107.2,1769-03-01,1.0,6.123233995736766e-17,0.072463768115942,112.4666666666667,121.48333333333333
1769,4,161.2,1769-04-01,0.8660254037844387,-0.4999999999999998,0.072463768115942,125.13333333333337,128.98333333333332
1769,5,122.7,1769-05-01,0.4999999999999999,-0.8660254037844387,0.072463768115942,130.3666666666667,128.41666666666666
1769,6,157.3,1769-06-01,1.2246467991473532e-16,-1.0,0.072463768115942,147.0666666666667,130.775
1769,7,197.7,1769-07-01,-0.4999999999999997,-0.8660254037844388,0.072463768115942,159.23333333333338,139.94166666666666
1769,8,200.5,1769-08-01,-0.8660254037844385,-0.5000000000000004,0.072463768115942,185.16666666666666,147.375
1769,9,248.0,1769-09-01,-1.0,-1.8369701987210294e-16,0.072463768115942,215.4,157.65
1769,10,263.7,1769-10-01,-0.8660254037844386,0.5000000000000001,0.072463768115942,237.4,168.81666666666666
1769,11,246.8,1769-11-01,-0.5000000000000004,0.8660254037844384,0.072463768115942,252.83333333333334,176.80000000000004
1769,12,186.7,1769-12-01,-2.4492935982947064e-16,1.0,0.072463768115942,232.4,176.83333333333334
1770,1,173.3,1770-01-01,0.4999999999999999,0.8660254037844387,0.0760869565217391,202.26666666666668,181.00833333333333
1770,2,237.5,1770-02-01,0.8660254037844386,0.5000000000000001,0.0760869565217391,199.16666666666666,191.88333333333333
1770,3,133.5,1770-03-01,1.0,6.123233995736766e-17,0.0760869565217391,181.43333333333337,194.07500000000002
1770,4,85.0,1770-04-01,0.8660254037844387,-0.4999999999999998,0.0760869565217391,152.00000000000003,187.725
1770,5,116.8,1770-05-01,0.4999999999999999,-0.8660254037844387,0.0760869565217391,111.7666666666667,187.23333333333335
1770,6,138.8,1770-06-01,1.2246467991473532e-16,-1.0,0.0760869565217391,113.53333333333336,185.69166666666663
1770,7,183.0,1770-07-01,-0.4999999999999997,-0.8660254037844388,0.0760869565217391,146.20000000000002,184.46666666666667
1770,8,210.5,1770-08-01,-0.8660254037844385,-0.5000000000000004,0.0760869565217391,177.43333333333337,185.29999999999998
1770,9,174.0,1770-09-01,-1.0,-1.8369701987210294e-16,0.0760869565217391,189.16666666666666,179.13333333333333
1770,10,172.7,1770-10-01,-0.8660254037844386,0.5000000000000001,0.0760869565217391,185.73333333333335,171.54999999999998
1770,11,220.3,1770-11-01,-0.5000000000000004,0.8660254037844384,0.0760869565217391,189.0,169.34166666666667
1770,12,170.5,1770-12-01,-2.4492935982947064e-16,1.0,0.0760869565217391,187.83333333333334,167.99166666666667
1771,1,60.0,1771-01-01,0.4999999999999999,0.8660254037844387,0.0797101449275362,150.26666666666668,158.54999999999998
1771,2,77.0,1771-02-01,0.8660254037844386,0.5000000000000001,0.0797101449275362,102.50000000000001,145.17499999999998
1771,3,77.8,1771-03-01,1.0,6.123233995736766e-17,0.0797101449275362,71.60000000000002,140.53333333333333
1771,4,108.2,1771-04-01,0.8660254037844387,-0.4999999999999998,0.0797101449275362,87.66666666666669,142.46666666666667
1771,5,254.5,1771-05-01,0.4999999999999999,-0.8660254037844387,0.0797101449275362,146.83333333333334,153.9416666666667
1771,6,199.2,1771-06-01,1.2246467991473532e-16,-1.0,0.0797101449275362,187.30000000000004,158.975
1771,7,112.8,1771-07-01,-0.4999999999999997,-0.8660254037844388,0.0797101449275362,188.83333333333334,153.12499999999997
1771,8,97.5,1771-08-01,-0.8660254037844385,-0.5000000000000004,0.0797101449275362,136.50000000000003,143.70833333333334
1771,9,169.0,1771-09-01,-1.0,-1.8369701987210294e-16,0.0797101449275362,126.43333333333335,143.29166666666666
1771,10,150.0,1771-10-01,-0.8660254037844386,0.5000000000000001,0.0797101449275362,138.83333333333334,141.4
1771,11,166.2,1771-11-01,-0.5000000000000004,0.8660254037844384,0.0797101449275362,161.73333333333335,136.89166666666665
1771,12,159.5,1771-12-01,-2.4492935982947064e-16,1.0,0.0797101449275362,158.5666666666667,135.975
1772,1,168.2,1772-01-01,0.4999999999999999,0.8660254037844387,0.0833333333333333,164.63333333333335,144.99166666666665
1772,2,151.3,1772-02-01,0.8660254037844386,0.5000000000000001,0.0833333333333333,159.66666666666669,151.18333333333334
1772,3,51.8,1772-03-01,1.0,6.123233995736766e-17,0.0833333333333333,123.7666666666667,149.01666666666665
1772,4,153.7,1772-04-01,0.8660254037844387,-0.4999999999999998,0.0833333333333333,118.93333333333335,152.80833333333334
1772,5,63.3,1772-05-01,0.4999999999999999,-0.8660254037844387,0.0833333333333333,89.60000000000002,136.87499999999997
1772,6,95.0,1772-06-01,1.2246467991473532e-16,-1.0,0.0833333333333333,104.00000000000001,128.19166666666666
1772,7,128.8,1772-07-01,-0.4999999999999997,-0.8660254037844388,0.0833333333333333,95.70000000000003,129.525
1772,8,93.7,1772-08-01,-0.8660254037844385,-0.5000000000000004,0.0833333333333333,105.83333333333336,129.20833333333334
1772,9,84.2,1772-09-01,-1.0,-1.8369701987210294e-16,0.0833333333333333,102.23333333333335,122.14166666666665
1772,10,131.0,1772-10-01,-0.8660254037844386,0.5000000000000001,0.0833333333333333,102.9666666666667,120.55833333333332
1772,11,102.2,1772-11-01,-0.5000000000000004,0.8660254037844384,0.0833333333333333,105.80000000000003,115.22500000000001
1772,12,106.7,1772-12-01,-2.4492935982947064e-16,1.0,0.0833333333333333,113.30000000000003,110.825
1773,1,91.0,1773-01-01,0.4999999999999999,0.8660254037844387,0.0869565217391304,99.9666666666667,104.39166666666667
1773,2,48.3,1773-02-01,0.8660254037844386,0.5000000000000001,0.0869565217391304,82.00000000000001,95.80833333333334
1773,3,85.3,1773-03-01,1.0,6.123233995736766e-17,0.0869565217391304,74.86666666666669,98.60000000000001
1773,4,54.8,1773-04-01,0.8660254037844387,-0.4999999999999998,0.0869565217391304,62.80000000000001,90.35833333333335
1773,5,68.5,1773-05-01,0.4999999999999999,-0.8660254037844387,0.0869565217391304,69.53333333333335,90.79166666666667
1773,6,47.3,1773-06-01,1.2246467991473532e-16,-1.0,0.0869565217391304,56.86666666666668,86.81666666666666
1773,7,46.2,1773-07-01,-0.4999999999999997,-0.8660254037844388,0.0869565217391304,54.00000000000002,79.93333333333334
1773,8,21.2,1773-08-01,-0.8660254037844385,-0.5000000000000004,0.0869565217391304,38.233333333333356,73.89166666666667
1773,9,48.8,1773-09-01,-1.0,-1.8369701987210294e-16,0.0869565217391304,38.733333333333356,70.94166666666666
1773,10,43.8,1773-10-01,-0.8660254037844386,0.5000000000000001,0.0869565217391304,37.93333333333335,63.67499999999999
1773,11,68.2,1773-11-01,-0.5000000000000004,0.8660254037844384,0.0869565217391304,53.60000000000002,60.84166666666667
1773,12,72.0,1773-12-01,-2.4492935982947064e-16,1.0,0.0869565217391304,61.33333333333335,57.949999999999996
1774,1,78.0,1774-01-01,0.4999999999999999,0.8660254037844387,0.0905797101449275,72.73333333333335,56.86666666666667
1774,2,109.0,1774-02-01,0.8660254037844386,0.5000000000000001,0.0905797101449275,86.33333333333336,61.925000000000004
1774,3,92.8,1774-03-01,1.0,6.123233995736766e-17,0.0905797101449275,93.2666666666667,62.54999999999999
1774,4,73.0,1774-04-01,0.8660254037844387,-0.4999999999999998,0.0905797101449275,91.60000000000002,64.06666666666666
1774,5,85.5,1774-05-01,0.4999999999999999,-0.8660254037844387,0.0905797101449275,83.7666666666667,65.48333333333333
1774,6,47.5,1774-06-01,1.2246467991473532e-16,-1.0,0.0905797101449275,68.66666666666669,65.5
1774,7,29.2,1774-07-01,-0.4999999999999997,-0.8660254037844388,0.0905797101449275,54.066666666666684,64.08333333333333
1774,8,11.0,1774-08-01,-0.8660254037844385,-0.5000000000000004,0.0905797101449275,29.233333333333352,63.23333333333333
1774,9,13.2,1774-09-01,-1.0,-1.8369701987210294e-16,0.0905797101449275,17.80000000000002,60.26666666666667
1774,10,23.3,1774-10-01,-0.8660254037844386,0.5000000000000001,0.0905797101449275,15.833333333333352,58.55833333333334
1774,11,29.5,1774-11-01,-0.5000000000000004,0.8660254037844384,0.0905797101449275,22.000000000000018,55.333333333333336
1774,12,20.3,1774-12-01,-2.4492935982947064e-16,1.0,0.0905797101449275,24.366666666666685,51.025
1775,1,7.3,1775-01-01,0.4999999999999999,0.8660254037844387,0.0942028985507246,19.033333333333353,45.13333333333333
1775,2,0.0,1775-02-01,0.8660254037844386,0.5000000000000001,0.0942028985507246,9.200000000000019,36.050000000000004
1775,3,19.3,1775-03-01,1.0,6.123233995736766e-17,0.0942028985507246,8.866666666666687,29.925
1775,4,18.7,1775-04-01,0.8660254037844387,-0.4999999999999998,0.0942028985507246,12.666666666666686,25.400000000000002
1775,5,6.5,1775-05-01,0.4999999999999999,-0.8660254037844387,0.0942028985507246,14.833333333333352,18.816666666666666
1775,6,20.5,1775-06-01,1.2246467991473532e-16,-1.0,0.0942028985507246,15.233333333333354,16.566666666666666
1775,7,1.7,1775-07-01,-0.4999999999999997,-0.8660254037844388,0.0942028985507246,9.566666666666686,14.275
1775,8,13.2,1775-08-01,-0.8660254037844385,-0.5000000000000004,0.0942028985507246,11.800000000000018,14.458333333333334
1775,9,5.3,1775-09-01,-1.0,-1.8369701987210294e-16,0.0942028985507246,6.733333333333352,13.799999999999999
1775,10,9.3,1775-10-01,-0.8660254037844386,0.5000000000000001,0.0942028985507246,9.266666666666685,12.633333333333335
1775,11,25.2,1775-11-01,-0.5000000000000004,0.8660254037844384,0.0942028985507246,13.266666666666685,12.275
1775,12,13.2,1775-12-01,-2.4492935982947064e-16,1.0,0.0942028985507246,15.90000000000002,11.683333333333332
1776,1,36.2,1776-01-01,0.4999999999999999,0.8660254037844387,0.0978260869565217,24.866666666666685,14.091666666666667
1776,2,19.3,1776-02-01,0.8660254037844386,0.5000000000000001,0.0978260869565217,22.90000000000002,15.700000000000001
1776,3,10.5,1776-03-01,1.0,6.123233995736766e-17,0.0978260869565217,22.000000000000018,14.966666666666669
1776,4,36.3,1776-04-01,0.8660254037844387,-0.4999999999999998,0.0978260869565217,22.03333333333335,16.433333333333334
1776,5,18.7,1776-05-01,0.4999999999999999,-0.8660254037844387,0.0978260869565217,21.833333333333353,17.45
1776,6,31.7,1776-06-01,1.2246467991473532e-16,-1.0,0.0978260869565217,28.900000000000016,18.383333333333333
1776,7,1.7,1776-07-01,-0.4999999999999997,-0.8660254037844388,0.0978260869565217,17.366666666666685,18.383333333333333
1776,8,40.3,1776-08-01,-0.8660254037844385,-0.5000000000000004,0.0978260869565217,24.566666666666688,20.64166666666667
1776,9,26.7,1776-09-01,-1.0,-1.8369701987210294e-16,0.0978260869565217,22.90000000000002,22.425
1776,10,50.0,1776-10-01,-0.8660254037844386,0.5000000000000001,0.0978260869565217,39.00000000000002,25.816666666666663
1776,11,58.3,1776-11-01,-0.5000000000000004,0.8660254037844384,0.0978260869565217,45.00000000000002,28.575
1776,12,66.7,1776-12-01,-2.4492935982947064e-16,1.0,0.0978260869565217,58.33333333333335,33.03333333333333
1777,1,75.0,1777-01-01,0.4999999999999999,0.8660254037844387,0.1014492753623188,66.66666666666669,36.26666666666666
1777,2,60.8,1777-02-01,0.8660254037844386,0.5000000000000001,0.1014492753623188,67.50000000000001,39.725
1777,3,65.0,1777-03-01,1.0,6.123233995736766e-17,0.1014492753623188,66.93333333333335,44.26666666666667
1777,4,159.2,1777-04-01,0.8660254037844387,-0.4999999999999998,0.1014492753623188,95.00000000000001,54.508333333333326
1777,5,133.8,1777-05-01,0.4999999999999999,-0.8660254037844387,0.1014492753623188,119.33333333333336,64.1
1777,6,134.5,1777-06-01,1.2246467991473532e-16,-1.0,0.1014492753623188,142.50000000000003,72.66666666666667
1777,7,158.3,1777-07-01,-0.4999999999999997,-0.8660254037844388,0.1014492753623188,142.20000000000002,85.71666666666665
1777,8,186.7,1777-08-01,-0.8660254037844385,-0.5000000000000004,0.1014492753623188,159.83333333333334,97.91666666666667
1777,9,193.7,1777-09-01,-1.0,-1.8369701987210294e-16,0.1014492753623188,179.5666666666667,111.83333333333333
1777,10,177.5,1777-10-01,-0.8660254037844386,0.5000000000000001,0.1014492753623188,185.9666666666667,122.45833333333333
1777,11,243.3,1777-11-01,-0.5000000000000004,0.8660254037844384,0.1014492753623188,204.83333333333334,137.875
1777,12,262.2,1777-12-01,-2.4492935982947064e-16,1.0,0.1014492753623188,227.66666666666666,154.16666666666666
1778,1,295.5,1778-01-01,0.4999999999999999,0.8660254037844387,0.1050724637681159,267.0,172.54166666666666
1778,2,182.2,1778-02-01,0.8660254037844386,0.5000000000000001,0.1050724637681159,246.63333333333335,182.65833333333333
1778,3,223.3,1778-03-01,1.0,6.123233995736766e-17,0.1050724637681159,233.66666666666666,195.85
1778,4,241.7,1778-04-01,0.8660254037844387,-0.4999999999999998,0.1050724637681159,215.73333333333335,202.72500000000002
1778,5,398.2,1778-05-01,0.4999999999999999,-0.8660254037844387,0.1050724637681159,287.73333333333335,224.75833333333333
1778,6,286.0,1778-06-01,1.2246467991473532e-16,-1.0,0.1050724637681159,308.6333333333334,237.38333333333333
1778,7,255.0,1778-07-01,-0.4999999999999997,-0.8660254037844388,0.1050724637681159,313.06666666666666,245.44166666666663
1778,8,233.3,1778-08-01,-0.8660254037844385,-0.5000000000000004,0.1050724637681159,258.09999999999997,249.32500000000002
1778,9,286.2,1778-09-01,-1.0,-1.8369701987210294e-16,0.1050724637681159,258.1666666666667,257.03333333333336
1778,10,260.5,1778-10-01,-0.8660254037844386,0.5000000000000001,0.1050724637681159,260.0,263.95
1778,11,250.5,1778-11-01,-0.5000000000000004,0.8660254037844384,0.1050724637681159,265.73333333333335,264.55
1778,12,175.0,1778-12-01,-2.4492935982947064e-16,1.0,0.1050724637681159,228.66666666666666,257.28333333333336
1779,1,191.2,1779-01-01,0.4999999999999999,0.8660254037844387,0.108695652173913,205.5666666666667,248.5916666666667
1779,2,276.2,1779-02-01,0.8660254037844386,0.5000000000000001,0.108695652173913,214.13333333333335,256.425
1779,3,196.7,1779-03-01,1.0,6.123233995736766e-17,0.108695652173913,221.36666666666667,254.20833333333334
1779,4,241.7,1779-04-01,0.8660254037844387,-0.4999999999999998,0.108695652173913,238.20000000000002,254.20833333333334
1779,5,233.3,1779-05-01,0.4999999999999999,-0.8660254037844387,0.108695652173913,223.9,240.46666666666667
1779,6,189.5,1779-06-01,1.2246467991473532e-16,-1.0,0.108695652173913,221.5,232.42499999999998
1779,7,238.3,1779-07-01,-0.4999999999999997,-0.8660254037844388,0.108695652173913,220.3666666666667,231.03333333333333
1779,8,186.7,1779-08-01,-0.8660254037844385,-0.5000000000000004,0.108695652173913,204.83333333333334,227.14999999999998
1779,9,185.0,1779-09-01,-1.0,-1.8369701987210294e-16,0.108695652173913,203.33333333333334,218.71666666666667
1779,10,206.7,1779-10-01,-0.8660254037844386,0.5000000000000001,0.108695652173913,192.80000000000004,214.23333333333335
1779,11,190.0,1779-11-01,-0.5000000000000004,0.8660254037844384,0.108695652173913,193.9,209.1916666666667
1779,12,183.3,1779-12-01,-2.4492935982947064e-16,1.0,0.108695652173913,193.33333333333334,209.88333333333333
1780,1,116.7,1780-01-01,0.4999999999999999,0.8660254037844387,0.1123188405797101,163.33333333333334,203.67499999999998
1780,2,163.3,1780-02-01,0.8660254037844386,0.5000000000000001,0.1123188405797101,154.43333333333337,194.26666666666665
1780,3,163.3,1780-03-01,1.0,6.123233995736766e-17,0.1123188405797101,147.76666666666668,191.48333333333335
1780,4,158.3,1780-04-01,0.8660254037844387,-0.4999999999999998,0.1123188405797101,161.63333333333335,184.5333333333333
1780,5,178.7,1780-05-01,0.4999999999999999,-0.8660254037844387,0.1123188405797101,166.76666666666668,179.98333333333335
1780,6,146.7,1780-06-01,1.2246467991473532e-16,-1.0,0.1123188405797101,161.23333333333335,176.41666666666666
1780,7,143.3,1780-07-01,-0.4999999999999997,-0.8660254037844388,0.1123188405797101,156.23333333333335,168.5
1780,8,143.3,1780-08-01,-0.8660254037844385,-0.5000000000000004,0.1123188405797101,144.43333333333337,164.88333333333335
1780,9,156.2,1780-09-01,-1.0,-1.8369701987210294e-16,0.1123188405797101,147.60000000000002,162.48333333333332
1780,10,128.3,1780-10-01,-0.8660254037844386,0.5000000000000001,0.1123188405797101,142.60000000000002,155.95000000000002
1780,11,100.0,1780-11-01,-0.5000000000000004,0.8660254037844384,0.1123188405797101,128.16666666666669,148.45000000000002
1780,12,97.8,1780-12-01,-2.4492935982947064e-16,1.0,0.1123188405797101,108.70000000000003,141.325
1781,1,164.5,1781-01-01,0.4999999999999999,0.8660254037844387,0.1159420289855072,120.7666666666667,145.30833333333334
1781,2,124.5,1781-02-01,0.8660254037844386,0.5000000000000001,0.1159420289855072,128.93333333333337,142.07500000000002
1781,3,88.3,1781-03-01,1.0,6.123233995736766e-17,0.1159420289855072,125.7666666666667,135.825
1781,4,113.8,1781-04-01,0.8660254037844387,-0.4999999999999998,0.1159420289855072,108.86666666666667,132.11666666666667
1781,5,174.5,1781-05-01,0.4999999999999999,-0.8660254037844387,0.1159420289855072,125.53333333333335,131.76666666666668
1781,6,162.8,1781-06-01,1.2246467991473532e-16,-1.0,0.1159420289855072,150.36666666666667,133.10833333333332
1781,7,122.5,1781-07-01,-0.4999999999999997,-0.8660254037844388,0.1159420289855072,153.26666666666668,131.375
1781,8,110.0,1781-08-01,-0.8660254037844385,-0.5000000000000004,0.1159420289855072,131.76666666666668,128.6
1781,9,85.0,1781-09-01,-1.0,-1.8369701987210294e-16,0.1159420289855072,105.83333333333336,122.66666666666667
1781,10,45.5,1781-10-01,-0.8660254037844386,0.5000000000000001,0.1159420289855072,80.16666666666669,115.76666666666667
1781,11,111.7,1781-11-01,-0.5000000000000004,0.8660254037844384,0.1159420289855072,80.73333333333335,116.74166666666667
1781,12,58.7,1781-12-01,-2.4492935982947064e-16,1.0,0.1159420289855072,71.96666666666668,113.48333333333335
1782,1,90.0,1782-01-01,0.4999999999999999,0.8660254037844387,0.1195652173913043,86.80000000000003,107.27500000000002
1782,2,62.5,1782-02-01,0.8660254037844386,0.5000000000000001,0.1195652173913043,70.40000000000002,102.10833333333335
1782,3,61.7,1782-03-01,1.0,6.123233995736766e-17,0.1195652173913043,71.40000000000002,99.89166666666667
1782,4,68.3,1782-04-01,0.8660254037844387,-0.4999999999999998,0.1195652173913043,64.16666666666669,96.09999999999998
1782,5,90.5,1782-05-01,0.4999999999999999,-0.8660254037844387,0.1195652173913043,73.50000000000001,89.10000000000001
1782,6,63.3,1782-06-01,1.2246467991473532e-16,-1.0,0.1195652173913043,74.03333333333336,80.80833333333332
1782,7,61.7,1782-07-01,-0.4999999999999997,-0.8660254037844388,0.1195652173913043,71.83333333333336,75.74166666666666
1782,8,73.3,1782-08-01,-0.8660254037844385,-0.5000000000000004,0.1195652173913043,66.10000000000002,72.68333333333332
1782,9,56.7,1782-09-01,-1.0,-1.8369701987210294e-16,0.1195652173913043,63.90000000000001,70.325
1782,10,38.7,1782-10-01,-0.8660254037844386,0.5000000000000001,0.1195652173913043,56.23333333333335,69.75833333333334
1782,11,52.5,1782-11-01,-0.5000000000000004,0.8660254037844384,0.1195652173913043,49.30000000000002,64.825
1782,12,50.0,1782-12-01,-2.4492935982947064e-16,1.0,0.1195652173913043,47.066666666666684,64.10000000000001
1783,1,46.7,1783-01-01,0.4999999999999999,0.8660254037844387,0.1231884057971014,49.73333333333335,60.49166666666667
1783,2,64.5,1783-02-01,0.8660254037844386,0.5000000000000001,0.1231884057971014,53.73333333333335,60.65833333333333
1783,3,44.5,1783-03-01,1.0,6.123233995736766e-17,0.1231884057971014,51.90000000000001,59.224999999999994
1783,4,47.2,1783-04-01,0.8660254037844387,-0.4999999999999998,0.1231884057971014,52.066666666666684,57.46666666666667
1783,5,38.3,1783-05-01,0.4999999999999999,-0.8660254037844387,0.1231884057971014,43.33333333333335,53.11666666666667
1783,6,42.0,1783-06-01,1.2246467991473532e-16,-1.0,0.1231884057971014,42.50000000000002,51.34166666666667
1783,7,53.7,1783-07-01,-0.4999999999999997,-0.8660254037844388,0.1231884057971014,44.666666666666686,50.675000000000004
1783,8,33.3,1783-08-01,-0.8660254037844385,-0.5000000000000004,0.1231884057971014,43.00000000000002,47.34166666666667
1783,9,30.0,1783-09-01,-1.0,-1.8369701987210294e-16,0.1231884057971014,39.00000000000002,45.11666666666667
1783,10,13.3,1783-10-01,-0.8660254037844386,0.5000000000000001,0.1231884057971014,25.53333333333335,43.0
1783,11,25.0,1783-11-01,-0.5000000000000004,0.8660254037844384,0.1231884057971014,22.766666666666683,40.708333333333336
1783,12,17.5,1783-12-01,-2.4492935982947064e-16,1.0,0.1231884057971014,18.60000000000002,38.0
1784,1,21.7,1784-01-01,0.4999999999999999,0.8660254037844387,0.1268115942028985,21.40000000000002,35.916666666666664
1784,2,13.3,1784-02-01,0.8660254037844386,0.5000000000000001,0.1268115942028985,17.500000000000018,31.649999999999995
1784,3,18.3,1784-03-01,1.0,6.123233995736766e-17,0.1268115942028985,17.766666666666687,29.466666666666665
1784,4,16.7,1784-04-01,0.8660254037844387,-0.4999999999999998,0.1268115942028985,16.10000000000002,26.924999999999997
1784,5,10.0,1784-05-01,0.4999999999999999,-0.8660254037844387,0.1268115942028985,15.00000000000002,24.566666666666663
1784,6,15.0,1784-06-01,1.2246467991473532e-16,-1.0,0.1268115942028985,13.90000000000002,22.316666666666666
1784,7,10.0,1784-07-01,-0.4999999999999997,-0.8660254037844388,0.1268115942028985,11.666666666666686,18.675
1784,8,16.7,1784-08-01,-0.8660254037844385,-0.5000000000000004,0.1268115942028985,13.90000000000002,17.291666666666668
1784,9,16.7,1784-09-01,-1.0,-1.8369701987210294e-16,0.1268115942028985,14.466666666666685,16.183333333333334
1784,10,13.3,1784-10-01,-0.8660254037844386,0.5000000000000001,0.1268115942028985,15.566666666666686,16.183333333333334
1784,11,28.3,1784-11-01,-0.5000000000000004,0.8660254037844384,0.1268115942028985,19.43333333333335,16.458333333333332
1784,12,23.3,1784-12-01,-2.4492935982947064e-16,1.0,0.1268115942028985,21.633333333333354,16.941666666666666
1785,1,10.8,1785-01-01,0.4999999999999999,0.8660254037844387,0.1304347826086956,20.800000000000022,16.033333333333335
1785,2,13.3,1785-02-01,0.8660254037844386,0.5000000000000001,0.1304347826086956,15.80000000000002,16.03333333333333
1785,3,15.0,1785-03-01,1.0,6.123233995736766e-17,0.1304347826086956,13.033333333333353,15.758333333333335
1785,4,26.2,1785-04-01,0.8660254037844387,-0.4999999999999998,0.1304347826086956,18.166666666666686,16.55
1785,5,34.5,1785-05-01,0.4999999999999999,-0.8660254037844387,0.1304347826086956,25.233333333333352,18.591666666666665
1785,6,43.8,1785-06-01,1.2246467991473532e-16,-1.0,0.1304347826086956,34.83333333333335,20.991666666666664
1785,7,60.5,1785-07-01,-0.4999999999999997,-0.8660254037844388,0.1304347826086956,46.26666666666669,25.2
1785,8,33.3,1785-08-01,-0.8660254037844385,-0.5000000000000004,0.1304347826086956,45.86666666666668,26.583333333333332
1785,9,53.3,1785-09-01,-1.0,-1.8369701987210294e-16,0.1304347826086956,49.03333333333335,29.633333333333336
1785,10,78.7,1785-10-01,-0.8660254037844386,0.5000000000000001,0.1304347826086956,55.10000000000002,35.083333333333336
1785,11,67.0,1785-11-01,-0.5000000000000004,0.8660254037844384,0.1304347826086956,66.33333333333336,38.30833333333333
1785,12,45.5,1785-12-01,-2.4492935982947064e-16,1.0,0.1304347826086956,63.73333333333335,40.15833333333333
1786,1,62.0,1786-01-01,0.4999999999999999,0.8660254037844387,0.1340579710144927,58.166666666666686,44.425000000000004
1786,2,79.3,1786-02-01,0.8660254037844386,0.5000000000000001,0.1340579710144927,62.26666666666669,49.92499999999999
1786,3,79.5,1786-03-01,1.0,6.123233995736766e-17,0.1340579710144927,73.60000000000002,55.29999999999999
1786,4,142.3,1786-04-01,0.8660254037844387,-0.4999999999999998,0.1340579710144927,100.36666666666669,64.97500000000001
1786,5,153.8,1786-05-01,0.4999999999999999,-0.8660254037844387,0.1340579710144927,125.20000000000003,74.91666666666667
1786,6,98.3,1786-06-01,1.2246467991473532e-16,-1.0,0.1340579710144927,131.4666666666667,79.45833333333333
1786,7,138.3,1786-07-01,-0.4999999999999997,-0.8660254037844388,0.1340579710144927,130.13333333333335,85.94166666666666
1786,8,149.5,1786-08-01,-0.8660254037844385,-0.5000000000000004,0.1340579710144927,128.70000000000002,95.625
1786,9,185.8,1786-09-01,-1.0,-1.8369701987210294e-16,0.1340579710144927,157.8666666666667,106.66666666666667
1786,10,187.2,1786-10-01,-0.8660254037844386,0.5000000000000001,0.1340579710144927,174.16666666666666,115.70833333333333
1786,11,193.3,1786-11-01,-0.5000000000000004,0.8660254037844384,0.1340579710144927,188.76666666666668,126.23333333333335
1786,12,187.8,1786-12-01,-2.4492935982947064e-16,1.0,0.1340579710144927,189.43333333333337,138.09166666666667
1787,1,224.5,1787-01-01,0.4999999999999999,0.8660254037844387,0.1376811594202898,201.8666666666667,151.63333333333335
1787,2,176.7,1787-02-01,0.8660254037844386,0.5000000000000001,0.1376811594202898,196.33333333333334,159.75
1787,3,145.7,1787-03-01,1.0,6.123233995736766e-17,0.1376811594202898,182.30000000000004,165.26666666666668
1787,4,212.0,1787-04-01,0.8660254037844387,-0.4999999999999998,0.1376811594202898,178.13333333333335,171.07500000000002
1787,5,224.7,1787-05-01,0.4999999999999999,-0.8660254037844387,0.1376811594202898,194.13333333333335,176.98333333333335
1787,6,165.3,1787-06-01,1.2246467991473532e-16,-1.0,0.1376811594202898,200.66666666666666,182.5666666666667
1787,7,213.3,1787-07-01,-0.4999999999999997,-0.8660254037844388,0.1376811594202898,201.10000000000002,188.81666666666663
1787,8,228.7,1787-08-01,-0.8660254037844385,-0.5000000000000004,0.1376811594202898,202.43333333333337,195.41666666666666
1787,9,262.2,1787-09-01,-1.0,-1.8369701987210294e-16,0.1376811594202898,234.73333333333335,201.78333333333333
1787,10,261.7,1787-10-01,-0.8660254037844386,0.5000000000000001,0.1376811594202898,250.86666666666667,207.99166666666665
1787,11,235.8,1787-11-01,-0.5000000000000004,0.8660254037844384,0.1376811594202898,253.23333333333335,211.53333333333333
1787,12,290.0,1787-12-01,-2.4492935982947064e-16,1.0,0.1376811594202898,262.5,220.04999999999998
1788,1,230.0,1788-01-01,0.4999999999999999,0.8660254037844387,0.1413043478260869,251.9333333333333,220.50833333333333
1788,2,215.3,1788-02-01,0.8660254037844386,0.5000000000000001,0.1413043478260869,245.10000000000002,223.72500000000002
1788,3,238.8,1788-03-01,1.0,6.123233995736766e-17,0.1413043478260869,228.0333333333334,231.48333333333332
1788,4,180.8,1788-04-01,0.8660254037844387,-0.4999999999999998,0.1413043478260869,211.63333333333335,228.88333333333333
1788,5,188.3,1788-05-01,0.4999999999999999,-0.8660254037844387,0.1413043478260869,202.63333333333335,225.85
1788,6,257.0,1788-06-01,1.2246467991473532e-16,-1.0,0.1413043478260869,208.70000000000005,233.49166666666665
1788,7,235.8,1788-07-01,-0.4999999999999997,-0.8660254037844388,0.1413043478260869,227.0333333333334,235.36666666666667
1788,8,226.7,1788-08-01,-0.8660254037844385,-0.5000000000000004,0.1413043478260869,239.83333333333334,235.19999999999996
1788,9,235.0,1788-09-01,-1.0,-1.8369701987210294e-16,0.1413043478260869,232.5,232.9333333333333
1788,10,236.7,1788-10-01,-0.8660254037844386,0.5000000000000001,0.1413043478260869,232.80000000000004,230.85000000000002
1788,11,157.8,1788-11-01,-0.5000000000000004,0.8660254037844384,0.1413043478260869,209.83333333333334,224.35
1788,12,215.8,1788-12-01,-2.4492935982947064e-16,1.0,0.1413043478260869,203.43333333333337,218.16666666666666
1789,1,190.0,1789-01-01,0.4999999999999999,0.8660254037844387,0.144927536231884,187.8666666666667,214.83333333333334
1789,2,208.8,1789-02-01,0.8660254037844386,0.5000000000000001,0.144927536231884,204.8666666666667,214.29166666666666
1789,3,200.0,1789-03-01,1.0,6.123233995736766e-17,0.144927536231884,199.60000000000002,211.05833333333337
1789,4,205.5,1789-04-01,0.8660254037844387,-0.4999999999999998,0.144927536231884,204.76666666666668,213.11666666666667
1789,5,205.8,1789-05-01,0.4999999999999999,-0.8660254037844387,0.144927536231884,203.76666666666668,214.57500000000002
1789,6,200.0,1789-06-01,1.2246467991473532e-16,-1.0,0.144927536231884,203.76666666666668,209.82499999999996
1789,7,195.0,1789-07-01,-0.4999999999999997,-0.8660254037844388,0.144927536231884,200.26666666666668,206.42499999999998
1789,8,171.7,1789-08-01,-0.8660254037844385,-0.5000000000000004,0.144927536231884,188.9,201.84166666666667
1789,9,186.7,1789-09-01,-1.0,-1.8369701987210294e-16,0.144927536231884,184.4666666666667,197.8166666666667
1789,10,149.5,1789-10-01,-0.8660254037844386,0.5000000000000001,0.144927536231884,169.3,190.54999999999998
1789,11,223.3,1789-11-01,-0.5000000000000004,0.8660254037844384,0.144927536231884,186.5,196.00833333333335
1789,12,225.8,1789-12-01,-2.4492935982947064e-16,1.0,0.144927536231884,199.5333333333334,196.84166666666667
1790,1,171.7,1790-01-01,0.4999999999999999,0.8660254037844387,0.1485507246376811,206.93333333333337,195.3166666666667
1790,2,212.5,1790-02-01,0.8660254037844386,0.5000000000000001,0.1485507246376811,203.33333333333334,195.625
1790,3,160.5,1790-03-01,1.0,6.123233995736766e-17,0.1485507246376811,181.5666666666667,192.33333333333334
1790,4,156.7,1790-04-01,0.8660254037844387,-0.4999999999999998,0.1485507246376811,176.5666666666667,188.26666666666665
1790,5,155.0,1790-05-01,0.4999999999999999,-0.8660254037844387,0.1485507246376811,157.4,184.03333333333333
1790,6,151.7,1790-06-01,1.2246467991473532e-16,-1.0,0.1485507246376811,154.46666666666667,180.00833333333333
1790,7,115.5,1790-07-01,-0.4999999999999997,-0.8660254037844388,0.1485507246376811,140.73333333333335,173.38333333333333
1790,8,145.0,1790-08-01,-0.8660254037844385,-0.5000000000000004,0.1485507246376811,137.4,171.15833333333333
1790,9,128.8,1790-09-01,-1.0,-1.8369701987210294e-16,0.1485507246376811,129.76666666666668,166.33333333333334
1790,10,140.5,1790-10-01,-0.8660254037844386,0.5000000000000001,0.1485507246376811,138.10000000000002,165.58333333333334
1790,11,136.7,1790-11-01,-0.5000000000000004,0.8660254037844384,0.1485507246376811,135.33333333333334,158.36666666666665
1790,12,123.3,1790-12-01,-2.4492935982947064e-16,1.0,0.1485507246376811,133.50000000000003,149.825
1791,1,121.2,1791-01-01,0.4999999999999999,0.8660254037844387,0.1521739130434782,127.06666666666668,145.61666666666665
1791,2,103.3,1791-02-01,0.8660254037844386,0.5000000000000001,0.1521739130434782,115.93333333333335,136.51666666666668
1791,3,123.3,1791-03-01,1.0,6.123233995736766e-17,0.1521739130434782,115.93333333333335,133.41666666666666
1791,4,128.7,1791-04-01,0.8660254037844387,-0.4999999999999998,0.1521739130434782,118.43333333333335,131.08333333333334
1791,5,122.8,1791-05-01,0.4999999999999999,-0.8660254037844387,0.1521739130434782,124.93333333333334,128.4
1791,6,107.0,1791-06-01,1.2246467991473532e-16,-1.0,0.1521739130434782,119.50000000000001,124.675
1791,7,118.3,1791-07-01,-0.4999999999999997,-0.8660254037844388,0.1521739130434782,116.03333333333335,124.90833333333335
1791,8,71.7,1791-08-01,-0.8660254037844385,-0.5000000000000004,0.1521739130434782,99.00000000000001,118.8
1791,9,110.8,1791-09-01,-1.0,-1.8369701987210294e-16,0.1521739130434782,100.2666666666667,117.3
1791,10,102.8,1791-10-01,-0.8660254037844386,0.5000000000000001,0.1521739130434782,95.10000000000002,114.15833333333335
1791,11,111.7,1791-11-01,-0.5000000000000004,0.8660254037844384,0.1521739130434782,108.43333333333335,112.075
1791,12,110.0,1791-12-01,-2.4492935982947064e-16,1.0,0.1521739130434782,108.16666666666669,110.96666666666665
1792,1,96.7,1792-01-01,0.4999999999999999,0.8660254037844387,0.1557971014492753,106.13333333333334,108.925
1792,2,106.7,1792-02-01,0.8660254037844386,0.5000000000000001,0.1557971014492753,104.4666666666667,109.20833333333333
1792,3,105.0,1792-03-01,1.0,6.123233995736766e-17,0.1557971014492753,102.80000000000003,107.68333333333334
1792,4,126.2,1792-04-01,0.8660254037844387,-0.4999999999999998,0.1557971014492753,112.63333333333337,107.47500000000001
1792,5,103.3,1792-05-01,0.4999999999999999,-0.8660254037844387,0.1557971014492753,111.50000000000001,105.85000000000001
1792,6,101.7,1792-06-01,1.2246467991473532e-16,-1.0,0.1557971014492753,110.40000000000002,105.40833333333335
1792,7,76.3,1792-07-01,-0.4999999999999997,-0.8660254037844388,0.1557971014492753,93.7666666666667,101.90833333333332
1792,8,100.0,1792-08-01,-0.8660254037844385,-0.5000000000000004,0.1557971014492753,92.66666666666669,104.26666666666667
1792,9,98.3,1792-09-01,-1.0,-1.8369701987210294e-16,0.1557971014492753,91.53333333333336,103.22500000000001
1792,10,98.3,1792-10-01,-0.8660254037844386,0.5000000000000001,0.1557971014492753,98.86666666666667,102.84999999999998
1792,11,95.0,1792-11-01,-0.5000000000000004,0.8660254037844384,0.1557971014492753,97.2,101.45833333333333
1792,12,93.3,1792-12-01,-2.4492935982947064e-16,1.0,0.1557971014492753,95.53333333333335,100.06666666666668
1793,1,93.3,1793-01-01,0.4999999999999999,0.8660254037844387,0.1594202898550724,93.86666666666667,99.78333333333335
1793,2,91.7,1793-02-01,0.8660254037844386,0.5000000000000001,0.1594202898550724,92.7666666666667,98.53333333333335
1793,3,92.5,1793-03-01,1.0,6.123233995736766e-17,0.1594202898550724,92.50000000000001,97.49166666666667
1793,4,88.3,1793-04-01,0.8660254037844387,-0.4999999999999998,0.1594202898550724,90.83333333333336,94.33333333333333
1793,5,87.2,1793-05-01,0.4999999999999999,-0.8660254037844387,0.1594202898550724,89.33333333333336,92.99166666666667
1793,6,85.0,1793-06-01,1.2246467991473532e-16,-1.0,0.1594202898550724,86.83333333333336,91.60000000000001
1793,7,83.3,1793-07-01,-0.4999999999999997,-0.8660254037844388,0.1594202898550724,85.16666666666669,92.18333333333334
1793,8,48.8,1793-08-01,-0.8660254037844385,-0.5000000000000004,0.1594202898550724,72.36666666666669,87.91666666666667
1793,9,40.0,1793-09-01,-1.0,-1.8369701987210294e-16,0.1594202898550724,57.366666666666696,83.05833333333332
1793,10,78.3,1793-10-01,-0.8660254037844386,0.5000000000000001,0.1594202898550724,55.70000000000002,81.39166666666667
1793,11,73.3,1793-11-01,-0.5000000000000004,0.8660254037844384,0.1594202898550724,63.86666666666668,79.58333333333333
1793,12,76.2,1793-12-01,-2.4492935982947064e-16,1.0,0.1594202898550724,75.93333333333335,78.15833333333335
1794,1,75.0,1794-01-01,0.4999999999999999,0.8660254037844387,0.1630434782608695,74.83333333333336,76.63333333333333
1794,2,73.3,1794-02-01,0.8660254037844386,0.5000000000000001,0.1630434782608695,74.83333333333336,75.10000000000001
1794,3,63.3,1794-03-01,1.0,6.123233995736766e-17,0.1630434782608695,70.53333333333336,72.66666666666667
1794,4,47.3,1794-04-01,0.8660254037844387,-0.4999999999999998,0.1630434782608695,61.30000000000002,69.25
1794,5,92.8,1794-05-01,0.4999999999999999,-0.8660254037844387,0.1630434782608695,67.80000000000001,69.71666666666667
1794,6,69.2,1794-06-01,1.2246467991473532e-16,-1.0,0.1630434782608695,69.76666666666668,68.4
1794,7,68.3,1794-07-01,-0.4999999999999997,-0.8660254037844388,0.1630434782608695,76.7666666666667,67.14999999999999
1794,8,66.7,1794-08-01,-0.8660254037844385,-0.5000000000000004,0.1630434782608695,68.06666666666668,68.64166666666667
1794,9,18.5,1794-09-01,-1.0,-1.8369701987210294e-16,0.1630434782608695,51.166666666666686,66.85000000000001
1794,10,47.5,1794-10-01,-0.8660254037844386,0.5000000000000001,0.1630434782608695,44.23333333333335,64.28333333333335
1794,11,112.3,1794-11-01,-0.5000000000000004,0.8660254037844384,0.1630434782608695,59.43333333333336,67.53333333333333
1794,12,85.7,1794-12-01,-2.4492935982947064e-16,1.0,0.1630434782608695,81.83333333333336,68.325
1795,1,35.7,1795-01-01,0.4999999999999999,0.8660254037844387,0.1666666666666666,77.90000000000002,65.05
1795,2,66.5,1795-02-01,0.8660254037844386,0.5000000000000001,0.1666666666666666,62.633333333333354,64.48333333333333
1795,3,21.0,1795-03-01,1.0,6.123233995736766e-17,0.1666666666666666,41.066666666666684,60.958333333333336
1795,4,31.0,1795-04-01,0.8660254037844387,-0.4999999999999998,0.1666666666666666,39.50000000000002,59.599999999999994
1795,5,51.7,1795-05-01,0.4999999999999999,-0.8660254037844387,0.1666666666666666,34.566666666666684,56.175000000000004
1795,6,28.5,1795-06-01,1.2246467991473532e-16,-1.0,0.1666666666666666,37.066666666666684,52.78333333333333
1795,7,21.5,1795-07-01,-0.4999999999999997,-0.8660254037844388,0.1666666666666666,33.90000000000002,48.88333333333333
1795,8,42.8,1795-08-01,-0.8660254037844385,-0.5000000000000004,0.1666666666666666,30.93333333333335,46.89166666666666
1795,9,22.5,1795-09-01,-1.0,-1.8369701987210294e-16,0.1666666666666666,28.93333333333335,47.224999999999994
1795,10,32.5,1795-10-01,-0.8660254037844386,0.5000000000000001,0.1666666666666666,32.600000000000016,45.974999999999994
1795,11,41.7,1795-11-01,-0.5000000000000004,0.8660254037844384,0.1666666666666666,32.233333333333356,40.09166666666667
1795,12,30.0,1795-12-01,-2.4492935982947064e-16,1.0,0.1666666666666666,34.733333333333356,35.45
1796,1,36.7,1796-01-01,0.4999999999999999,0.8660254037844387,0.1702898550724637,36.133333333333354,35.53333333333334
1796,2,39.7,1796-02-01,0.8660254037844386,0.5000000000000001,0.1702898550724637,35.46666666666669,33.3
1796,3,26.2,1796-03-01,1.0,6.123233995736766e-17,0.1702898550724637,34.200000000000024,33.733333333333334
1796,4,52.8,1796-04-01,0.8660254037844387,-0.4999999999999998,0.1702898550724637,39.566666666666684,35.55
1796,5,35.0,1796-05-01,0.4999999999999999,-0.8660254037844387,0.1702898550724637,38.00000000000002,34.15833333333333
1796,6,11.2,1796-06-01,1.2246467991473532e-16,-1.0,0.1702898550724637,33.00000000000002,32.71666666666666
1796,7,44.8,1796-07-01,-0.4999999999999997,-0.8660254037844388,0.1702898550724637,30.333333333333353,34.65833333333333
1796,8,2.5,1796-08-01,-0.8660254037844385,-0.5000000000000004,0.1702898550724637,19.500000000000018,31.3
1796,9,30.7,1796-09-01,-1.0,-1.8369701987210294e-16,0.1702898550724637,26.000000000000018,31.983333333333334
1796,10,18.3,1796-10-01,-0.8660254037844386,0.5000000000000001,0.1702898550724637,17.166666666666686,30.799999999999997
1796,11,14.0,1796-11-01,-0.5000000000000004,0.8660254037844384,0.1702898550724637,21.000000000000018,28.491666666666664
1796,12,8.5,1796-12-01,-2.4492935982947064e-16,1.0,0.1702898550724637,13.600000000000017,26.7
1797,1,24.0,1797-01-01,0.4999999999999999,0.8660254037844387,0.1739130434782608,15.50000000000002,25.641666666666666
1797,2,7.0,1797-02-01,0.8660254037844386,0.5000000000000001,0.1739130434782608,13.166666666666686,22.916666666666668
1797,3,6.7,1797-03-01,1.0,6.123233995736766e-17,0.1739130434782608,12.566666666666686,21.291666666666668
1797,4,6.7,1797-04-01,0.8660254037844387,-0.4999999999999998,0.1739130434782608,6.8000000000000185,17.45
1797,5,12.2,1797-05-01,0.4999999999999999,-0.8660254037844387,0.1739130434782608,8.533333333333353,15.549999999999999
1797,6,18.5,1797-06-01,1.2246467991473532e-16,-1.0,0.1739130434782608,12.466666666666688,16.158333333333335
1797,7,7.2,1797-07-01,-0.4999999999999997,-0.8660254037844388,0.1739130434782608,12.633333333333352,13.025
1797,8,10.0,1797-08-01,-0.8660254037844385,-0.5000000000000004,0.1739130434782608,11.90000000000002,13.65
1797,9,9.5,1797-09-01,-1.0,-1.8369701987210294e-16,0.1739130434782608,8.90000000000002,11.883333333333333
1797,10,11.5,1797-10-01,-0.8660254037844386,0.5000000000000001,0.1739130434782608,10.333333333333353,11.316666666666668
1797,11,9.7,1797-11-01,-0.5000000000000004,0.8660254037844384,0.1739130434782608,10.233333333333354,10.958333333333334
1797,12,5.0,1797-12-01,-2.4492935982947064e-16,1.0,0.1739130434782608,8.733333333333354,10.666666666666666
1798,1,3.3,1798-01-01,0.4999999999999999,0.8660254037844387,0.1775362318840579,6.00000000000002,8.941666666666666
1798,2,6.7,1798-02-01,0.8660254037844386,0.5000000000000001,0.1775362318840579,5.00000000000002,8.916666666666666
1798,3,20.7,1798-03-01,1.0,6.123233995736766e-17,0.1775362318840579,10.233333333333354,10.083333333333334
1798,4,1.8,1798-04-01,0.8660254037844387,-0.4999999999999998,0.1775362318840579,9.733333333333354,9.674999999999999
1798,5,0.0,1798-05-01,0.4999999999999999,-0.8660254037844387,0.1775362318840579,7.50000000000002,8.658333333333333
1798,6,0.0,1798-06-01,1.2246467991473532e-16,-1.0,0.1775362318840579,0.6000000000000202,7.116666666666667
1798,7,0.0,1798-07-01,-0.4999999999999997,-0.8660254037844388,0.1775362318840579,0.0,6.516666666666667
1798,8,5.0,1798-08-01,-0.8660254037844385,-0.5000000000000004,0.1775362318840579,1.6666666666666867,6.1000000000000005
1798,9,4.0,1798-09-01,-1.0,-1.8369701987210294e-16,0.1775362318840579,3.00000000000002,5.641666666666667
1798,10,2.5,1798-10-01,-0.8660254037844386,0.5000000000000001,0.1775362318840579,3.8333333333333535,4.891666666666667
1798,11,20.8,1798-11-01,-0.5000000000000004,0.8660254037844384,0.1775362318840579,9.100000000000021,5.816666666666666
1798,12,16.5,1798-12-01,-2.4492935982947064e-16,1.0,0.1775362318840579,13.266666666666687,6.7749999999999995
1799,1,2.7,1799-01-01,0.4999999999999999,0.8660254037844387,0.181159420289855,13.333333333333355,6.7250000000000005
1799,2,21.0,1799-02-01,0.8660254037844386,0.5000000000000001,0.181159420289855,13.40000000000002,7.916666666666667
1799,3,36.2,1799-03-01,1.0,6.123233995736766e-17,0.181159420289855,19.966666666666686,9.208333333333334
1799,4,14.0,1799-04-01,0.8660254037844387,-0.4999999999999998,0.181159420289855,23.733333333333352,10.225
1799,5,13.7,1799-05-01,0.4999999999999999,-0.8660254037844387,0.181159420289855,21.300000000000022,11.366666666666667
1799,6,17.7,1799-06-01,1.2246467991473532e-16,-1.0,0.181159420289855,15.133333333333352,12.841666666666667
1799,7,3.5,1799-07-01,-0.4999999999999997,-0.8660254037844388,0.181159420289855,11.633333333333352,13.133333333333333
1799,8,0.0,1799-08-01,-0.8660254037844385,-0.5000000000000004,0.181159420289855,7.066666666666685,12.716666666666667
1799,9,0.0,1799-09-01,-1.0,-1.8369701987210294e-16,0.181159420289855,1.1666666666666856,12.383333333333333
1799,10,7.7,1799-10-01,-0.8660254037844386,0.5000000000000001,0.181159420289855,2.5666666666666855,12.816666666666668
1799,11,4.5,1799-11-01,-0.5000000000000004,0.8660254037844384,0.181159420289855,4.066666666666685,11.458333333333334
1799,12,14.3,1799-12-01,-2.4492935982947064e-16,1.0,0.181159420289855,8.833333333333352,11.275
1800,1,11.5,1800-01-01,0.4999999999999999,0.8660254037844387,0.1847826086956521,10.10000000000002,12.008333333333333
1800,2,15.5,1800-02-01,0.8660254037844386,0.5000000000000001,0.1847826086956521,13.766666666666685,11.549999999999999
1800,3,23.2,1800-03-01,1.0,6.123233995736766e-17,0.1847826086956521,16.733333333333352,10.466666666666667
1800,4,0.0,1800-04-01,0.8660254037844387,-0.4999999999999998,0.1847826086956521,12.90000000000002,9.299999999999999
1800,5,8.3,1800-05-01,0.4999999999999999,-0.8660254037844387,0.1847826086956521,10.50000000000002,8.85
1800,6,39.5,1800-06-01,1.2246467991473532e-16,-1.0,0.1847826086956521,15.933333333333351,10.666666666666666
1800,7,35.0,1800-07-01,-0.4999999999999997,-0.8660254037844388,0.1847826086956521,27.60000000000002,13.291666666666666
1800,8,32.5,1800-08-01,-0.8660254037844385,-0.5000000000000004,0.1847826086956521,35.666666666666686,16.0
1800,9,19.2,1800-09-01,-1.0,-1.8369701987210294e-16,0.1847826086956521,28.90000000000002,17.6
1800,10,20.5,1800-10-01,-0.8660254037844386,0.5000000000000001,0.1847826086956521,24.066666666666688,18.666666666666668
1800,11,17.5,1800-11-01,-0.5000000000000004,0.8660254037844384,0.1847826086956521,19.066666666666688,19.75
1800,12,66.8,1800-12-01,-2.4492935982947064e-16,1.0,0.1847826086956521,34.93333333333335,24.125
1801,1,45.0,1801-01-01,0.4999999999999999,0.8660254037844387,0.1884057971014492,43.10000000000002,26.916666666666668
1801,2,48.3,1801-02-01,0.8660254037844386,0.5000000000000001,0.1884057971014492,53.36666666666668,29.650000000000002
1801,3,50.0,1801-03-01,1.0,6.123233995736766e-17,0.1884057971014492,47.76666666666669,31.883333333333336
1801,4,51.7,1801-04-01,0.8660254037844387,-0.4999999999999998,0.1884057971014492,50.00000000000002,36.19166666666667
1801,5,53.3,1801-05-01,0.4999999999999999,-0.8660254037844387,0.1884057971014492,51.666666666666686,39.94166666666667
1801,6,52.0,1801-06-01,1.2246467991473532e-16,-1.0,0.1884057971014492,52.33333333333335,40.983333333333334
1801,7,58.3,1801-07-01,-0.4999999999999997,-0.8660254037844388,0.1884057971014492,54.53333333333335,42.925000000000004
1801,8,64.5,1801-08-01,-0.8660254037844385,-0.5000000000000004,0.1884057971014492,58.26666666666669,45.59166666666667
1801,9,55.8,1801-09-01,-1.0,-1.8369701987210294e-16,0.1884057971014492,59.53333333333335,48.64166666666666
1801,10,54.3,1801-10-01,-0.8660254037844386,0.5000000000000001,0.1884057971014492,58.20000000000002,51.458333333333336
1801,11,66.3,1801-11-01,-0.5000000000000004,0.8660254037844384,0.1884057971014492,58.80000000000001,55.525
1801,12,80.3,1801-12-01,-2.4492935982947064e-16,1.0,0.1884057971014492,66.96666666666668,56.65
1802,1,79.7,1802-01-01,0.4999999999999999,0.8660254037844387,0.1920289855072463,75.43333333333335,59.541666666666664
1802,2,78.3,1802-02-01,0.8660254037844386,0.5000000000000001,0.1920289855072463,79.43333333333335,62.041666666666664
1802,3,68.0,1802-03-01,1.0,6.123233995736766e-17,0.1920289855072463,75.33333333333336,63.541666666666664
1802,4,70.0,1802-04-01,0.8660254037844387,-0.4999999999999998,0.1920289855072463,72.10000000000002,65.06666666666666
1802,5,73.3,1802-05-01,0.4999999999999999,-0.8660254037844387,0.1920289855072463,70.43333333333335,66.73333333333333
1802,6,76.7,1802-06-01,1.2246467991473532e-16,-1.0,0.1920289855072463,73.33333333333336,68.79166666666667
1802,7,80.0,1802-07-01,-0.4999999999999997,-0.8660254037844388,0.1920289855072463,76.66666666666669,70.6
1802,8,83.3,1802-08-01,-0.8660254037844385,-0.5000000000000004,0.1920289855072463,80.00000000000001,72.16666666666667
1802,9,86.3,1802-09-01,-1.0,-1.8369701987210294e-16,0.1920289855072463,83.20000000000003,74.70833333333333
1802,10,64.2,1802-10-01,-0.8660254037844386,0.5000000000000001,0.1920289855072463,77.93333333333335,75.53333333333335
1802,11,57.5,1802-11-01,-0.5000000000000004,0.8660254037844384,0.1920289855072463,69.33333333333336,74.8
1802,12,83.3,1802-12-01,-2.4492935982947064e-16,1.0,0.1920289855072463,68.33333333333336,75.05
1803,1,83.3,1803-01-01,0.4999999999999999,0.8660254037844387,0.1956521739130435,74.70000000000003,75.35
1803,2,84.7,1803-02-01,0.8660254037844386,0.5000000000000001,0.1956521739130435,83.7666666666667,75.88333333333334
1803,3,49.2,1803-03-01,1.0,6.123233995736766e-17,0.1956521739130435,72.40000000000002,74.31666666666668
1803,4,41.7,1803-04-01,0.8660254037844387,-0.4999999999999998,0.1956521739130435,58.53333333333335,71.95833333333333
1803,5,73.8,1803-05-01,0.4999999999999999,-0.8660254037844387,0.1956521739130435,54.90000000000001,72.0
1803,6,60.0,1803-06-01,1.2246467991473532e-16,-1.0,0.1956521739130435,58.50000000000002,70.60833333333333
1803,7,80.5,1803-07-01,-0.4999999999999997,-0.8660254037844388,0.1956521739130435,71.43333333333335,70.65
1803,8,56.8,1803-08-01,-0.8660254037844385,-0.5000000000000004,0.1956521739130435,65.7666666666667,68.44166666666666
1803,9,75.5,1803-09-01,-1.0,-1.8369701987210294e-16,0.1956521739130435,70.93333333333335,67.54166666666667
1803,10,90.5,1803-10-01,-0.8660254037844386,0.5000000000000001,0.1956521739130435,74.2666666666667,69.73333333333333
1803,11,85.0,1803-11-01,-0.5000000000000004,0.8660254037844384,0.1956521739130435,83.66666666666669,72.02499999999999
1803,12,80.0,1803-12-01,-2.4492935982947064e-16,1.0,0.1956521739130435,85.16666666666669,71.75
1804,1,75.5,1804-01-01,0.4999999999999999,0.8660254037844387,0.1992753623188405,80.16666666666669,71.10000000000001
1804,2,80.5,1804-02-01,0.8660254037844386,0.5000000000000001,0.1992753623188405,78.66666666666669,70.75
1804,3,80.0,1804-03-01,1.0,6.123233995736766e-17,0.1992753623188405,78.66666666666669,73.31666666666666
1804,4,84.3,1804-04-01,0.8660254037844387,-0.4999999999999998,0.1992753623188405,81.60000000000001,76.86666666666666
1804,5,55.7,1804-05-01,0.4999999999999999,-0.8660254037844387,0.1992753623188405,73.33333333333336,75.35833333333333
1804,6,58.0,1804-06-01,1.2246467991473532e-16,-1.0,0.1992753623188405,66.00000000000001,75.19166666666666
1804,7,49.7,1804-07-01,-0.4999999999999997,-0.8660254037844388,0.1992753623188405,54.46666666666669,72.625
1804,8,71.8,1804-08-01,-0.8660254037844385,-0.5000000000000004,0.1992753623188405,59.83333333333335,73.875
1804,9,88.3,1804-09-01,-1.0,-1.8369701987210294e-16,0.1992753623188405,69.93333333333335,74.94166666666666
1804,10,103.8,1804-10-01,-0.8660254037844386,0.5000000000000001,0.1992753623188405,87.9666666666667,76.05
1804,11,101.7,1804-11-01,-0.5000000000000004,0.8660254037844384,0.1992753623188405,97.93333333333335,77.44166666666666
1804,12,100.0,1804-12-01,-2.4492935982947064e-16,1.0,0.1992753623188405,101.83333333333336,79.10833333333333
1805,1,101.7,1805-01-01,0.4999999999999999,0.8660254037844387,0.2028985507246377,101.13333333333337,81.29166666666667
1805,2,73.5,1805-02-01,0.8660254037844386,0.5000000000000001,0.2028985507246377,91.73333333333335,80.70833333333333
1805,3,85.7,1805-03-01,1.0,6.123233995736766e-17,0.2028985507246377,86.9666666666667,81.18333333333334
1805,4,62.5,1805-04-01,0.8660254037844387,-0.4999999999999998,0.2028985507246377,73.90000000000002,79.36666666666667
1805,5,65.0,1805-05-01,0.4999999999999999,-0.8660254037844387,0.2028985507246377,71.06666666666668,80.14166666666667
1805,6,67.5,1805-06-01,1.2246467991473532e-16,-1.0,0.2028985507246377,65.00000000000001,80.93333333333334
1805,7,62.7,1805-07-01,-0.4999999999999997,-0.8660254037844388,0.2028985507246377,65.06666666666668,82.01666666666667
1805,8,71.2,1805-08-01,-0.8660254037844385,-0.5000000000000004,0.2028985507246377,67.13333333333335,81.96666666666667
1805,9,74.0,1805-09-01,-1.0,-1.8369701987210294e-16,0.2028985507246377,69.30000000000003,80.775
1805,10,49.0,1805-10-01,-0.8660254037844386,0.5000000000000001,0.2028985507246377,64.73333333333335,76.20833333333333
1805,11,68.3,1805-11-01,-0.5000000000000004,0.8660254037844384,0.2028985507246377,63.76666666666669,73.425
1805,12,63.8,1805-12-01,-2.4492935982947064e-16,1.0,0.2028985507246377,60.36666666666668,70.40833333333335
1806,1,65.0,1806-01-01,0.4999999999999999,0.8660254037844387,0.2065217391304347,65.70000000000002,67.35000000000001
1806,2,49.3,1806-02-01,0.8660254037844386,0.5000000000000001,0.2065217391304347,59.366666666666696,65.33333333333333
1806,3,54.5,1806-03-01,1.0,6.123233995736766e-17,0.2065217391304347,56.26666666666669,62.73333333333333
1806,4,46.2,1806-04-01,0.8660254037844387,-0.4999999999999998,0.2065217391304347,50.00000000000002,61.375
1806,5,44.0,1806-05-01,0.4999999999999999,-0.8660254037844387,0.2065217391304347,48.23333333333335,59.625
1806,6,42.7,1806-06-01,1.2246467991473532e-16,-1.0,0.2065217391304347,44.30000000000002,57.55833333333333
1806,7,50.0,1806-07-01,-0.4999999999999997,-0.8660254037844388,0.2065217391304347,45.566666666666684,56.5
1806,8,43.8,1806-08-01,-0.8660254037844385,-0.5000000000000004,0.2065217391304347,45.50000000000002,54.21666666666667
1806,9,40.0,1806-09-01,-1.0,-1.8369701987210294e-16,0.2065217391304347,44.60000000000002,51.38333333333333
1806,10,45.0,1806-10-01,-0.8660254037844386,0.5000000000000001,0.2065217391304347,42.93333333333336,51.050000000000004
1806,11,41.7,1806-11-01,-0.5000000000000004,0.8660254037844384,0.2065217391304347,42.233333333333356,48.833333333333336
1806,12,40.0,1806-12-01,-2.4492935982947064e-16,1.0,0.2065217391304347,42.233333333333356,46.849999999999994
1807,1,20.0,1807-01-01,0.4999999999999999,0.8660254037844387,0.2101449275362318,33.90000000000002,43.1
1807,2,20.3,1807-02-01,0.8660254037844386,0.5000000000000001,0.2101449275362318,26.766666666666683,40.68333333333333
1807,3,16.0,1807-03-01,1.0,6.123233995736766e-17,0.2101449275362318,18.766666666666683,37.475
1807,4,39.7,1807-04-01,0.8660254037844387,-0.4999999999999998,0.2101449275362318,25.333333333333353,36.93333333333334
1807,5,16.7,1807-05-01,0.4999999999999999,-0.8660254037844387,0.2101449275362318,24.133333333333354,34.65833333333334
1807,6,20.0,1807-06-01,1.2246467991473532e-16,-1.0,0.2101449275362318,25.466666666666686,32.76666666666667
1807,7,21.2,1807-07-01,-0.4999999999999997,-0.8660254037844388,0.2101449275362318,19.30000000000002,30.36666666666667
1807,8,20.0,1807-08-01,-0.8660254037844385,-0.5000000000000004,0.2101449275362318,20.40000000000002,28.383333333333336
1807,9,9.5,1807-09-01,-1.0,-1.8369701987210294e-16,0.2101449275362318,16.90000000000002,25.84166666666667
1807,10,13.3,1807-10-01,-0.8660254037844386,0.5000000000000001,0.2101449275362318,14.266666666666685,23.200000000000003
1807,11,4.3,1807-11-01,-0.5000000000000004,0.8660254037844384,0.2101449275362318,9.033333333333353,20.083333333333332
1807,12,0.0,1807-12-01,-2.4492935982947064e-16,1.0,0.2101449275362318,5.866666666666686,16.75
1808,1,0.0,1808-01-01,0.4999999999999999,0.8660254037844387,0.213768115942029,1.4333333333333522,15.083333333333334
1808,2,7.5,1808-02-01,0.8660254037844386,0.5000000000000001,0.213768115942029,2.500000000000019,14.016666666666666
1808,3,0.0,1808-03-01,1.0,6.123233995736766e-17,0.213768115942029,2.500000000000019,12.683333333333332
1808,4,20.5,1808-04-01,0.8660254037844387,-0.4999999999999998,0.213768115942029,9.333333333333352,11.083333333333334
1808,5,22.5,1808-05-01,0.4999999999999999,-0.8660254037844387,0.213768115942029,14.333333333333352,11.566666666666668
1808,6,22.5,1808-06-01,1.2246467991473532e-16,-1.0,0.213768115942029,21.833333333333353,11.775
1808,7,11.2,1808-07-01,-0.4999999999999997,-0.8660254037844388,0.213768115942029,18.733333333333352,10.941666666666668
1808,8,13.3,1808-08-01,-0.8660254037844385,-0.5000000000000004,0.213768115942029,15.666666666666686,10.383333333333335
1808,9,19.5,1808-09-01,-1.0,-1.8369701987210294e-16,0.213768115942029,14.666666666666686,11.216666666666667
1808,10,7.8,1808-10-01,-0.8660254037844386,0.5000000000000001,0.213768115942029,13.533333333333351,10.758333333333333
1808,11,17.5,1808-11-01,-0.5000000000000004,0.8660254037844384,0.213768115942029,14.933333333333351,11.858333333333334
1808,12,20.5,1808-12-01,-2.4492935982947064e-16,1.0,0.213768115942029,15.266666666666685,13.566666666666668
1809,1,12.0,1809-01-01,0.4999999999999999,0.8660254037844387,0.217391304347826,16.666666666666686,14.566666666666668
1809,2,15.3,1809-02-01,0.8660254037844386,0.5000000000000001,0.217391304347826,15.933333333333353,15.216666666666667
1809,3,1.5,1809-03-01,1.0,6.123233995736766e-17,0.217391304347826,9.60000000000002,15.341666666666667
1809,4,4.2,1809-04-01,0.8660254037844387,-0.4999999999999998,0.217391304347826,7.000000000000019,13.983333333333334
1809,5,3.3,1809-05-01,0.4999999999999999,-0.8660254037844387,0.217391304347826,3.000000000000019,12.383333333333333
1809,6,12.8,1809-06-01,1.2246467991473532e-16,-1.0,0.217391304347826,6.766666666666686,11.575000000000001
1809,7,0.5,1809-07-01,-0.4999999999999997,-0.8660254037844388,0.217391304347826,5.533333333333353,10.683333333333332
1809,8,0.3,1809-08-01,-0.8660254037844385,-0.5000000000000004,0.217391304347826,4.533333333333353,9.6
1809,9,0.7,1809-09-01,-1.0,-1.8369701987210294e-16,0.217391304347826,0.500000000000019,8.033333333333333
1809,10,0.0,1809-10-01,-0.8660254037844386,0.5000000000000001,0.217391304347826,0.3333333333333523,7.383333333333334
1809,11,0.0,1809-11-01,-0.5000000000000004,0.8660254037844384,0.217391304347826,0.23333333333335227,5.925000000000001
1809,12,0.0,1809-12-01,-2.4492935982947064e-16,1.0,0.217391304347826,0.0,4.216666666666668
1810,1,0.0,1810-01-01,0.4999999999999999,0.8660254037844387,0.2210144927536232,0.0,3.2166666666666672
1810,2,0.0,1810-02-01,0.8660254037844386,0.5000000000000001,0.2210144927536232,0.0,1.9416666666666667
1810,3,0.0,1810-03-01,1.0,6.123233995736766e-17,0.2210144927536232,0.0,1.8166666666666667
1810,4,0.0,1810-04-01,0.8660254037844387,-0.4999999999999998,0.2210144927536232,0.0,1.4666666666666668
1810,5,0.0,1810-05-01,0.4999999999999999,-0.8660254037844387,0.2210144927536232,0.0,1.1916666666666667
1810,6,0.0,1810-06-01,1.2246467991473532e-16,-1.0,0.2210144927536232,0.0,0.125
1810,7,0.0,1810-07-01,-0.4999999999999997,-0.8660254037844388,0.2210144927536232,0.0,0.08333333333333333
1810,8,0.0,1810-08-01,-0.8660254037844385,-0.5000000000000004,0.2210144927536232,0.0,0.05833333333333333
1810,9,0.0,1810-09-01,-1.0,-1.8369701987210294e-16,0.2210144927536232,0.0,0.0
1810,10,0.0,1810-10-01,-0.8660254037844386,0.5000000000000001,0.2210144927536232,0.0,0.0
1810,11,0.0,1810-11-01,-0.5000000000000004,0.8660254037844384,0.2210144927536232,0.0,0.0
1810,12,0.0,1810-12-01,-2.4492935982947064e-16,1.0,0.2210144927536232,0.0,0.0
1811,1,0.0,1811-01-01,0.4999999999999999,0.8660254037844387,0.2246376811594203,0.0,0.0
1811,2,0.0,1811-02-01,0.8660254037844386,0.5000000000000001,0.2246376811594203,0.0,0.0
1811,3,0.0,1811-03-01,1.0,6.123233995736766e-17,0.2246376811594203,0.0,0.0
1811,4,0.0,1811-04-01,0.8660254037844387,-0.4999999999999998,0.2246376811594203,0.0,0.0
1811,5,0.0,1811-05-01,0.4999999999999999,-0.8660254037844387,0.2246376811594203,0.0,0.0
1811,6,0.0,1811-06-01,1.2246467991473532e-16,-1.0,0.2246376811594203,0.0,0.0
1811,7,11.0,1811-07-01,-0.4999999999999997,-0.8660254037844388,0.2246376811594203,3.6666666666666856,0.9166666666666666
1811,8,0.0,1811-08-01,-0.8660254037844385,-0.5000000000000004,0.2246376811594203,3.6666666666666856,0.9166666666666666
1811,9,4.0,1811-09-01,-1.0,-1.8369701987210294e-16,0.2246376811594203,5.000000000000019,1.25
1811,10,10.2,1811-10-01,-0.8660254037844386,0.5000000000000001,0.2246376811594203,4.733333333333352,2.1
1811,11,1.3,1811-11-01,-0.5000000000000004,0.8660254037844384,0.2246376811594203,5.166666666666686,2.2083333333333335
1811,12,1.8,1811-12-01,-2.4492935982947064e-16,1.0,0.2246376811594203,4.433333333333352,2.3583333333333334
1812,1,18.8,1812-01-01,0.4999999999999999,0.8660254037844387,0.2282608695652173,7.3000000000000185,3.9250000000000003
1812,2,3.2,1812-02-01,0.8660254037844386,0.5000000000000001,0.2282608695652173,7.933333333333352,4.191666666666667
1812,3,1.2,1812-03-01,1.0,6.123233995736766e-17,0.2282608695652173,7.733333333333352,4.291666666666667
1812,4,0.0,1812-04-01,0.8660254037844387,-0.4999999999999998,0.2282608695652173,1.4666666666666857,4.291666666666667
1812,5,1.7,1812-05-01,0.4999999999999999,-0.8660254037844387,0.2282608695652173,0.9666666666666855,4.433333333333334
1812,6,2.2,1812-06-01,1.2246467991473532e-16,-1.0,0.2282608695652173,1.3000000000000191,4.616666666666666
1812,7,0.8,1812-07-01,-0.4999999999999997,-0.8660254037844388,0.2282608695652173,1.5666666666666857,3.766666666666667
1812,8,26.0,1812-08-01,-0.8660254037844385,-0.5000000000000004,0.2282608695652173,9.666666666666686,5.933333333333334
1812,9,8.7,1812-09-01,-1.0,-1.8369701987210294e-16,0.2282608695652173,11.833333333333352,6.325
1812,10,6.5,1812-10-01,-0.8660254037844386,0.5000000000000001,0.2282608695652173,13.73333333333335,6.016666666666667
1812,11,13.2,1812-11-01,-0.5000000000000004,0.8660254037844384,0.2282608695652173,9.466666666666685,7.008333333333333
1812,12,16.8,1812-12-01,-2.4492935982947064e-16,1.0,0.2282608695652173,12.166666666666686,8.258333333333335
1813,1,0.0,1813-01-01,0.4999999999999999,0.8660254037844387,0.2318840579710145,10.00000000000002,6.691666666666667
1813,2,17.2,1813-02-01,0.8660254037844386,0.5000000000000001,0.2318840579710145,11.333333333333352,7.858333333333334
1813,3,3.2,1813-03-01,1.0,6.123233995736766e-17,0.2318840579710145,6.8000000000000185,8.025
1813,4,27.7,1813-04-01,0.8660254037844387,-0.4999999999999998,0.2318840579710145,16.03333333333335,10.333333333333334
1813,5,9.2,1813-05-01,0.4999999999999999,-0.8660254037844387,0.2318840579710145,13.366666666666683,10.958333333333334
1813,6,18.7,1813-06-01,1.2246467991473532e-16,-1.0,0.2318840579710145,18.53333333333335,12.333333333333334
1813,7,30.5,1813-07-01,-0.4999999999999997,-0.8660254037844388,0.2318840579710145,19.466666666666686,14.808333333333332
1813,8,14.0,1813-08-01,-0.8660254037844385,-0.5000000000000004,0.2318840579710145,21.066666666666688,13.808333333333332
1813,9,25.5,1813-09-01,-1.0,-1.8369701987210294e-16,0.2318840579710145,23.333333333333353,15.208333333333334
1813,10,46.3,1813-10-01,-0.8660254037844386,0.5000000000000001,0.2318840579710145,28.60000000000002,18.525000000000002
1813,11,27.8,1813-11-01,-0.5000000000000004,0.8660254037844384,0.2318840579710145,33.20000000000002,19.741666666666664
1813,12,23.8,1813-12-01,-2.4492935982947064e-16,1.0,0.2318840579710145,32.633333333333354,20.325
1814,1,37.0,1814-01-01,0.4999999999999999,0.8660254037844387,0.2355072463768115,29.53333333333335,23.40833333333333
1814,2,20.0,1814-02-01,0.8660254037844386,0.5000000000000001,0.2355072463768115,26.933333333333355,23.64166666666667
1814,3,9.5,1814-03-01,1.0,6.123233995736766e-17,0.2355072463768115,22.166666666666686,24.166666666666668
1814,4,39.7,1814-04-01,0.8660254037844387,-0.4999999999999998,0.2355072463768115,23.066666666666688,25.166666666666668
1814,5,9.7,1814-05-01,0.4999999999999999,-0.8660254037844387,0.2355072463768115,19.633333333333354,25.208333333333332
1814,6,24.8,1814-06-01,1.2246467991473532e-16,-1.0,0.2355072463768115,24.733333333333352,25.71666666666667
1814,7,30.8,1814-07-01,-0.4999999999999997,-0.8660254037844388,0.2355072463768115,21.766666666666683,25.74166666666667
1814,8,3.8,1814-08-01,-0.8660254037844385,-0.5000000000000004,0.2355072463768115,19.80000000000002,24.891666666666666
1814,9,13.5,1814-09-01,-1.0,-1.8369701987210294e-16,0.2355072463768115,16.033333333333353,23.891666666666666
1814,10,32.2,1814-10-01,-0.8660254037844386,0.5000000000000001,0.2355072463768115,16.500000000000018,22.71666666666667
1814,11,24.2,1814-11-01,-0.5000000000000004,0.8660254037844384,0.2355072463768115,23.300000000000022,22.416666666666668
1814,12,33.5,1814-12-01,-2.4492935982947064e-16,1.0,0.2355072463768115,29.966666666666686,23.224999999999998
1815,1,32.0,1815-01-01,0.4999999999999999,0.8660254037844387,0.2391304347826087,29.90000000000002,22.808333333333334
1815,2,53.7,1815-02-01,0.8660254037844386,0.5000000000000001,0.2391304347826087,39.733333333333356,25.616666666666664
1815,3,43.7,1815-03-01,1.0,6.123233995736766e-17,0.2391304347826087,43.133333333333354,28.46666666666667
1815,4,52.7,1815-04-01,0.8660254037844387,-0.4999999999999998,0.2391304347826087,50.03333333333336,29.55
1815,5,16.3,1815-05-01,0.4999999999999999,-0.8660254037844387,0.2391304347826087,37.566666666666684,30.100000000000005
1815,6,93.2,1815-06-01,1.2246467991473532e-16,-1.0,0.2391304347826087,54.066666666666684,35.800000000000004
1815,7,59.2,1815-07-01,-0.4999999999999997,-0.8660254037844388,0.2391304347826087,56.23333333333335,38.166666666666664
1815,8,78.7,1815-08-01,-0.8660254037844385,-0.5000000000000004,0.2391304347826087,77.03333333333335,44.40833333333333
1815,9,52.5,1815-09-01,-1.0,-1.8369701987210294e-16,0.2391304347826087,63.46666666666669,47.65833333333333
1815,10,55.8,1815-10-01,-0.8660254037844386,0.5000000000000001,0.2391304347826087,62.33333333333335,49.625
1815,11,62.0,1815-11-01,-0.5000000000000004,0.8660254037844384,0.2391304347826087,56.76666666666669,52.775000000000006
1815,12,108.3,1815-12-01,-2.4492935982947064e-16,1.0,0.2391304347826087,75.36666666666669,59.00833333333333
1816,1,43.8,1816-01-01,0.4999999999999999,0.8660254037844387,0.2427536231884058,71.36666666666669,59.99166666666667
1816,2,114.7,1816-02-01,0.8660254037844386,0.5000000000000001,0.2427536231884058,88.93333333333335,65.075
1816,3,122.8,1816-03-01,1.0,6.123233995736766e-17,0.2427536231884058,93.7666666666667,71.66666666666667
1816,4,98.0,1816-04-01,0.8660254037844387,-0.4999999999999998,0.2427536231884058,111.83333333333336,75.44166666666666
1816,5,73.8,1816-05-01,0.4999999999999999,-0.8660254037844387,0.2427536231884058,98.2,80.23333333333333
1816,6,72.7,1816-06-01,1.2246467991473532e-16,-1.0,0.2427536231884058,81.50000000000001,78.52499999999999
1816,7,64.7,1816-07-01,-0.4999999999999997,-0.8660254037844388,0.2427536231884058,70.40000000000002,78.98333333333333
1816,8,38.7,1816-08-01,-0.8660254037844385,-0.5000000000000004,0.2427536231884058,58.700000000000024,75.65
1816,9,79.7,1816-09-01,-1.0,-1.8369701987210294e-16,0.2427536231884058,61.03333333333336,77.91666666666667
1816,10,94.0,1816-10-01,-0.8660254037844386,0.5000000000000001,0.2427536231884058,70.80000000000003,81.1
1816,11,63.5,1816-11-01,-0.5000000000000004,0.8660254037844384,0.2427536231884058,79.06666666666668,81.225
1816,12,49.8,1816-12-01,-2.4492935982947064e-16,1.0,0.2427536231884058,69.10000000000002,76.35000000000001
1817,1,60.7,1817-01-01,0.4999999999999999,0.8660254037844387,0.2463768115942029,58.00000000000002,77.75833333333334
1817,2,96.5,1817-02-01,0.8660254037844386,0.5000000000000001,0.2463768115942029,69.00000000000001,76.24166666666666
1817,3,160.3,1817-03-01,1.0,6.123233995736766e-17,0.2463768115942029,105.83333333333336,79.36666666666667
1817,4,44.0,1817-04-01,0.8660254037844387,-0.4999999999999998,0.2463768115942029,100.2666666666667,74.86666666666667
1817,5,35.3,1817-05-01,0.4999999999999999,-0.8660254037844387,0.2463768115942029,79.86666666666669,71.65833333333333
1817,6,66.7,1817-06-01,1.2246467991473532e-16,-1.0,0.2463768115942029,48.666666666666686,71.15833333333335
1817,7,83.3,1817-07-01,-0.4999999999999997,-0.8660254037844388,0.2463768115942029,61.76666666666669,72.70833333333333
1817,8,75.0,1817-08-01,-0.8660254037844385,-0.5000000000000004,0.2463768115942029,75.00000000000001,75.73333333333333
1817,9,61.2,1817-09-01,-1.0,-1.8369701987210294e-16,0.2463768115942029,73.16666666666669,74.19166666666668
1817,10,42.7,1817-10-01,-0.8660254037844386,0.5000000000000001,0.2463768115942029,59.63333333333335,69.91666666666667
1817,11,48.2,1817-11-01,-0.5000000000000004,0.8660254037844384,0.2463768115942029,50.700000000000024,68.64166666666667
1817,12,47.3,1817-12-01,-2.4492935982947064e-16,1.0,0.2463768115942029,46.066666666666684,68.43333333333332
1818,1,58.1,1818-01-01,0.4999999999999999,0.8660254037844387,0.25,51.20000000000002,68.21666666666667
1818,2,37.4,1818-02-01,0.8660254037844386,0.5000000000000001,0.25,47.60000000000002,63.291666666666664
1818,3,42.4,1818-03-01,1.0,6.123233995736766e-17,0.25,45.96666666666669,53.46666666666667
1818,4,57.5,1818-04-01,0.8660254037844387,-0.4999999999999998,0.25,45.76666666666669,54.59166666666667
1818,5,88.5,1818-05-01,0.4999999999999999,-0.8660254037844387,0.25,62.80000000000002,59.025
1818,6,60.8,1818-06-01,1.2246467991473532e-16,-1.0,0.25,68.93333333333335,58.53333333333333
1818,7,46.8,1818-07-01,-0.4999999999999997,-0.8660254037844388,0.25,65.36666666666669,55.49166666666667
1818,8,52.6,1818-08-01,-0.8660254037844385,-0.5000000000000004,0.25,53.40000000000001,53.625
1818,9,43.4,1818-09-01,-1.0,-1.8369701987210294e-16,0.25,47.60000000000002,52.14166666666666
1818,10,52.8,1818-10-01,-0.8660254037844386,0.5000000000000001,0.25,49.60000000000002,52.98333333333334
1818,11,18.3,1818-11-01,-0.5000000000000004,0.8660254037844384,0.25,38.166666666666686,50.49166666666667
1818,12,43.0,1818-12-01,-2.4492935982947064e-16,1.0,0.25,38.03333333333335,50.13333333333333
1819,1,54.7,1819-01-01,0.4999999999999999,0.8660254037844387,0.2536231884057971,38.666666666666686,49.85
1819,2,34.6,1819-02-01,0.8660254037844386,0.5000000000000001,0.2536231884057971,44.10000000000002,49.61666666666667
1819,3,6.3,1819-03-01,1.0,6.123233995736766e-17,0.2536231884057971,31.86666666666669,46.60833333333333
1819,4,33.7,1819-04-01,0.8660254037844387,-0.4999999999999998,0.2536231884057971,24.866666666666685,44.625
1819,5,32.6,1819-05-01,0.4999999999999999,-0.8660254037844387,0.2536231884057971,24.200000000000017,39.96666666666667
1819,6,58.3,1819-06-01,1.2246467991473532e-16,-1.0,0.2536231884057971,41.53333333333335,39.75833333333333
1819,7,52.5,1819-07-01,-0.4999999999999997,-0.8660254037844388,0.2536231884057971,47.80000000000002,40.23333333333333
1819,8,43.5,1819-08-01,-0.8660254037844385,-0.5000000000000004,0.2536231884057971,51.43333333333336,39.475
1819,9,24.8,1819-09-01,-1.0,-1.8369701987210294e-16,0.2536231884057971,40.26666666666669,37.925
1819,10,45.9,1819-10-01,-0.8660254037844386,0.5000000000000001,0.2536231884057971,38.066666666666684,37.35
1819,11,41.8,1819-11-01,-0.5000000000000004,0.8660254037844384,0.2536231884057971,37.500000000000014,39.30833333333333
1819,12,50.9,1819-12-01,-2.4492935982947064e-16,1.0,0.2536231884057971,46.20000000000002,39.96666666666667
1820,1,32.0,1820-01-01,0.4999999999999999,0.8660254037844387,0.2572463768115942,41.566666666666684,38.075
1820,2,44.4,1820-02-01,0.8660254037844386,0.5000000000000001,0.2572463768115942,42.43333333333335,38.891666666666666
1820,3,7.5,1820-03-01,1.0,6.123233995736766e-17,0.2572463768115942,27.966666666666686,38.99166666666667
1820,4,32.3,1820-04-01,0.8660254037844387,-0.4999999999999998,0.2572463768115942,28.06666666666668,38.875
1820,5,48.9,1820-05-01,0.4999999999999999,-0.8660254037844387,0.2572463768115942,29.56666666666668,40.23333333333333
1820,6,17.9,1820-06-01,1.2246467991473532e-16,-1.0,0.2572463768115942,33.03333333333335,36.86666666666667
1820,7,34.1,1820-07-01,-0.4999999999999997,-0.8660254037844388,0.2572463768115942,33.633333333333354,35.333333333333336
1820,8,43.1,1820-08-01,-0.8660254037844385,-0.5000000000000004,0.2572463768115942,31.700000000000017,35.300000000000004
1820,9,8.6,1820-09-01,-1.0,-1.8369701987210294e-16,0.2572463768115942,28.60000000000002,33.949999999999996
1820,10,14.9,1820-10-01,-0.8660254037844386,0.5000000000000001,0.2572463768115942,22.200000000000017,31.36666666666667
1820,11,13.2,1820-11-01,-0.5000000000000004,0.8660254037844384,0.2572463768115942,12.233333333333354,28.983333333333334
1820,12,15.1,1820-12-01,-2.4492935982947064e-16,1.0,0.2572463768115942,14.400000000000018,26.0
1821,1,36.0,1821-01-01,0.4999999999999999,0.8660254037844387,0.2608695652173913,21.43333333333335,26.333333333333332
1821,2,7.0,1821-02-01,0.8660254037844386,0.5000000000000001,0.2608695652173913,19.366666666666685,23.21666666666667
1821,3,9.5,1821-03-01,1.0,6.123233995736766e-17,0.2608695652173913,17.500000000000018,23.383333333333336
1821,4,15.2,1821-04-01,0.8660254037844387,-0.4999999999999998,0.2608695652173913,10.566666666666686,21.958333333333332
1821,5,2.8,1821-05-01,0.4999999999999999,-0.8660254037844387,0.2608695652173913,9.166666666666686,18.116666666666667
1821,6,3.0,1821-06-01,1.2246467991473532e-16,-1.0,0.2608695652173913,7.000000000000019,16.875
1821,7,4.3,1821-07-01,-0.4999999999999997,-0.8660254037844388,0.2608695652173913,3.3666666666666853,14.391666666666667
1821,8,8.0,1821-08-01,-0.8660254037844385,-0.5000000000000004,0.2608695652173913,5.100000000000019,11.466666666666669
1821,9,7.3,1821-09-01,-1.0,-1.8369701987210294e-16,0.2608695652173913,6.533333333333353,11.358333333333333
1821,10,31.4,1821-10-01,-0.8660254037844386,0.5000000000000001,0.2608695652173913,15.566666666666686,12.733333333333333
1821,11,7.3,1821-11-01,-0.5000000000000004,0.8660254037844384,0.2608695652173913,15.333333333333352,12.241666666666667
1821,12,0.4,1821-12-01,-2.4492935982947064e-16,1.0,0.2608695652173913,13.033333333333353,11.016666666666666
1822,1,0.0,1822-01-01,0.4999999999999999,0.8660254037844387,0.2644927536231884,2.566666666666687,8.016666666666667
1822,2,1.5,1822-02-01,0.8660254037844386,0.5000000000000001,0.2644927536231884,0.6333333333333534,7.558333333333334
1822,3,26.9,1822-03-01,1.0,6.123233995736766e-17,0.2644927536231884,9.466666666666686,9.008333333333333
1822,4,21.7,1822-04-01,0.8660254037844387,-0.4999999999999998,0.2644927536231884,16.70000000000002,9.549999999999999
1822,5,2.4,1822-05-01,0.4999999999999999,-0.8660254037844387,0.2644927536231884,17.000000000000018,9.516666666666666
1822,6,9.3,1822-06-01,1.2246467991473532e-16,-1.0,0.2644927536231884,11.133333333333354,10.041666666666666
1822,7,13.2,1822-07-01,-0.4999999999999997,-0.8660254037844388,0.2644927536231884,8.30000000000002,10.783333333333333
1822,8,3.4,1822-08-01,-0.8660254037844385,-0.5000000000000004,0.2644927536231884,8.633333333333354,10.4
1822,9,0.0,1822-09-01,-1.0,-1.8369701987210294e-16,0.2644927536231884,5.533333333333353,9.791666666666666
1822,10,0.6,1822-10-01,-0.8660254037844386,0.5000000000000001,0.2644927536231884,1.3333333333333535,7.224999999999999
1822,11,0.0,1822-11-01,-0.5000000000000004,0.8660254037844384,0.2644927536231884,0.20000000000002013,6.616666666666666
1822,12,0.0,1822-12-01,-2.4492935982947064e-16,1.0,0.2644927536231884,0.20000000000002013,6.583333333333332
1823,1,0.0,1823-01-01,0.4999999999999999,0.8660254037844387,0.2681159420289855,0.0,6.583333333333332
1823,2,0.0,1823-02-01,0.8660254037844386,0.5000000000000001,0.2681159420289855,0.0,6.458333333333332
1823,3,1.0,1823-03-01,1.0,6.123233995736766e-17,0.2681159420289855,0.33333333333335347,4.3
1823,4,0.0,1823-04-01,0.8660254037844387,-0.4999999999999998,0.2681159420289855,0.33333333333335347,2.4916666666666667
1823,5,0.0,1823-05-01,0.4999999999999999,-0.8660254037844387,0.2681159420289855,0.33333333333335347,2.2916666666666665
1823,6,0.0,1823-06-01,1.2246467991473532e-16,-1.0,0.2681159420289855,0.0,1.5166666666666664
1823,7,0.8,1823-07-01,-0.4999999999999997,-0.8660254037844388,0.2681159420289855,0.2666666666666868,0.48333333333333334
1823,8,0.0,1823-08-01,-0.8660254037844385,-0.5000000000000004,0.2681159420289855,0.2666666666666868,0.20000000000000004
1823,9,0.0,1823-09-01,-1.0,-1.8369701987210294e-16,0.2681159420289855,0.2666666666666868,0.20000000000000004
1823,10,0.0,1823-10-01,-0.8660254037844386,0.5000000000000001,0.2681159420289855,0.0,0.15
1823,11,0.0,1823-11-01,-0.5000000000000004,0.8660254037844384,0.2681159420289855,0.0,0.15000000000000002
1823,12,34.0,1823-12-01,-2.4492935982947064e-16,1.0,0.2681159420289855,11.333333333333352,2.983333333333333
1824,1,36.0,1824-01-01,0.4999999999999999,0.8660254037844387,0.2717391304347826,23.333333333333353,5.983333333333333
1824,2,18.0,1824-02-01,0.8660254037844386,0.5000000000000001,0.2717391304347826,29.333333333333353,7.483333333333333
1824,3,0.0,1824-03-01,1.0,6.123233995736766e-17,0.2717391304347826,18.000000000000018,7.3999999999999995
1824,4,32.3,1824-04-01,0.8660254037844387,-0.4999999999999998,0.2717391304347826,16.766666666666683,10.091666666666667
1824,5,4.6,1824-05-01,0.4999999999999999,-0.8660254037844387,0.2717391304347826,12.300000000000018,10.475
1824,6,0.0,1824-06-01,1.2246467991473532e-16,-1.0,0.2717391304347826,12.300000000000018,10.475
1824,7,0.0,1824-07-01,-0.4999999999999997,-0.8660254037844388,0.2717391304347826,1.533333333333352,10.408333333333333
1824,8,2.3,1824-08-01,-0.8660254037844385,-0.5000000000000004,0.2717391304347826,0.7666666666666856,10.6
1824,9,34.3,1824-09-01,-1.0,-1.8369701987210294e-16,0.2717391304347826,12.200000000000017,13.458333333333334
1824,10,42.0,1824-10-01,-0.8660254037844386,0.5000000000000001,0.2717391304347826,26.200000000000017,16.958333333333332
1824,11,0.0,1824-11-01,-0.5000000000000004,0.8660254037844384,0.2717391304347826,25.43333333333335,16.958333333333332
1824,12,1.4,1824-12-01,-2.4492935982947064e-16,1.0,0.2717391304347826,14.466666666666685,14.241666666666667
1825,1,8.4,1825-01-01,0.4999999999999999,0.8660254037844387,0.2753623188405797,3.2666666666666857,11.941666666666665
1825,2,25.9,1825-02-01,0.8660254037844386,0.5000000000000001,0.2753623188405797,11.90000000000002,12.6
1825,3,37.4,1825-03-01,1.0,6.123233995736766e-17,0.2753623188405797,23.900000000000016,15.716666666666667
1825,4,6.2,1825-04-01,0.8660254037844387,-0.4999999999999998,0.2753623188405797,23.166666666666682,13.541666666666666
1825,5,25.8,1825-05-01,0.4999999999999999,-0.8660254037844387,0.2753623188405797,23.133333333333354,15.308333333333332
1825,6,25.6,1825-06-01,1.2246467991473532e-16,-1.0,0.2753623188405797,19.200000000000017,17.441666666666666
1825,7,51.5,1825-07-01,-0.4999999999999997,-0.8660254037844388,0.2753623188405797,34.30000000000002,21.733333333333334
1825,8,42.8,1825-08-01,-0.8660254037844385,-0.5000000000000004,0.2753623188405797,39.96666666666668,25.10833333333333
1825,9,26.2,1825-09-01,-1.0,-1.8369701987210294e-16,0.2753623188405797,40.16666666666668,24.433333333333337
1825,10,26.0,1825-10-01,-0.8660254037844386,0.5000000000000001,0.2753623188405797,31.666666666666686,23.099999999999998
1825,11,19.6,1825-11-01,-0.5000000000000004,0.8660254037844384,0.2753623188405797,23.93333333333335,24.733333333333334
1825,12,36.7,1825-12-01,-2.4492935982947064e-16,1.0,0.2753623188405797,27.43333333333335,27.675
1826,1,29.4,1826-01-01,0.4999999999999999,0.8660254037844387,0.2789855072463768,28.56666666666668,29.424999999999997
1826,2,30.2,1826-02-01,0.8660254037844386,0.5000000000000001,0.2789855072463768,32.100000000000016,29.783333333333335
1826,3,61.3,1826-03-01,1.0,6.123233995736766e-17,0.2789855072463768,40.30000000000002,31.774999999999995
1826,4,40.0,1826-04-01,0.8660254037844387,-0.4999999999999998,0.2789855072463768,43.83333333333335,34.59166666666666
1826,5,53.9,1826-05-01,0.4999999999999999,-0.8660254037844387,0.2789855072463768,51.73333333333335,36.93333333333333
1826,6,61.7,1826-06-01,1.2246467991473532e-16,-1.0,0.2789855072463768,51.86666666666668,39.94166666666667
1826,7,87.5,1826-07-01,-0.4999999999999997,-0.8660254037844388,0.2789855072463768,67.70000000000002,42.94166666666666
1826,8,66.0,1826-08-01,-0.8660254037844385,-0.5000000000000004,0.2789855072463768,71.73333333333335,44.875
1826,9,31.6,1826-09-01,-1.0,-1.8369701987210294e-16,0.2789855072463768,61.70000000000002,45.324999999999996
1826,10,84.4,1826-10-01,-0.8660254037844386,0.5000000000000001,0.2789855072463768,60.666666666666686,50.19166666666666
1826,11,65.8,1826-11-01,-0.5000000000000004,0.8660254037844384,0.2789855072463768,60.60000000000002,54.041666666666664
1826,12,113.6,1826-12-01,-2.4492935982947064e-16,1.0,0.2789855072463768,87.93333333333335,60.449999999999996
1827,1,57.7,1827-01-01,0.4999999999999999,0.8660254037844387,0.2826086956521739,79.03333333333335,62.80833333333334
1827,2,79.0,1827-02-01,0.8660254037844386,0.5000000000000001,0.2826086956521739,83.43333333333335,66.875
1827,3,96.3,1827-03-01,1.0,6.123233995736766e-17,0.2826086956521739,77.66666666666669,69.79166666666667
1827,4,76.7,1827-04-01,0.8660254037844387,-0.4999999999999998,0.2826086956521739,84.00000000000001,72.85000000000001
1827,5,93.8,1827-05-01,0.4999999999999999,-0.8660254037844387,0.2826086956521739,88.93333333333335,76.175
1827,6,94.4,1827-06-01,1.2246467991473532e-16,-1.0,0.2826086956521739,88.30000000000001,78.89999999999999
1827,7,70.4,1827-07-01,-0.4999999999999997,-0.8660254037844388,0.2826086956521739,86.20000000000003,77.47500000000001
1827,8,89.4,1827-08-01,-0.8660254037844385,-0.5000000000000004,0.2826086956521739,84.73333333333335,79.425
1827,9,82.6,1827-09-01,-1.0,-1.8369701987210294e-16,0.2826086956521739,80.80000000000003,83.675
1827,10,93.5,1827-10-01,-0.8660254037844386,0.5000000000000001,0.2826086956521739,88.50000000000001,84.43333333333334
1827,11,80.4,1827-11-01,-0.5000000000000004,0.8660254037844384,0.2826086956521739,85.50000000000001,85.64999999999999
1827,12,76.8,1827-12-01,-2.4492935982947064e-16,1.0,0.2826086956521739,83.56666666666668,82.58333333333333
1828,1,88.0,1828-01-01,0.4999999999999999,0.8660254037844387,0.286231884057971,81.73333333333335,85.10833333333333
1828,2,107.3,1828-02-01,0.8660254037844386,0.5000000000000001,0.286231884057971,90.70000000000003,87.46666666666665
1828,3,108.5,1828-03-01,1.0,6.123233995736766e-17,0.286231884057971,101.2666666666667,88.48333333333333
1828,4,101.9,1828-04-01,0.8660254037844387,-0.4999999999999998,0.286231884057971,105.90000000000002,90.58333333333333
1828,5,148.6,1828-05-01,0.4999999999999999,-0.8660254037844387,0.286231884057971,119.66666666666669,95.14999999999999
1828,6,163.4,1828-06-01,1.2246467991473532e-16,-1.0,0.286231884057971,137.9666666666667,100.89999999999999
1828,7,90.4,1828-07-01,-0.4999999999999997,-0.8660254037844388,0.286231884057971,134.13333333333335,102.56666666666668
1828,8,127.3,1828-08-01,-0.8660254037844385,-0.5000000000000004,0.286231884057971,127.03333333333336,105.72500000000001
1828,9,83.9,1828-09-01,-1.0,-1.8369701987210294e-16,0.286231884057971,100.53333333333336,105.83333333333333
1828,10,91.1,1828-10-01,-0.8660254037844386,0.5000000000000001,0.286231884057971,100.7666666666667,105.63333333333334
1828,11,95.0,1828-11-01,-0.5000000000000004,0.8660254037844384,0.286231884057971,90.00000000000001,106.85000000000001
1828,12,78.1,1828-12-01,-2.4492935982947064e-16,1.0,0.286231884057971,88.06666666666668,106.95833333333333
1829,1,71.6,1829-01-01,0.4999999999999999,0.8660254037844387,0.2898550724637681,81.56666666666668,105.59166666666665
1829,2,82.3,1829-02-01,0.8660254037844386,0.5000000000000001,0.2898550724637681,77.33333333333334,103.50833333333334
1829,3,120.6,1829-03-01,1.0,6.123233995736766e-17,0.2898550724637681,91.5,104.51666666666667
1829,4,158.4,1829-04-01,0.8660254037844387,-0.4999999999999998,0.2898550724637681,120.43333333333335,109.22500000000001
1829,5,112.3,1829-05-01,0.4999999999999999,-0.8660254037844387,0.2898550724637681,130.43333333333337,106.2
1829,6,123.2,1829-06-01,1.2246467991473532e-16,-1.0,0.2898550724637681,131.3,102.85000000000001
1829,7,151.5,1829-07-01,-0.4999999999999997,-0.8660254037844388,0.2898550724637681,129.00000000000003,107.94166666666668
1829,8,129.3,1829-08-01,-0.8660254037844385,-0.5000000000000004,0.2898550724637681,134.66666666666669,108.10833333333333
1829,9,88.0,1829-09-01,-1.0,-1.8369701987210294e-16,0.2898550724637681,122.93333333333335,108.45
1829,10,95.3,1829-10-01,-0.8660254037844386,0.5000000000000001,0.2898550724637681,104.20000000000003,108.8
1829,11,112.7,1829-11-01,-0.5000000000000004,0.8660254037844384,0.2898550724637681,98.66666666666669,110.27499999999999
1829,12,94.1,1829-12-01,-2.4492935982947064e-16,1.0,0.2898550724637681,100.7,111.60833333333333
1830,1,87.0,1830-01-01,0.4999999999999999,0.8660254037844387,0.2934782608695652,97.93333333333335,112.89166666666667
1830,2,120.1,1830-02-01,0.8660254037844386,0.5000000000000001,0.2934782608695652,100.40000000000002,116.04166666666667
1830,3,141.0,1830-03-01,1.0,6.123233995736766e-17,0.2934782608695652,116.03333333333335,117.74166666666667
1830,4,177.3,1830-04-01,0.8660254037844387,-0.4999999999999998,0.2934782608695652,146.13333333333335,119.31666666666666
1830,5,110.5,1830-05-01,0.4999999999999999,-0.8660254037844387,0.2934782608695652,142.93333333333337,119.16666666666667
1830,6,108.4,1830-06-01,1.2246467991473532e-16,-1.0,0.2934782608695652,132.0666666666667,117.93333333333332
1830,7,73.2,1830-07-01,-0.4999999999999997,-0.8660254037844388,0.2934782608695652,97.36666666666669,111.40833333333332
1830,8,84.6,1830-08-01,-0.8660254037844385,-0.5000000000000004,0.2934782608695652,88.73333333333335,107.68333333333334
1830,9,103.4,1830-09-01,-1.0,-1.8369701987210294e-16,0.2934782608695652,87.06666666666668,108.96666666666665
1830,10,140.6,1830-10-01,-0.8660254037844386,0.5000000000000001,0.2934782608695652,109.53333333333336,112.74166666666667
1830,11,135.4,1830-11-01,-0.5000000000000004,0.8660254037844384,0.2934782608695652,126.4666666666667,114.63333333333333
1830,12,136.8,1830-12-01,-2.4492935982947064e-16,1.0,0.2934782608695652,137.60000000000002,118.19166666666668
1831,1,79.0,1831-01-01,0.4999999999999999,0.8660254037844387,0.2971014492753623,117.06666666666668,117.52500000000002
1831,2,83.6,1831-02-01,0.8660254037844386,0.5000000000000001,0.2971014492753623,99.80000000000003,114.48333333333333
1831,3,155.8,1831-03-01,1.0,6.123233995736766e-17,0.2971014492753623,106.13333333333337,115.71666666666665
1831,4,90.9,1831-04-01,0.8660254037844387,-0.4999999999999998,0.2971014492753623,110.10000000000002,108.51666666666667
1831,5,63.4,1831-05-01,0.4999999999999999,-0.8660254037844387,0.2971014492753623,103.36666666666669,104.59166666666665
1831,6,55.6,1831-06-01,1.2246467991473532e-16,-1.0,0.2971014492753623,69.96666666666668,100.19166666666666
1831,7,75.4,1831-07-01,-0.4999999999999997,-0.8660254037844388,0.2971014492753623,64.80000000000003,100.375
1831,8,91.6,1831-08-01,-0.8660254037844385,-0.5000000000000004,0.2971014492753623,74.20000000000002,100.95833333333333
1831,9,63.2,1831-09-01,-1.0,-1.8369701987210294e-16,0.2971014492753623,76.73333333333335,97.60833333333335
1831,10,77.1,1831-10-01,-0.8660254037844386,0.5000000000000001,0.2971014492753623,77.30000000000001,92.31666666666666
1831,11,72.5,1831-11-01,-0.5000000000000004,0.8660254037844384,0.2971014492753623,70.93333333333335,87.075
1831,12,48.3,1831-12-01,-2.4492935982947064e-16,1.0,0.2971014492753623,65.96666666666668,79.7
1832,1,51.5,1832-01-01,0.4999999999999999,0.8660254037844387,0.3007246376811594,57.43333333333336,77.40833333333335
1832,2,92.6,1832-02-01,0.8660254037844386,0.5000000000000001,0.3007246376811594,64.13333333333334,78.15833333333333
1832,3,91.9,1832-03-01,1.0,6.123233995736766e-17,0.3007246376811594,78.66666666666669,72.83333333333333
1832,4,44.8,1832-04-01,0.8660254037844387,-0.4999999999999998,0.3007246376811594,76.43333333333335,68.99166666666666
1832,5,68.9,1832-05-01,0.4999999999999999,-0.8660254037844387,0.3007246376811594,68.53333333333335,69.45
1832,6,44.5,1832-06-01,1.2246467991473532e-16,-1.0,0.3007246376811594,52.73333333333335,68.52499999999999
1832,7,23.3,1832-07-01,-0.4999999999999997,-0.8660254037844388,0.3007246376811594,45.56666666666669,64.18333333333334
1832,8,14.8,1832-08-01,-0.8660254037844385,-0.5000000000000004,0.3007246376811594,27.53333333333335,57.78333333333333
1832,9,13.7,1832-09-01,-1.0,-1.8369701987210294e-16,0.3007246376811594,17.266666666666683,53.65833333333334
1832,10,35.2,1832-10-01,-0.8660254037844386,0.5000000000000001,0.3007246376811594,21.233333333333352,50.166666666666664
1832,11,23.8,1832-11-01,-0.5000000000000004,0.8660254037844384,0.3007246376811594,24.233333333333352,46.10833333333334
1832,12,45.8,1832-12-01,-2.4492935982947064e-16,1.0,0.3007246376811594,34.93333333333335,45.9
1833,1,18.7,1833-01-01,0.4999999999999999,0.8660254037844387,0.3043478260869565,29.43333333333335,43.166666666666664
1833,2,24.9,1833-02-01,0.8660254037844386,0.5000000000000001,0.3043478260869565,29.800000000000015,37.525
1833,3,19.6,1833-03-01,1.0,6.123233995736766e-17,0.3043478260869565,21.066666666666688,31.5
1833,4,4.6,1833-04-01,0.8660254037844387,-0.4999999999999998,0.3043478260869565,16.366666666666685,28.150000000000002
1833,5,21.5,1833-05-01,0.4999999999999999,-0.8660254037844387,0.3043478260869565,15.233333333333354,24.2
1833,6,1.7,1833-06-01,1.2246467991473532e-16,-1.0,0.3043478260869565,9.266666666666685,20.633333333333333
1833,7,11.6,1833-07-01,-0.4999999999999997,-0.8660254037844388,0.3043478260869565,11.600000000000017,19.658333333333335
1833,8,9.5,1833-08-01,-0.8660254037844385,-0.5000000000000004,0.3043478260869565,7.600000000000018,19.216666666666665
1833,9,19.3,1833-09-01,-1.0,-1.8369701987210294e-16,0.3043478260869565,13.466666666666683,19.683333333333334
1833,10,12.5,1833-10-01,-0.8660254037844386,0.5000000000000001,0.3043478260869565,13.766666666666685,17.791666666666668
1833,11,9.8,1833-11-01,-0.5000000000000004,0.8660254037844384,0.3043478260869565,13.866666666666683,16.625
1833,12,16.6,1833-12-01,-2.4492935982947064e-16,1.0,0.3043478260869565,12.966666666666685,14.191666666666665
1834,1,8.2,1834-01-01,0.4999999999999999,0.8660254037844387,0.3079710144927536,11.533333333333351,13.316666666666668
1834,2,30.1,1834-02-01,0.8660254037844386,0.5000000000000001,0.3079710144927536,18.30000000000002,13.75
1834,3,6.5,1834-03-01,1.0,6.123233995736766e-17,0.3079710144927536,14.933333333333351,12.658333333333333
1834,4,2.4,1834-04-01,0.8660254037844387,-0.4999999999999998,0.3079710144927536,13.000000000000016,12.475000000000001
1834,5,14.8,1834-05-01,0.4999999999999999,-0.8660254037844387,0.3079710144927536,7.900000000000017,11.916666666666666
1834,6,13.1,1834-06-01,1.2246467991473532e-16,-1.0,0.3079710144927536,10.100000000000017,12.866666666666667
1834,7,14.4,1834-07-01,-0.4999999999999997,-0.8660254037844388,0.3079710144927536,14.100000000000017,13.1
1834,8,6.6,1834-08-01,-0.8660254037844385,-0.5000000000000004,0.3079710144927536,11.366666666666683,12.858333333333333
1834,9,19.2,1834-09-01,-1.0,-1.8369701987210294e-16,0.3079710144927536,13.400000000000018,12.850000000000001
1834,10,41.3,1834-10-01,-0.8660254037844386,0.5000000000000001,0.3079710144927536,22.366666666666685,15.25
1834,11,50.9,1834-11-01,-0.5000000000000004,0.8660254037844384,0.3079710144927536,37.13333333333335,18.675
1834,12,57.5,1834-12-01,-2.4492935982947064e-16,1.0,0.3079710144927536,49.90000000000001,22.083333333333332
1835,1,12.4,1835-01-01,0.4999999999999999,0.8660254037844387,0.3115942028985507,40.26666666666669,22.433333333333334
1835,2,40.7,1835-02-01,0.8660254037844386,0.5000000000000001,0.3115942028985507,36.86666666666668,23.316666666666666
1835,3,32.7,1835-03-01,1.0,6.123233995736766e-17,0.3115942028985507,28.60000000000002,25.5
1835,4,102.4,1835-04-01,0.8660254037844387,-0.4999999999999998,0.3115942028985507,58.60000000000002,33.833333333333336
1835,5,72.6,1835-05-01,0.4999999999999999,-0.8660254037844387,0.3115942028985507,69.23333333333335,38.65
1835,6,55.2,1835-06-01,1.2246467991473532e-16,-1.0,0.3115942028985507,76.73333333333335,42.15833333333333
1835,7,99.6,1835-07-01,-0.4999999999999997,-0.8660254037844388,0.3115942028985507,75.80000000000001,49.25833333333333
1835,8,98.5,1835-08-01,-0.8660254037844385,-0.5000000000000004,0.3115942028985507,84.43333333333335,56.916666666666664
1835,9,168.0,1835-09-01,-1.0,-1.8369701987210294e-16,0.3115942028985507,122.03333333333335,69.31666666666668
1835,10,158.6,1835-10-01,-0.8660254037844386,0.5000000000000001,0.3115942028985507,141.70000000000002,79.09166666666667
1835,11,166.7,1835-11-01,-0.5000000000000004,0.8660254037844384,0.3115942028985507,164.43333333333337,88.74166666666667
1835,12,129.3,1835-12-01,-2.4492935982947064e-16,1.0,0.3115942028985507,151.53333333333333,94.72500000000001
1836,1,147.6,1836-01-01,0.4999999999999999,0.8660254037844387,0.3152173913043478,147.86666666666667,105.99166666666666
1836,2,179.4,1836-02-01,0.8660254037844386,0.5000000000000001,0.3152173913043478,152.10000000000002,117.55000000000001
1836,3,163.7,1836-03-01,1.0,6.123233995736766e-17,0.3152173913043478,163.5666666666667,128.46666666666667
1836,4,238.0,1836-04-01,0.8660254037844387,-0.4999999999999998,0.3152173913043478,193.70000000000002,139.76666666666668
1836,5,185.7,1836-05-01,0.4999999999999999,-0.8660254037844387,0.3152173913043478,195.80000000000004,149.19166666666666
1836,6,207.9,1836-06-01,1.2246467991473532e-16,-1.0,0.3152173913043478,210.53333333333333,161.91666666666666
1836,7,194.6,1836-07-01,-0.4999999999999997,-0.8660254037844388,0.3152173913043478,196.0666666666667,169.83333333333334
1836,8,179.6,1836-08-01,-0.8660254037844385,-0.5000000000000004,0.3152173913043478,194.0333333333334,176.59166666666667
1836,9,158.5,1836-09-01,-1.0,-1.8369701987210294e-16,0.3152173913043478,177.5666666666667,175.79999999999998
1836,10,228.9,1836-10-01,-0.8660254037844386,0.5000000000000001,0.3152173913043478,189.0,181.65833333333333
1836,11,201.5,1836-11-01,-0.5000000000000004,0.8660254037844384,0.3152173913043478,196.30000000000004,184.5583333333333
1836,12,343.8,1836-12-01,-2.4492935982947064e-16,1.0,0.3152173913043478,258.06666666666666,202.43333333333337
1837,1,313.4,1837-01-01,0.4999999999999999,0.8660254037844387,0.3188405797101449,286.23333333333335,216.25
1837,2,292.6,1837-02-01,0.8660254037844386,0.5000000000000001,0.3188405797101449,316.6,225.68333333333337
1837,3,224.3,1837-03-01,1.0,6.123233995736766e-17,0.3188405797101449,276.76666666666665,230.73333333333332
1837,4,230.3,1837-04-01,0.8660254037844387,-0.4999999999999998,0.3188405797101449,249.0666666666667,230.09166666666667
1837,5,186.1,1837-05-01,0.4999999999999999,-0.8660254037844387,0.3188405797101449,213.5666666666667,230.125
1837,6,263.4,1837-06-01,1.2246467991473532e-16,-1.0,0.3188405797101449,226.6,234.75
1837,7,271.2,1837-07-01,-0.4999999999999997,-0.8660254037844388,0.3188405797101449,240.23333333333335,241.13333333333333
1837,8,223.5,1837-08-01,-0.8660254037844385,-0.5000000000000004,0.3188405797101449,252.69999999999996,244.79166666666666
1837,9,160.4,1837-09-01,-1.0,-1.8369701987210294e-16,0.3188405797101449,218.36666666666667,244.95000000000002
1837,10,206.2,1837-10-01,-0.8660254037844386,0.5000000000000001,0.3188405797101449,196.70000000000002,243.05833333333337
1837,11,178.4,1837-11-01,-0.5000000000000004,0.8660254037844384,0.3188405797101449,181.66666666666666,241.13333333333333
1837,12,216.1,1837-12-01,-2.4492935982947064e-16,1.0,0.3188405797101449,200.23333333333335,230.49166666666667
1838,1,241.5,1838-01-01,0.4999999999999999,0.8660254037844387,0.322463768115942,212.0,224.5
1838,2,141.3,1838-02-01,0.8660254037844386,0.5000000000000001,0.322463768115942,199.63333333333333,211.89166666666665
1838,3,234.5,1838-03-01,1.0,6.123233995736766e-17,0.322463768115942,205.76666666666665,212.74166666666667
1838,4,211.1,1838-04-01,0.8660254037844387,-0.4999999999999998,0.322463768115942,195.63333333333333,211.14166666666665
1838,5,229.4,1838-05-01,0.4999999999999999,-0.8660254037844387,0.322463768115942,225.0,214.75
1838,6,157.6,1838-06-01,1.2246467991473532e-16,-1.0,0.322463768115942,199.36666666666667,205.9333333333333
1838,7,180.4,1838-07-01,-0.4999999999999997,-0.8660254037844388,0.322463768115942,189.13333333333333,198.36666666666667
1838,8,131.3,1838-08-01,-0.8660254037844385,-0.5000000000000004,0.322463768115942,156.43333333333337,190.68333333333337
1838,9,122.7,1838-09-01,-1.0,-1.8369701987210294e-16,0.322463768115942,144.8,187.54166666666666
1838,10,151.5,1838-10-01,-0.8660254037844386,0.5000000000000001,0.322463768115942,135.16666666666666,182.98333333333335
1838,11,129.2,1838-11-01,-0.5000000000000004,0.8660254037844384,0.322463768115942,134.46666666666667,178.88333333333333
1838,12,132.9,1838-12-01,-2.4492935982947064e-16,1.0,0.322463768115942,137.86666666666667,171.95000000000002
1839,1,175.9,1839-01-01,0.4999999999999999,0.8660254037844387,0.3260869565217391,146.0,166.48333333333335
1839,2,170.8,1839-02-01,0.8660254037844386,0.5000000000000001,0.3260869565217391,159.86666666666667,168.9416666666667
1839,3,129.5,1839-03-01,1.0,6.123233995736766e-17,0.3260869565217391,158.73333333333335,160.1916666666667
1839,4,102.9,1839-04-01,0.8660254037844387,-0.4999999999999998,0.3260869565217391,134.4,151.17499999999998
1839,5,89.6,1839-05-01,0.4999999999999999,-0.8660254037844387,0.3260869565217391,107.33333333333333,139.525
1839,6,91.2,1839-06-01,1.2246467991473532e-16,-1.0,0.3260869565217391,94.56666666666668,133.99166666666667
1839,7,141.3,1839-07-01,-0.4999999999999997,-0.8660254037844388,0.3260869565217391,107.36666666666667,130.73333333333335
1839,8,218.8,1839-08-01,-0.8660254037844385,-0.5000000000000004,0.3260869565217391,150.43333333333337,138.025
1839,9,221.1,1839-09-01,-1.0,-1.8369701987210294e-16,0.3260869565217391,193.73333333333335,146.225
1839,10,151.5,1839-10-01,-0.8660254037844386,0.5000000000000001,0.3260869565217391,197.13333333333335,146.225
1839,11,114.7,1839-11-01,-0.5000000000000004,0.8660254037844384,0.3260869565217391,162.43333333333337,145.01666666666668
1839,12,106.2,1839-12-01,-2.4492935982947064e-16,1.0,0.3260869565217391,124.13333333333334,142.79166666666666
1840,1,135.4,1840-01-01,0.4999999999999999,0.8660254037844387,0.3297101449275362,118.7666666666667,139.41666666666666
1840,2,146.1,1840-02-01,0.8660254037844386,0.5000000000000001,0.3297101449275362,129.23333333333335,137.35833333333332
1840,3,112.9,1840-03-01,1.0,6.123233995736766e-17,0.3297101449275362,131.46666666666667,135.975
1840,4,109.8,1840-04-01,0.8660254037844387,-0.4999999999999998,0.3297101449275362,122.93333333333335,136.55
1840,5,115.4,1840-05-01,0.4999999999999999,-0.8660254037844387,0.3297101449275362,112.70000000000003,138.7
1840,6,80.9,1840-06-01,1.2246467991473532e-16,-1.0,0.3297101449275362,102.03333333333336,137.84166666666667
1840,7,101.0,1840-07-01,-0.4999999999999997,-0.8660254037844388,0.3297101449275362,99.10000000000002,134.48333333333332
1840,8,96.4,1840-08-01,-0.8660254037844385,-0.5000000000000004,0.3297101449275362,92.7666666666667,124.28333333333335
1840,9,123.3,1840-09-01,-1.0,-1.8369701987210294e-16,0.3297101449275362,106.90000000000002,116.13333333333334
1840,10,91.7,1840-10-01,-0.8660254037844386,0.5000000000000001,0.3297101449275362,103.80000000000001,111.15000000000002
1840,11,90.4,1840-11-01,-0.5000000000000004,0.8660254037844384,0.3297101449275362,101.80000000000003,109.125
1840,12,89.5,1840-12-01,-2.4492935982947064e-16,1.0,0.3297101449275362,90.53333333333336,107.73333333333333
1841,1,40.1,1841-01-01,0.4999999999999999,0.8660254037844387,0.3333333333333333,73.33333333333336,99.79166666666667
1841,2,49.9,1841-02-01,0.8660254037844386,0.5000000000000001,0.3333333333333333,59.83333333333335,91.77499999999999
1841,3,49.6,1841-03-01,1.0,6.123233995736766e-17,0.3333333333333333,46.53333333333335,86.5
1841,4,66.9,1841-04-01,0.8660254037844387,-0.4999999999999998,0.3333333333333333,55.46666666666669,82.925
1841,5,112.4,1841-05-01,0.4999999999999999,-0.8660254037844387,0.3333333333333333,76.30000000000003,82.675
1841,6,92.8,1841-06-01,1.2246467991473532e-16,-1.0,0.3333333333333333,90.70000000000003,83.66666666666667
1841,7,51.4,1841-07-01,-0.4999999999999997,-0.8660254037844388,0.3333333333333333,85.53333333333336,79.53333333333335
1841,8,65.4,1841-08-01,-0.8660254037844385,-0.5000000000000004,0.3333333333333333,69.86666666666669,76.95
1841,9,60.9,1841-09-01,-1.0,-1.8369701987210294e-16,0.3333333333333333,59.23333333333335,71.75
1841,10,47.4,1841-10-01,-0.8660254037844386,0.5000000000000001,0.3333333333333333,57.90000000000001,68.05833333333334
1841,11,32.9,1841-11-01,-0.5000000000000004,0.8660254037844384,0.3333333333333333,47.066666666666684,63.26666666666666
1841,12,64.8,1841-12-01,-2.4492935982947064e-16,1.0,0.3333333333333333,48.366666666666674,61.208333333333336
1842,1,34.0,1842-01-01,0.4999999999999999,0.8660254037844387,0.3369565217391304,43.90000000000001,60.70000000000001
1842,2,36.8,1842-02-01,0.8660254037844386,0.5000000000000001,0.3369565217391304,45.20000000000001,59.60833333333333
1842,3,36.2,1842-03-01,1.0,6.123233995736766e-17,0.3369565217391304,35.66666666666668,58.491666666666674
1842,4,44.9,1842-04-01,0.8660254037844387,-0.4999999999999998,0.3369565217391304,39.30000000000001,56.65833333333333
1842,5,41.4,1842-05-01,0.4999999999999999,-0.8660254037844387,0.3369565217391304,40.83333333333335,50.74166666666667
1842,6,34.2,1842-06-01,1.2246467991473532e-16,-1.0,0.3369565217391304,40.16666666666668,45.85833333333334
1842,7,21.0,1842-07-01,-0.4999999999999997,-0.8660254037844388,0.3369565217391304,32.20000000000002,43.324999999999996
1842,8,44.4,1842-08-01,-0.8660254037844385,-0.5000000000000004,0.3369565217391304,33.20000000000002,41.575
1842,9,30.6,1842-09-01,-1.0,-1.8369701987210294e-16,0.3369565217391304,32.000000000000014,39.050000000000004
1842,10,63.5,1842-10-01,-0.8660254037844386,0.5000000000000001,0.3369565217391304,46.166666666666686,40.39166666666667
1842,11,67.5,1842-11-01,-0.5000000000000004,0.8660254037844384,0.3369565217391304,53.866666666666674,43.275
1842,12,29.3,1842-12-01,-2.4492935982947064e-16,1.0,0.3369565217391304,53.433333333333344,40.31666666666667
1843,1,22.2,1843-01-01,0.4999999999999999,0.8660254037844387,0.3405797101449275,39.66666666666668,39.333333333333336
1843,2,5.9,1843-02-01,0.8660254037844386,0.5000000000000001,0.3405797101449275,19.133333333333347,36.75833333333333
1843,3,13.9,1843-03-01,1.0,6.123233995736766e-17,0.3405797101449275,14.000000000000014,34.9
1843,4,15.8,1843-04-01,0.8660254037844387,-0.4999999999999998,0.3405797101449275,11.866666666666681,32.475
1843,5,35.1,1843-05-01,0.4999999999999999,-0.8660254037844387,0.3405797101449275,21.600000000000012,31.950000000000003
1843,6,17.6,1843-06-01,1.2246467991473532e-16,-1.0,0.3405797101449275,22.833333333333346,30.566666666666666
1843,7,15.9,1843-07-01,-0.4999999999999997,-0.8660254037844388,0.3405797101449275,22.866666666666685,30.141666666666666
1843,8,19.6,1843-08-01,-0.8660254037844385,-0.5000000000000004,0.3405797101449275,17.700000000000014,28.075
1843,9,6.9,1843-09-01,-1.0,-1.8369701987210294e-16,0.3405797101449275,14.133333333333347,26.099999999999998
1843,10,8.9,1843-10-01,-0.8660254037844386,0.5000000000000001,0.3405797101449275,11.800000000000017,21.55
1843,11,31.7,1843-11-01,-0.5000000000000004,0.8660254037844384,0.3405797101449275,15.833333333333348,18.566666666666666
1843,12,21.2,1843-12-01,-2.4492935982947064e-16,1.0,0.3405797101449275,20.600000000000012,17.891666666666666
1844,1,15.7,1844-01-01,0.4999999999999999,0.8660254037844387,0.3442028985507246,22.866666666666678,17.349999999999998
1844,2,24.5,1844-02-01,0.8660254037844386,0.5000000000000001,0.3442028985507246,20.46666666666668,18.900000000000002
1844,3,22.5,1844-03-01,1.0,6.123233995736766e-17,0.3442028985507246,20.900000000000016,19.616666666666664
1844,4,34.6,1844-04-01,0.8660254037844387,-0.4999999999999998,0.3442028985507246,27.200000000000017,21.183333333333334
1844,5,19.2,1844-05-01,0.4999999999999999,-0.8660254037844387,0.3442028985507246,25.433333333333348,19.858333333333334
1844,6,6.2,1844-06-01,1.2246467991473532e-16,-1.0,0.3442028985507246,20.000000000000014,18.908333333333335
1844,7,35.2,1844-07-01,-0.4999999999999997,-0.8660254037844388,0.3442028985507246,20.200000000000014,20.516666666666666
1844,8,39.7,1844-08-01,-0.8660254037844385,-0.5000000000000004,0.3442028985507246,27.03333333333335,22.191666666666666
1844,9,11.6,1844-09-01,-1.0,-1.8369701987210294e-16,0.3442028985507246,28.833333333333346,22.583333333333332
1844,10,35.9,1844-10-01,-0.8660254037844386,0.5000000000000001,0.3442028985507246,29.06666666666668,24.833333333333332
1844,11,17.9,1844-11-01,-0.5000000000000004,0.8660254037844384,0.3442028985507246,21.80000000000001,23.683333333333334
1844,12,36.0,1844-12-01,-2.4492935982947064e-16,1.0,0.3442028985507246,29.933333333333348,24.916666666666668
1845,1,42.8,1845-01-01,0.4999999999999999,0.8660254037844387,0.3478260869565217,32.23333333333335,27.175
1845,2,72.8,1845-02-01,0.8660254037844386,0.5000000000000001,0.3478260869565217,50.53333333333334,31.2
1845,3,72.1,1845-03-01,1.0,6.123233995736766e-17,0.3478260869565217,62.56666666666667,35.333333333333336
1845,4,95.0,1845-04-01,0.8660254037844387,-0.4999999999999998,0.3478260869565217,79.96666666666668,40.36666666666667
1845,5,79.7,1845-05-01,0.4999999999999999,-0.8660254037844387,0.3478260869565217,82.26666666666667,45.40833333333333
1845,6,51.8,1845-06-01,1.2246467991473532e-16,-1.0,0.3478260869565217,75.50000000000001,49.208333333333336
1845,7,51.0,1845-07-01,-0.4999999999999997,-0.8660254037844388,0.3478260869565217,60.83333333333334,50.525
1845,8,53.9,1845-08-01,-0.8660254037844385,-0.5000000000000004,0.3478260869565217,52.23333333333334,51.708333333333336
1845,9,49.3,1845-09-01,-1.0,-1.8369701987210294e-16,0.3478260869565217,51.400000000000006,54.849999999999994
1845,10,67.8,1845-10-01,-0.8660254037844386,0.5000000000000001,0.3478260869565217,57.00000000000001,57.508333333333326
1845,11,65.7,1845-11-01,-0.5000000000000004,0.8660254037844384,0.3478260869565217,60.93333333333334,61.49166666666667
1845,12,99.5,1845-12-01,-2.4492935982947064e-16,1.0,0.3478260869565217,77.66666666666669,66.78333333333333
1846,1,64.6,1846-01-01,0.4999999999999999,0.8660254037844387,0.3514492753623188,76.60000000000001,68.60000000000001
1846,2,84.9,1846-02-01,0.8660254037844386,0.5000000000000001,0.3514492753623188,83.00000000000001,69.60833333333333
1846,3,106.5,1846-03-01,1.0,6.123233995736766e-17,0.3514492753623188,85.33333333333336,72.47500000000001
1846,4,115.5,1846-04-01,0.8660254037844387,-0.4999999999999998,0.3514492753623188,102.30000000000001,74.18333333333334
1846,5,99.9,1846-05-01,0.4999999999999999,-0.8660254037844387,0.3514492753623188,107.30000000000001,75.86666666666666
1846,6,108.4,1846-06-01,1.2246467991473532e-16,-1.0,0.3514492753623188,107.93333333333335,80.58333333333333
1846,7,77.5,1846-07-01,-0.4999999999999997,-0.8660254037844388,0.3514492753623188,95.2666666666667,82.79166666666667
1846,8,91.3,1846-08-01,-0.8660254037844385,-0.5000000000000004,0.3514492753623188,92.40000000000002,85.90833333333335
1846,9,178.6,1846-09-01,-1.0,-1.8369701987210294e-16,0.3514492753623188,115.80000000000001,96.68333333333334
1846,10,93.4,1846-10-01,-0.8660254037844386,0.5000000000000001,0.3514492753623188,121.10000000000002,98.81666666666668
1846,11,100.6,1846-11-01,-0.5000000000000004,0.8660254037844384,0.3514492753623188,124.2,101.72500000000001
1846,12,109.1,1846-12-01,-2.4492935982947064e-16,1.0,0.3514492753623188,101.03333333333335,102.52499999999999
1847,1,104.4,1847-01-01,0.4999999999999999,0.8660254037844387,0.3550724637681159,104.7,105.84166666666668
1847,2,74.9,1847-02-01,0.8660254037844386,0.5000000000000001,0.3550724637681159,96.13333333333334,105.00833333333333
1847,3,143.0,1847-03-01,1.0,6.123233995736766e-17,0.3550724637681159,107.43333333333335,108.05
1847,4,74.6,1847-04-01,0.8660254037844387,-0.4999999999999998,0.3550724637681159,97.5,104.64166666666667
1847,5,125.7,1847-05-01,0.4999999999999999,-0.8660254037844387,0.3550724637681159,114.43333333333334,106.79166666666667
1847,6,142.2,1847-06-01,1.2246467991473532e-16,-1.0,0.3550724637681159,114.16666666666667,109.60833333333335
1847,7,87.1,1847-07-01,-0.4999999999999997,-0.8660254037844388,0.3550724637681159,118.33333333333333,110.40833333333335
1847,8,234.3,1847-08-01,-0.8660254037844385,-0.5000000000000004,0.3550724637681159,154.53333333333333,122.32499999999999
1847,9,268.2,1847-09-01,-1.0,-1.8369701987210294e-16,0.3550724637681159,196.5333333333333,129.79166666666666
1847,10,300.6,1847-10-01,-0.8660254037844386,0.5000000000000001,0.3550724637681159,267.7,147.0583333333333
1847,11,231.5,1847-11-01,-0.5000000000000004,0.8660254037844384,0.3550724637681159,266.76666666666665,157.96666666666667
1847,12,182.6,1847-12-01,-2.4492935982947064e-16,1.0,0.3550724637681159,238.23333333333332,164.09166666666667
1848,1,265.2,1848-01-01,0.4999999999999999,0.8660254037844387,0.358695652173913,226.4333333333333,177.49166666666667
1848,2,186.4,1848-02-01,0.8660254037844386,0.5000000000000001,0.358695652173913,211.39999999999998,186.78333333333333
1848,3,181.2,1848-03-01,1.0,6.123233995736766e-17,0.358695652173913,210.9333333333333,189.96666666666667
1848,4,178.6,1848-04-01,0.8660254037844387,-0.4999999999999998,0.358695652173913,182.0666666666667,198.63333333333333
1848,5,170.5,1848-05-01,0.4999999999999999,-0.8660254037844387,0.358695652173913,176.76666666666665,202.36666666666667
1848,6,214.9,1848-06-01,1.2246467991473532e-16,-1.0,0.358695652173913,188.0,208.42499999999998
1848,7,232.0,1848-07-01,-0.4999999999999997,-0.8660254037844388,0.358695652173913,205.79999999999998,220.5
1848,8,220.9,1848-08-01,-0.8660254037844385,-0.5000000000000004,0.358695652173913,222.6,219.38333333333333
1848,9,167.3,1848-09-01,-1.0,-1.8369701987210294e-16,0.358695652173913,206.73333333333335,210.975
1848,10,220.6,1848-10-01,-0.8660254037844386,0.5000000000000001,0.358695652173913,202.93333333333337,204.30833333333337
1848,11,191.0,1848-11-01,-0.5000000000000004,0.8660254037844384,0.358695652173913,192.96666666666667,200.93333333333337
1848,12,265.8,1848-12-01,-2.4492935982947064e-16,1.0,0.358695652173913,225.80000000000004,207.86666666666667
1849,1,298.3,1849-01-01,0.4999999999999999,0.8660254037844387,0.3623188405797101,251.70000000000002,210.625
1849,2,250.3,1849-02-01,0.8660254037844386,0.5000000000000001,0.3623188405797101,271.4666666666667,215.94999999999996
1849,3,182.7,1849-03-01,1.0,6.123233995736766e-17,0.3623188405797101,243.76666666666668,216.07500000000002
1849,4,194.7,1849-04-01,0.8660254037844387,-0.4999999999999998,0.3623188405797101,209.23333333333335,217.41666666666666
1849,5,153.2,1849-05-01,0.4999999999999999,-0.8660254037844387,0.3623188405797101,176.86666666666667,215.97500000000002
1849,6,154.2,1849-06-01,1.2246467991473532e-16,-1.0,0.3623188405797101,167.36666666666667,210.91666666666666
1849,7,148.2,1849-07-01,-0.4999999999999997,-0.8660254037844388,0.3623188405797101,151.86666666666667,203.9333333333333
1849,8,128.6,1849-08-01,-0.8660254037844385,-0.5000000000000004,0.3623188405797101,143.66666666666666,196.24166666666667
1849,9,178.0,1849-09-01,-1.0,-1.8369701987210294e-16,0.3623188405797101,151.60000000000002,197.13333333333335
1849,10,135.7,1849-10-01,-0.8660254037844386,0.5000000000000001,0.3623188405797101,147.43333333333337,190.0583333333333
1849,11,188.2,1849-11-01,-0.5000000000000004,0.8660254037844384,0.3623188405797101,167.29999999999998,189.82499999999996
1849,12,184.3,1849-12-01,-2.4492935982947064e-16,1.0,0.3623188405797101,169.4,183.03333333333333
1850,1,148.2,1850-01-01,0.4999999999999999,0.8660254037844387,0.3659420289855072,173.5666666666667,170.525
1850,2,169.8,1850-02-01,0.8660254037844386,0.5000000000000001,0.3659420289855072,167.43333333333337,163.81666666666666
1850,3,156.8,1850-03-01,1.0,6.123233995736766e-17,0.3659420289855072,158.26666666666668,161.65833333333333
1850,4,83.8,1850-04-01,0.8660254037844387,-0.4999999999999998,0.3659420289855072,136.8,152.41666666666666
1850,5,117.0,1850-05-01,0.4999999999999999,-0.8660254037844387,0.3659420289855072,119.20000000000003,149.4
1850,6,133.0,1850-06-01,1.2246467991473532e-16,-1.0,0.3659420289855072,111.2666666666667,147.63333333333333
1850,7,74.3,1850-07-01,-0.4999999999999997,-0.8660254037844388,0.3659420289855072,108.10000000000002,141.475
1850,8,117.0,1850-08-01,-0.8660254037844385,-0.5000000000000004,0.3659420289855072,108.10000000000002,140.50833333333333
1850,9,163.7,1850-09-01,-1.0,-1.8369701987210294e-16,0.3659420289855072,118.33333333333336,139.31666666666666
1850,10,134.9,1850-10-01,-0.8660254037844386,0.5000000000000001,0.3659420289855072,138.53333333333333,139.25
1850,11,104.1,1850-11-01,-0.5000000000000004,0.8660254037844384,0.3659420289855072,134.23333333333335,132.24166666666665
1850,12,115.9,1850-12-01,-2.4492935982947064e-16,1.0,0.3659420289855072,118.30000000000003,126.54166666666667
1851,1,143.5,1851-01-01,0.4999999999999999,0.8660254037844387,0.3695652173913043,121.16666666666669,126.14999999999999
1851,2,200.1,1851-02-01,0.8660254037844386,0.5000000000000001,0.3695652173913043,153.1666666666667,128.67499999999998
1851,3,122.8,1851-03-01,1.0,6.123233995736766e-17,0.3695652173913043,155.46666666666667,125.84166666666665
1851,4,107.3,1851-04-01,0.8660254037844387,-0.4999999999999998,0.3695652173913043,143.4,127.80000000000001
1851,5,118.9,1851-05-01,0.4999999999999999,-0.8660254037844387,0.3695652173913043,116.33333333333336,127.95833333333333
1851,6,120.0,1851-06-01,1.2246467991473532e-16,-1.0,0.3695652173913043,115.40000000000002,126.875
1851,7,68.6,1851-07-01,-0.4999999999999997,-0.8660254037844388,0.3695652173913043,102.50000000000001,126.40000000000002
1851,8,109.0,1851-08-01,-0.8660254037844385,-0.5000000000000004,0.3695652173913043,99.2,125.73333333333335
1851,9,128.9,1851-09-01,-1.0,-1.8369701987210294e-16,0.3695652173913043,102.16666666666669,122.83333333333333
1851,10,118.7,1851-10-01,-0.8660254037844386,0.5000000000000001,0.3695652173913043,118.86666666666669,121.48333333333333
1851,11,96.8,1851-11-01,-0.5000000000000004,0.8660254037844384,0.3695652173913043,114.80000000000003,120.875
1851,12,135.5,1851-12-01,-2.4492935982947064e-16,1.0,0.3695652173913043,117.00000000000001,122.50833333333333
1852,1,129.9,1852-01-01,0.4999999999999999,0.8660254037844387,0.3731884057971014,120.73333333333335,121.375
1852,2,126.2,1852-02-01,0.8660254037844386,0.5000000000000001,0.3731884057971014,130.53333333333336,115.21666666666668
1852,3,116.2,1852-03-01,1.0,6.123233995736766e-17,0.3731884057971014,124.10000000000002,114.66666666666667
1852,4,124.3,1852-04-01,0.8660254037844387,-0.4999999999999998,0.3731884057971014,122.23333333333335,116.08333333333333
1852,5,104.3,1852-05-01,0.4999999999999999,-0.8660254037844387,0.3731884057971014,114.93333333333335,114.86666666666667
1852,6,89.0,1852-06-01,1.2246467991473532e-16,-1.0,0.3731884057971014,105.86666666666667,112.28333333333335
1852,7,80.0,1852-07-01,-0.4999999999999997,-0.8660254037844388,0.3731884057971014,91.10000000000002,113.23333333333333
1852,8,75.3,1852-08-01,-0.8660254037844385,-0.5000000000000004,0.3731884057971014,81.43333333333335,110.425
1852,9,71.2,1852-09-01,-1.0,-1.8369701987210294e-16,0.3731884057971014,75.50000000000001,105.61666666666667
1852,10,127.9,1852-10-01,-0.8660254037844386,0.5000000000000001,0.3731884057971014,91.4666666666667,106.38333333333333
1852,11,103.1,1852-11-01,-0.5000000000000004,0.8660254037844384,0.3731884057971014,100.73333333333335,106.90833333333335
1852,12,86.1,1852-12-01,-2.4492935982947064e-16,1.0,0.3731884057971014,105.7,102.79166666666667
1853,1,77.9,1853-01-01,0.4999999999999999,0.8660254037844387,0.3768115942028985,89.03333333333335,98.45833333333333
1853,2,81.5,1853-02-01,0.8660254037844386,0.5000000000000001,0.3768115942028985,81.83333333333336,94.73333333333333
1853,3,71.6,1853-03-01,1.0,6.123233995736766e-17,0.3768115942028985,77.00000000000001,91.01666666666667
1853,4,90.4,1853-04-01,0.8660254037844387,-0.4999999999999998,0.3768115942028985,81.16666666666669,88.19166666666666
1853,5,65.9,1853-05-01,0.4999999999999999,-0.8660254037844387,0.3768115942028985,75.96666666666668,84.99166666666666
1853,6,76.0,1853-06-01,1.2246467991473532e-16,-1.0,0.3768115942028985,77.43333333333335,83.90833333333333
1853,7,87.2,1853-07-01,-0.4999999999999997,-0.8660254037844388,0.3768115942028985,76.36666666666669,84.50833333333334
1853,8,95.8,1853-08-01,-0.8660254037844385,-0.5000000000000004,0.3768115942028985,86.33333333333336,86.21666666666665
1853,9,63.7,1853-09-01,-1.0,-1.8369701987210294e-16,0.3768115942028985,82.23333333333335,85.59166666666665
1853,10,80.5,1853-10-01,-0.8660254037844386,0.5000000000000001,0.3768115942028985,80.00000000000001,81.64166666666667
1853,11,54.7,1853-11-01,-0.5000000000000004,0.8660254037844384,0.3768115942028985,66.30000000000003,77.60833333333333
1853,12,44.5,1853-12-01,-2.4492935982947064e-16,1.0,0.3768115942028985,59.90000000000001,74.14166666666667
1854,1,29.3,1854-01-01,0.4999999999999999,0.8660254037844387,0.3804347826086957,42.83333333333335,70.09166666666667
1854,2,38.0,1854-02-01,0.8660254037844386,0.5000000000000001,0.3804347826086957,37.26666666666669,66.46666666666667
1854,3,39.4,1854-03-01,1.0,6.123233995736766e-17,0.3804347826086957,35.566666666666684,63.78333333333333
1854,4,50.3,1854-04-01,0.8660254037844387,-0.4999999999999998,0.3804347826086957,42.566666666666684,60.44166666666666
1854,5,45.6,1854-05-01,0.4999999999999999,-0.8660254037844387,0.3804347826086957,45.10000000000002,58.75
1854,6,40.1,1854-06-01,1.2246467991473532e-16,-1.0,0.3804347826086957,45.33333333333335,55.75833333333333
1854,7,35.5,1854-07-01,-0.4999999999999997,-0.8660254037844388,0.3804347826086957,40.40000000000003,51.449999999999996
1854,8,30.1,1854-08-01,-0.8660254037844385,-0.5000000000000004,0.3804347826086957,35.233333333333356,45.975
1854,9,42.6,1854-09-01,-1.0,-1.8369701987210294e-16,0.3804347826086957,36.066666666666684,44.21666666666667
1854,10,24.1,1854-10-01,-0.8660254037844386,0.5000000000000001,0.3804347826086957,32.26666666666669,39.51666666666667
1854,11,53.5,1854-11-01,-0.5000000000000004,0.8660254037844384,0.3804347826086957,40.066666666666684,39.416666666666664
1854,12,41.1,1854-12-01,-2.4492935982947064e-16,1.0,0.3804347826086957,39.566666666666684,39.13333333333333
1855,1,23.4,1855-01-01,0.4999999999999999,0.8660254037844387,0.3840579710144927,39.33333333333335,38.64166666666667
1855,2,21.6,1855-02-01,0.8660254037844386,0.5000000000000001,0.3840579710144927,28.700000000000017,37.275
1855,3,33.0,1855-03-01,1.0,6.123233995736766e-17,0.3840579710144927,26.000000000000018,36.74166666666667
1855,4,8.4,1855-04-01,0.8660254037844387,-0.4999999999999998,0.3840579710144927,21.000000000000018,33.25000000000001
1855,5,17.3,1855-05-01,0.4999999999999999,-0.8660254037844387,0.3840579710144927,19.566666666666688,30.891666666666666
1855,6,10.0,1855-06-01,1.2246467991473532e-16,-1.0,0.3840579710144927,11.90000000000002,28.38333333333333
1855,7,0.7,1855-07-01,-0.4999999999999997,-0.8660254037844388,0.3840579710144927,9.333333333333353,25.483333333333334
1855,8,5.9,1855-08-01,-0.8660254037844385,-0.5000000000000004,0.3840579710144927,5.533333333333353,23.46666666666667
1855,9,0.0,1855-09-01,-1.0,-1.8369701987210294e-16,0.3840579710144927,2.2000000000000193,19.916666666666668
1855,10,18.3,1855-10-01,-0.8660254037844386,0.5000000000000001,0.3840579710144927,8.066666666666686,19.433333333333334
1855,11,7.9,1855-11-01,-0.5000000000000004,0.8660254037844384,0.3840579710144927,8.733333333333354,15.633333333333333
1855,12,5.8,1855-12-01,-2.4492935982947064e-16,1.0,0.3840579710144927,10.666666666666686,12.691666666666668
1856,1,1.0,1856-01-01,0.4999999999999999,0.8660254037844387,0.3876811594202898,4.900000000000017,10.825000000000001
1856,2,9.3,1856-02-01,0.8660254037844386,0.5000000000000001,0.3876811594202898,5.366666666666684,9.8
1856,3,0.7,1856-03-01,1.0,6.123233995736766e-17,0.3876811594202898,3.666666666666684,7.108333333333333
1856,4,12.4,1856-04-01,0.8660254037844387,-0.4999999999999998,0.3876811594202898,7.466666666666685,7.441666666666667
1856,5,0.0,1856-05-01,0.4999999999999999,-0.8660254037844387,0.3876811594202898,4.366666666666684,6.0
1856,6,9.8,1856-06-01,1.2246467991473532e-16,-1.0,0.3876811594202898,7.400000000000017,5.983333333333333
1856,7,8.8,1856-07-01,-0.4999999999999997,-0.8660254037844388,0.3876811594202898,6.200000000000018,6.658333333333334
1856,8,11.3,1856-08-01,-0.8660254037844385,-0.5000000000000004,0.3876811594202898,9.966666666666685,7.108333333333334
1856,9,8.4,1856-09-01,-1.0,-1.8369701987210294e-16,0.3876811594202898,9.50000000000002,7.8083333333333345
1856,10,8.5,1856-10-01,-0.8660254037844386,0.5000000000000001,0.3876811594202898,9.400000000000018,6.991666666666667
1856,11,14.7,1856-11-01,-0.5000000000000004,0.8660254037844384,0.3876811594202898,10.533333333333351,7.558333333333334
1856,12,13.7,1856-12-01,-2.4492935982947064e-16,1.0,0.3876811594202898,12.300000000000018,8.216666666666667
1857,1,26.0,1857-01-01,0.4999999999999999,0.8660254037844387,0.391304347826087,18.13333333333335,10.299999999999999
1857,2,14.2,1857-02-01,0.8660254037844386,0.5000000000000001,0.391304347826087,17.966666666666683,10.708333333333334
1857,3,10.0,1857-03-01,1.0,6.123233995736766e-17,0.391304347826087,16.733333333333352,11.483333333333333
1857,4,21.1,1857-04-01,0.8660254037844387,-0.4999999999999998,0.391304347826087,15.100000000000017,12.208333333333334
1857,5,54.2,1857-05-01,0.4999999999999999,-0.8660254037844387,0.391304347826087,28.43333333333335,16.724999999999998
1857,6,30.5,1857-06-01,1.2246467991473532e-16,-1.0,0.391304347826087,35.26666666666669,18.45
1857,7,42.2,1857-07-01,-0.4999999999999997,-0.8660254037844388,0.391304347826087,42.30000000000002,21.233333333333334
1857,8,32.0,1857-08-01,-0.8660254037844385,-0.5000000000000004,0.391304347826087,34.90000000000001,22.958333333333332
1857,9,80.6,1857-09-01,-1.0,-1.8369701987210294e-16,0.391304347826087,51.600000000000016,28.975000000000005
1857,10,77.1,1857-10-01,-0.8660254037844386,0.5000000000000001,0.391304347826087,63.23333333333335,34.69166666666667
1857,11,59.6,1857-11-01,-0.5000000000000004,0.8660254037844384,0.391304347826087,72.43333333333335,38.43333333333333
1857,12,70.7,1857-12-01,-2.4492935982947064e-16,1.0,0.391304347826087,69.13333333333335,43.18333333333334
1858,1,74.2,1858-01-01,0.4999999999999999,0.8660254037844387,0.394927536231884,68.16666666666669,47.199999999999996
1858,2,66.3,1858-02-01,0.8660254037844386,0.5000000000000001,0.394927536231884,70.40000000000002,51.541666666666664
1858,3,109.2,1858-03-01,1.0,6.123233995736766e-17,0.394927536231884,83.23333333333335,59.80833333333334
1858,4,72.8,1858-04-01,0.8660254037844387,-0.4999999999999998,0.394927536231884,82.7666666666667,64.11666666666667
1858,5,78.6,1858-05-01,0.4999999999999999,-0.8660254037844387,0.394927536231884,86.86666666666667,66.14999999999999
1858,6,84.5,1858-06-01,1.2246467991473532e-16,-1.0,0.394927536231884,78.63333333333335,70.64999999999999
1858,7,107.7,1858-07-01,-0.4999999999999997,-0.8660254037844388,0.394927536231884,90.2666666666667,76.10833333333333
1858,8,104.9,1858-08-01,-0.8660254037844385,-0.5000000000000004,0.394927536231884,99.03333333333336,82.18333333333332
1858,9,152.2,1858-09-01,-1.0,-1.8369701987210294e-16,0.394927536231884,121.60000000000002,88.14999999999999
1858,10,173.2,1858-10-01,-0.8660254037844386,0.5000000000000001,0.394927536231884,143.43333333333337,96.15833333333335
1858,11,98.6,1858-11-01,-0.5000000000000004,0.8660254037844384,0.394927536231884,141.33333333333334,99.40833333333335
1858,12,127.0,1858-12-01,-2.4492935982947064e-16,1.0,0.394927536231884,132.93333333333337,104.10000000000001
1859,1,159.0,1859-01-01,0.4999999999999999,0.8660254037844387,0.3985507246376811,128.20000000000002,111.16666666666667
1859,2,166.4,1859-02-01,0.8660254037844386,0.5000000000000001,0.3985507246376811,150.8,119.50833333333333
1859,3,171.5,1859-03-01,1.0,6.123233995736766e-17,0.3985507246376811,165.63333333333335,124.7
1859,4,162.9,1859-04-01,0.8660254037844387,-0.4999999999999998,0.3985507246376811,166.93333333333337,132.20833333333334
1859,5,172.8,1859-05-01,0.4999999999999999,-0.8660254037844387,0.3985507246376811,169.0666666666667,140.0583333333333
1859,6,165.2,1859-06-01,1.2246467991473532e-16,-1.0,0.3985507246376811,166.9666666666667,146.78333333333333
1859,7,180.7,1859-07-01,-0.4999999999999997,-0.8660254037844388,0.3985507246376811,172.9,152.86666666666667
1859,8,203.0,1859-08-01,-0.8660254037844385,-0.5000000000000004,0.3985507246376811,182.96666666666667,161.04166666666666
1859,9,200.9,1859-09-01,-1.0,-1.8369701987210294e-16,0.3985507246376811,194.8666666666667,165.1
1859,10,217.8,1859-10-01,-0.8660254037844386,0.5000000000000001,0.3985507246376811,207.23333333333335,168.8166666666667
1859,11,184.6,1859-11-01,-0.5000000000000004,0.8660254037844384,0.3985507246376811,201.10000000000002,175.98333333333335
1859,12,153.9,1859-12-01,-2.4492935982947064e-16,1.0,0.3985507246376811,185.43333333333337,178.225
1860,1,156.6,1860-01-01,0.4999999999999999,0.8660254037844387,0.4021739130434782,165.03333333333333,178.025
1860,2,167.9,1860-02-01,0.8660254037844386,0.5000000000000001,0.4021739130434782,159.46666666666667,178.14999999999998
1860,3,188.0,1860-03-01,1.0,6.123233995736766e-17,0.4021739130434782,170.83333333333334,179.52499999999998
1860,4,135.7,1860-04-01,0.8660254037844387,-0.4999999999999998,0.4021739130434782,163.86666666666667,177.25833333333333
1860,5,203.5,1860-05-01,0.4999999999999999,-0.8660254037844387,0.4021739130434782,175.73333333333335,179.8166666666667
1860,6,206.3,1860-06-01,1.2246467991473532e-16,-1.0,0.4021739130434782,181.83333333333334,183.24166666666667
1860,7,221.9,1860-07-01,-0.4999999999999997,-0.8660254037844388,0.4021739130434782,210.5666666666667,186.67499999999998
1860,8,190.5,1860-08-01,-0.8660254037844385,-0.5000000000000004,0.4021739130434782,206.23333333333335,185.63333333333333
1860,9,175.2,1860-09-01,-1.0,-1.8369701987210294e-16,0.4021739130434782,195.86666666666667,183.49166666666667
1860,10,171.1,1860-10-01,-0.8660254037844386,0.5000000000000001,0.4021739130434782,178.93333333333337,179.6
1860,11,186.0,1860-11-01,-0.5000000000000004,0.8660254037844384,0.4021739130434782,177.43333333333337,179.71666666666667
1860,12,181.7,1860-12-01,-2.4492935982947064e-16,1.0,0.4021739130434782,179.6,182.03333333333333
1861,1,118.5,1861-01-01,0.4999999999999999,0.8660254037844387,0.4057971014492754,162.0666666666667,178.85833333333335
1861,2,147.5,1861-02-01,0.8660254037844386,0.5000000000000001,0.4057971014492754,149.23333333333335,177.15833333333333
1861,3,192.0,1861-03-01,1.0,6.123233995736766e-17,0.4057971014492754,152.66666666666669,177.49166666666667
1861,4,187.1,1861-04-01,0.8660254037844387,-0.4999999999999998,0.4057971014492754,175.53333333333333,181.775
1861,5,107.8,1861-05-01,0.4999999999999999,-0.8660254037844387,0.4057971014492754,162.3,173.79999999999998
1861,6,167.5,1861-06-01,1.2246467991473532e-16,-1.0,0.4057971014492754,154.13333333333335,170.56666666666666
1861,7,148.2,1861-07-01,-0.4999999999999997,-0.8660254037844388,0.4057971014492754,141.16666666666669,164.42499999999998
1861,8,156.7,1861-08-01,-0.8660254037844385,-0.5000000000000004,0.4057971014492754,157.46666666666667,161.60833333333332
1861,9,151.9,1861-09-01,-1.0,-1.8369701987210294e-16,0.4057971014492754,152.26666666666668,159.66666666666666
1861,10,127.7,1861-10-01,-0.8660254037844386,0.5000000000000001,0.4057971014492754,145.43333333333337,156.05
1861,11,102.0,1861-11-01,-0.5000000000000004,0.8660254037844384,0.4057971014492754,127.20000000000003,149.04999999999998
1861,12,152.8,1861-12-01,-2.4492935982947064e-16,1.0,0.4057971014492754,127.50000000000004,146.64166666666668
1862,1,119.9,1862-01-01,0.4999999999999999,0.8660254037844387,0.4094202898550724,124.90000000000003,146.75833333333335
1862,2,122.4,1862-02-01,0.8660254037844386,0.5000000000000001,0.4094202898550724,131.70000000000005,144.66666666666666
1862,3,82.7,1862-03-01,1.0,6.123233995736766e-17,0.4094202898550724,108.33333333333337,135.55833333333334
1862,4,102.1,1862-04-01,0.8660254037844387,-0.4999999999999998,0.4094202898550724,102.40000000000003,128.475
1862,5,122.4,1862-05-01,0.4999999999999999,-0.8660254037844387,0.4094202898550724,102.40000000000003,129.69166666666666
1862,6,159.7,1862-06-01,1.2246467991473532e-16,-1.0,0.4094202898550724,128.0666666666667,129.04166666666666
1862,7,139.5,1862-07-01,-0.4999999999999997,-0.8660254037844388,0.4094202898550724,140.53333333333336,128.3166666666667
1862,8,118.7,1862-08-01,-0.8660254037844385,-0.5000000000000004,0.4094202898550724,139.30000000000004,125.15000000000002
1862,9,126.4,1862-09-01,-1.0,-1.8369701987210294e-16,0.4094202898550724,128.20000000000005,123.02499999999999
1862,10,79.8,1862-10-01,-0.8660254037844386,0.5000000000000001,0.4094202898550724,108.30000000000003,119.03333333333332
1862,11,96.0,1862-11-01,-0.5000000000000004,0.8660254037844384,0.4094202898550724,100.73333333333339,118.53333333333332
1862,12,77.6,1862-12-01,-2.4492935982947064e-16,1.0,0.4094202898550724,84.4666666666667,112.26666666666667
1863,1,91.8,1863-01-01,0.4999999999999999,0.8660254037844387,0.4130434782608695,88.4666666666667,109.925
1863,2,107.7,1863-02-01,0.8660254037844386,0.5000000000000001,0.4130434782608695,92.36666666666672,108.7
1863,3,126.0,1863-03-01,1.0,6.123233995736766e-17,0.4130434782608695,108.50000000000004,112.30833333333334
1863,4,77.1,1863-04-01,0.8660254037844387,-0.4999999999999998,0.4130434782608695,103.60000000000002,110.22500000000001
1863,5,102.1,1863-05-01,0.4999999999999999,-0.8660254037844387,0.4130434782608695,101.73333333333336,108.53333333333335
1863,6,77.6,1863-06-01,1.2246467991473532e-16,-1.0,0.4130434782608695,85.60000000000002,101.69166666666666
1863,7,62.0,1863-07-01,-0.4999999999999997,-0.8660254037844388,0.4130434782608695,80.5666666666667,95.23333333333333
1863,8,91.3,1863-08-01,-0.8660254037844385,-0.5000000000000004,0.4130434782608695,76.9666666666667,92.94999999999999
1863,9,41.7,1863-09-01,-1.0,-1.8369701987210294e-16,0.4130434782608695,65.00000000000004,85.89166666666667
1863,10,75.7,1863-10-01,-0.8660254037844386,0.5000000000000001,0.4130434782608695,69.5666666666667,85.55
1863,11,71.6,1863-11-01,-0.5000000000000004,0.8660254037844384,0.4130434782608695,63.000000000000036,83.51666666666667
1863,12,78.1,1863-12-01,-2.4492935982947064e-16,1.0,0.4130434782608695,75.13333333333337,83.55833333333332
1864,1,109.7,1864-01-01,0.4999999999999999,0.8660254037844387,0.4166666666666667,86.4666666666667,85.05
1864,2,89.5,1864-02-01,0.8660254037844386,0.5000000000000001,0.4166666666666667,92.43333333333338,83.53333333333332
1864,3,125.9,1864-03-01,1.0,6.123233995736766e-17,0.4166666666666667,108.36666666666672,83.52499999999999
1864,4,68.1,1864-04-01,0.8660254037844387,-0.4999999999999998,0.4166666666666667,94.50000000000004,82.77499999999999
1864,5,77.1,1864-05-01,0.4999999999999999,-0.8660254037844387,0.4166666666666667,90.36666666666672,80.69166666666666
1864,6,109.9,1864-06-01,1.2246467991473532e-16,-1.0,0.4166666666666667,85.03333333333336,83.38333333333333
1864,7,103.8,1864-07-01,-0.4999999999999997,-0.8660254037844388,0.4166666666666667,96.93333333333338,86.86666666666666
1864,8,104.1,1864-08-01,-0.8660254037844385,-0.5000000000000004,0.4166666666666667,105.93333333333335,87.93333333333334
1864,9,54.2,1864-09-01,-1.0,-1.8369701987210294e-16,0.4166666666666667,87.36666666666672,88.97500000000001
1864,10,64.4,1864-10-01,-0.8660254037844386,0.5000000000000001,0.4166666666666667,74.23333333333336,88.03333333333335
1864,11,109.3,1864-11-01,-0.5000000000000004,0.8660254037844384,0.4166666666666667,75.96666666666671,91.175
1864,12,54.3,1864-12-01,-2.4492935982947064e-16,1.0,0.4166666666666667,76.00000000000004,89.19166666666666
1865,1,92.5,1865-01-01,0.4999999999999999,0.8660254037844387,0.4202898550724637,85.36666666666672,87.75833333333333
1865,2,74.6,1865-02-01,0.8660254037844386,0.5000000000000001,0.4202898550724637,73.80000000000003,86.51666666666665
1865,3,75.0,1865-03-01,1.0,6.123233995736766e-17,0.4202898550724637,80.70000000000003,82.27499999999999
1865,4,55.9,1865-04-01,0.8660254037844387,-0.4999999999999998,0.4202898550724637,68.50000000000003,81.25833333333334
1865,5,65.6,1865-05-01,0.4999999999999999,-0.8660254037844387,0.4202898550724637,65.50000000000003,80.3
1865,6,63.8,1865-06-01,1.2246467991473532e-16,-1.0,0.4202898550724637,61.7666666666667,76.45833333333333
1865,7,50.8,1865-07-01,-0.4999999999999997,-0.8660254037844388,0.4202898550724637,60.0666666666667,72.04166666666667
1865,8,71.8,1865-08-01,-0.8660254037844385,-0.5000000000000004,0.4202898550724637,62.13333333333336,69.35
1865,9,41.0,1865-09-01,-1.0,-1.8369701987210294e-16,0.4202898550724637,54.53333333333336,68.25
1865,10,32.5,1865-10-01,-0.8660254037844386,0.5000000000000001,0.4202898550724637,48.433333333333366,65.59166666666665
1865,11,46.7,1865-11-01,-0.5000000000000004,0.8660254037844384,0.4202898550724637,40.0666666666667,60.375
1865,12,24.3,1865-12-01,-2.4492935982947064e-16,1.0,0.4202898550724637,34.500000000000036,57.875
1866,1,60.0,1866-01-01,0.4999999999999999,0.8660254037844387,0.4239130434782608,43.66666666666671,55.166666666666664
1866,2,72.9,1866-02-01,0.8660254037844386,0.5000000000000001,0.4239130434782608,52.400000000000034,55.025
1866,3,46.6,1866-03-01,1.0,6.123233995736766e-17,0.4239130434782608,59.833333333333364,52.65833333333333
1866,4,33.5,1866-04-01,0.8660254037844387,-0.4999999999999998,0.4239130434782608,51.000000000000036,50.791666666666664
1866,5,24.6,1866-05-01,0.4999999999999999,-0.8660254037844387,0.4239130434782608,34.900000000000034,47.375
1866,6,31.4,1866-06-01,1.2246467991473532e-16,-1.0,0.4239130434782608,29.833333333333368,44.675000000000004
1866,7,17.6,1866-07-01,-0.4999999999999997,-0.8660254037844388,0.4239130434782608,24.53333333333337,41.90833333333334
1866,8,24.2,1866-08-01,-0.8660254037844385,-0.5000000000000004,0.4239130434782608,24.400000000000034,37.94166666666667
1866,9,13.9,1866-09-01,-1.0,-1.8369701987210294e-16,0.4239130434782608,18.566666666666702,35.68333333333334
1866,10,26.8,1866-10-01,-0.8660254037844386,0.5000000000000001,0.4239130434782608,21.633333333333365,35.208333333333336
1866,11,17.2,1866-11-01,-0.5000000000000004,0.8660254037844384,0.4239130434782608,19.30000000000003,32.75
1866,12,2.9,1866-12-01,-2.4492935982947064e-16,1.0,0.4239130434782608,15.633333333333367,30.96666666666667
1867,1,0.0,1867-01-01,0.4999999999999999,0.8660254037844387,0.427536231884058,6.700000000000032,25.96666666666667
1867,2,1.4,1867-02-01,0.8660254037844386,0.5000000000000001,0.427536231884058,1.4333333333333664,20.008333333333333
1867,3,17.4,1867-03-01,1.0,6.123233995736766e-17,0.427536231884058,6.266666666666699,17.575
1867,4,9.7,1867-04-01,0.8660254037844387,-0.4999999999999998,0.427536231884058,9.500000000000032,15.591666666666667
1867,5,5.5,1867-05-01,0.4999999999999999,-0.8660254037844387,0.427536231884058,10.866666666666697,14.0
1867,6,2.8,1867-06-01,1.2246467991473532e-16,-1.0,0.427536231884058,6.000000000000033,11.616666666666665
1867,7,9.5,1867-07-01,-0.4999999999999997,-0.8660254037844388,0.427536231884058,5.933333333333366,10.941666666666668
1867,8,9.1,1867-08-01,-0.8660254037844385,-0.5000000000000004,0.427536231884058,7.133333333333366,9.683333333333332
1867,9,18.7,1867-09-01,-1.0,-1.8369701987210294e-16,0.427536231884058,12.433333333333366,10.083333333333334
1867,10,25.5,1867-10-01,-0.8660254037844386,0.5000000000000001,0.427536231884058,17.766666666666698,9.975
1867,11,18.1,1867-11-01,-0.5000000000000004,0.8660254037844384,0.427536231884058,20.766666666666698,10.049999999999999
1867,12,47.9,1867-12-01,-2.4492935982947064e-16,1.0,0.427536231884058,30.50000000000004,13.799999999999999
1868,1,25.9,1868-01-01,0.4999999999999999,0.8660254037844387,0.4311594202898551,30.63333333333337,15.958333333333334
1868,2,26.3,1868-02-01,0.8660254037844386,0.5000000000000001,0.4311594202898551,33.366666666666696,18.03333333333333
1868,3,44.0,1868-03-01,1.0,6.123233995736766e-17,0.4311594202898551,32.0666666666667,20.25
1868,4,61.1,1868-04-01,0.8660254037844387,-0.4999999999999998,0.4311594202898551,43.80000000000003,24.53333333333333
1868,5,44.5,1868-05-01,0.4999999999999999,-0.8660254037844387,0.4311594202898551,49.8666666666667,27.78333333333333
1868,6,51.8,1868-06-01,1.2246467991473532e-16,-1.0,0.4311594202898551,52.4666666666667,31.866666666666664
1868,7,48.3,1868-07-01,-0.4999999999999997,-0.8660254037844388,0.4311594202898551,48.20000000000004,35.1
1868,8,57.3,1868-08-01,-0.8660254037844385,-0.5000000000000004,0.4311594202898551,52.4666666666667,39.11666666666667
1868,9,78.7,1868-09-01,-1.0,-1.8369701987210294e-16,0.4311594202898551,61.433333333333366,44.116666666666674
1868,10,102.8,1868-10-01,-0.8660254037844386,0.5000000000000001,0.4311594202898551,79.60000000000004,50.55833333333334
1868,11,98.7,1868-11-01,-0.5000000000000004,0.8660254037844384,0.4311594202898551,93.40000000000003,57.275
1868,12,112.8,1868-12-01,-2.4492935982947064e-16,1.0,0.4311594202898551,104.76666666666671,62.68333333333334
1869,1,101.6,1869-01-01,0.4999999999999999,0.8660254037844387,0.4347826086956521,104.36666666666669,68.99166666666667
1869,2,99.9,1869-02-01,0.8660254037844386,0.5000000000000001,0.4347826086956521,104.76666666666671,75.125
1869,3,88.0,1869-03-01,1.0,6.123233995736766e-17,0.4347826086956521,96.50000000000004,78.79166666666667
1869,4,68.4,1869-04-01,0.8660254037844387,-0.4999999999999998,0.4347826086956521,85.43333333333338,79.39999999999999
1869,5,173.4,1869-05-01,0.4999999999999999,-0.8660254037844387,0.4347826086956521,109.93333333333338,90.14166666666667
1869,6,180.7,1869-06-01,1.2246467991473532e-16,-1.0,0.4347826086956521,140.83333333333337,100.88333333333333
1869,7,98.8,1869-07-01,-0.4999999999999997,-0.8660254037844388,0.4347826086956521,150.96666666666673,105.09166666666668
1869,8,132.7,1869-08-01,-0.8660254037844385,-0.5000000000000004,0.4347826086956521,137.40000000000003,111.375
1869,9,134.5,1869-09-01,-1.0,-1.8369701987210294e-16,0.4347826086956521,122.00000000000004,116.02500000000002
1869,10,99.0,1869-10-01,-0.8660254037844386,0.5000000000000001,0.4347826086956521,122.0666666666667,115.70833333333333
1869,11,130.2,1869-11-01,-0.5000000000000004,0.8660254037844384,0.4347826086956521,121.23333333333336,118.33333333333333
1869,12,174.1,1869-12-01,-2.4492935982947064e-16,1.0,0.4347826086956521,134.43333333333337,123.44166666666668
1870,1,129.0,1870-01-01,0.4999999999999999,0.8660254037844387,0.4384057971014493,144.43333333333337,125.72500000000001
1870,2,191.7,1870-02-01,0.8660254037844386,0.5000000000000001,0.4384057971014493,164.93333333333337,133.375
1870,3,262.7,1870-03-01,1.0,6.123233995736766e-17,0.4384057971014493,194.4666666666667,147.93333333333334
1870,4,266.9,1870-04-01,0.8660254037844387,-0.4999999999999998,0.4384057971014493,240.43333333333337,164.475
1870,5,293.6,1870-05-01,0.4999999999999999,-0.8660254037844387,0.4384057971014493,274.40000000000003,174.49166666666665
1870,6,226.3,1870-06-01,1.2246467991473532e-16,-1.0,0.4384057971014493,262.2666666666667,178.29166666666666
1870,7,220.9,1870-07-01,-0.4999999999999997,-0.8660254037844388,0.4384057971014493,246.9333333333334,188.46666666666667
1870,8,256.5,1870-08-01,-0.8660254037844385,-0.5000000000000004,0.4384057971014493,234.56666666666672,198.78333333333333
1870,9,226.8,1870-09-01,-1.0,-1.8369701987210294e-16,0.4384057971014493,234.73333333333338,206.47500000000002
1870,10,244.3,1870-10-01,-0.8660254037844386,0.5000000000000001,0.4384057971014493,242.5333333333334,218.58333333333334
1870,11,246.0,1870-11-01,-0.5000000000000004,0.8660254037844384,0.4384057971014493,239.0333333333334,228.23333333333332
1870,12,216.7,1870-12-01,-2.4492935982947064e-16,1.0,0.4384057971014493,235.66666666666674,231.78333333333333
1871,1,147.2,1871-01-01,0.4999999999999999,0.8660254037844387,0.4420289855072464,203.30000000000004,233.29999999999998
1871,2,209.0,1871-02-01,0.8660254037844386,0.5000000000000001,0.4420289855072464,190.9666666666667,234.74166666666667
1871,3,238.7,1871-03-01,1.0,6.123233995736766e-17,0.4420289855072464,198.30000000000004,232.74166666666665
1871,4,270.9,1871-04-01,0.8660254037844387,-0.4999999999999998,0.4420289855072464,239.5333333333334,233.07500000000002
1871,5,242.6,1871-05-01,0.4999999999999999,-0.8660254037844387,0.4420289855072464,250.73333333333338,228.82500000000002
1871,6,152.9,1871-06-01,1.2246467991473532e-16,-1.0,0.4420289855072464,222.1333333333334,222.70833333333334
1871,7,171.8,1871-07-01,-0.4999999999999997,-0.8660254037844388,0.4420289855072464,189.10000000000005,218.61666666666667
1871,8,183.7,1871-08-01,-0.8660254037844385,-0.5000000000000004,0.4420289855072464,169.46666666666673,212.54999999999998
1871,9,133.9,1871-09-01,-1.0,-1.8369701987210294e-16,0.4420289855072464,163.1333333333334,204.8083333333333
1871,10,148.5,1871-10-01,-0.8660254037844386,0.5000000000000001,0.4420289855072464,155.3666666666667,196.82500000000002
1871,11,175.7,1871-11-01,-0.5000000000000004,0.8660254037844384,0.4420289855072464,152.70000000000005,190.96666666666667
1871,12,150.8,1871-12-01,-2.4492935982947064e-16,1.0,0.4420289855072464,158.3333333333334,185.475
1872,1,132.7,1872-01-01,0.4999999999999999,0.8660254037844387,0.4456521739130434,153.06666666666672,184.26666666666665
1872,2,200.3,1872-02-01,0.8660254037844386,0.5000000000000001,0.4456521739130434,161.26666666666674,183.54166666666666
1872,3,147.5,1872-03-01,1.0,6.123233995736766e-17,0.4456521739130434,160.16666666666674,175.94166666666663
1872,4,170.4,1872-04-01,0.8660254037844387,-0.4999999999999998,0.4456521739130434,172.73333333333338,167.5666666666667
1872,5,179.5,1872-05-01,0.4999999999999999,-0.8660254037844387,0.4456521739130434,165.80000000000007,162.3083333333333
1872,6,183.3,1872-06-01,1.2246467991473532e-16,-1.0,0.4456521739130434,177.73333333333343,164.84166666666667
1872,7,176.0,1872-07-01,-0.4999999999999997,-0.8660254037844388,0.4456521739130434,179.60000000000005,165.1916666666667
1872,8,155.0,1872-08-01,-0.8660254037844385,-0.5000000000000004,0.4456521739130434,171.4333333333334,162.8
1872,9,191.1,1872-09-01,-1.0,-1.8369701987210294e-16,0.4456521739130434,174.0333333333334,167.56666666666666
1872,10,171.2,1872-10-01,-0.8660254037844386,0.5000000000000001,0.4456521739130434,172.4333333333334,169.45833333333334
1872,11,186.8,1872-11-01,-0.5000000000000004,0.8660254037844384,0.4456521739130434,183.0333333333334,170.38333333333333
1872,12,139.9,1872-12-01,-2.4492935982947064e-16,1.0,0.4456521739130434,165.96666666666673,169.475
1873,1,144.6,1873-01-01,0.4999999999999999,0.8660254037844387,0.4492753623188406,157.10000000000005,170.46666666666667
1873,2,178.4,1873-02-01,0.8660254037844386,0.5000000000000001,0.4492753623188406,154.30000000000007,168.64166666666668
1873,3,164.0,1873-03-01,1.0,6.123233995736766e-17,0.4492753623188406,162.3333333333334,170.01666666666668
1873,4,127.1,1873-04-01,0.8660254037844387,-0.4999999999999998,0.4492753623188406,156.50000000000009,166.40833333333333
1873,5,80.0,1873-05-01,0.4999999999999999,-0.8660254037844387,0.4492753623188406,123.70000000000005,158.11666666666667
1873,6,74.8,1873-06-01,1.2246467991473532e-16,-1.0,0.4492753623188406,93.96666666666671,149.075
1873,7,111.7,1873-07-01,-0.4999999999999997,-0.8660254037844388,0.4492753623188406,88.83333333333339,143.71666666666667
1873,8,113.8,1873-08-01,-0.8660254037844385,-0.5000000000000004,0.4492753623188406,100.10000000000007,140.28333333333333
1873,9,78.7,1873-09-01,-1.0,-1.8369701987210294e-16,0.4492753623188406,101.40000000000005,130.91666666666666
1873,10,78.6,1873-10-01,-0.8660254037844386,0.5000000000000001,0.4492753623188406,90.36666666666672,123.2
1873,11,92.5,1873-11-01,-0.5000000000000004,0.8660254037844384,0.4492753623188406,83.26666666666672,115.34166666666665
1873,12,82.0,1873-12-01,-2.4492935982947064e-16,1.0,0.4492753623188406,84.36666666666672,110.51666666666665
1874,1,101.4,1874-01-01,0.4999999999999999,0.8660254037844387,0.4528985507246377,91.96666666666674,106.91666666666667
1874,2,107.1,1874-02-01,0.8660254037844386,0.5000000000000001,0.4528985507246377,96.83333333333339,100.97499999999998
1874,3,77.5,1874-03-01,1.0,6.123233995736766e-17,0.4528985507246377,95.33333333333339,93.76666666666665
1874,4,53.5,1874-04-01,0.8660254037844387,-0.4999999999999998,0.4528985507246377,79.36666666666672,87.63333333333333
1874,5,74.6,1874-05-01,0.4999999999999999,-0.8660254037844387,0.4528985507246377,68.53333333333339,87.18333333333334
1874,6,63.8,1874-06-01,1.2246467991473532e-16,-1.0,0.4528985507246377,63.96666666666672,86.26666666666667
1874,7,113.2,1874-07-01,-0.4999999999999997,-0.8660254037844388,0.4528985507246377,83.86666666666672,86.39166666666667
1874,8,102.3,1874-08-01,-0.8660254037844385,-0.5000000000000004,0.4528985507246377,93.10000000000007,85.43333333333334
1874,9,46.8,1874-09-01,-1.0,-1.8369701987210294e-16,0.4528985507246377,87.4333333333334,82.77499999999999
1874,10,57.4,1874-10-01,-0.8660254037844386,0.5000000000000001,0.4528985507246377,68.83333333333339,81.00833333333334
1874,11,48.2,1874-11-01,-0.5000000000000004,0.8660254037844384,0.4528985507246377,50.80000000000006,77.31666666666666
1874,12,48.8,1874-12-01,-2.4492935982947064e-16,1.0,0.4528985507246377,51.466666666666725,74.55
1875,1,24.4,1875-01-01,0.4999999999999999,0.8660254037844387,0.4565217391304347,40.46666666666672,68.13333333333334
1875,2,35.9,1875-02-01,0.8660254037844386,0.5000000000000001,0.4565217391304347,36.366666666666724,62.199999999999996
1875,3,56.4,1875-03-01,1.0,6.123233995736766e-17,0.4565217391304347,38.900000000000055,60.44166666666666
1875,4,48.6,1875-04-01,0.8660254037844387,-0.4999999999999998,0.4565217391304347,46.96666666666672,60.03333333333333
1875,5,19.2,1875-05-01,0.4999999999999999,-0.8660254037844387,0.4565217391304347,41.400000000000055,55.416666666666664
1875,6,39.9,1875-06-01,1.2246467991473532e-16,-1.0,0.4565217391304347,35.900000000000055,53.425000000000004
1875,7,20.9,1875-07-01,-0.4999999999999997,-0.8660254037844388,0.4565217391304347,26.666666666666725,45.73333333333333
1875,8,24.4,1875-08-01,-0.8660254037844385,-0.5000000000000004,0.4565217391304347,28.400000000000052,39.24166666666667
1875,9,4.0,1875-09-01,-1.0,-1.8369701987210294e-16,0.4565217391304347,16.43333333333339,35.675000000000004
1875,10,21.3,1875-10-01,-0.8660254037844386,0.5000000000000001,0.4565217391304347,16.566666666666723,32.666666666666664
1875,11,29.6,1875-11-01,-0.5000000000000004,0.8660254037844384,0.4565217391304347,18.300000000000058,31.116666666666664
1875,12,16.5,1875-12-01,-2.4492935982947064e-16,1.0,0.4565217391304347,22.466666666666725,28.425
1876,1,23.9,1876-01-01,0.4999999999999999,0.8660254037844387,0.4601449275362319,23.33333333333339,28.38333333333333
1876,2,25.1,1876-02-01,0.8660254037844386,0.5000000000000001,0.4601449275362319,21.83333333333339,27.483333333333334
1876,3,51.1,1876-03-01,1.0,6.123233995736766e-17,0.4601449275362319,33.366666666666724,27.041666666666668
1876,4,3.9,1876-04-01,0.8660254037844387,-0.4999999999999998,0.4601449275362319,26.70000000000006,23.316666666666666
1876,5,8.5,1876-05-01,0.4999999999999999,-0.8660254037844387,0.4601449275362319,21.16666666666672,22.425
1876,6,2.7,1876-06-01,1.2246467991473532e-16,-1.0,0.4601449275362319,5.033333333333391,19.325
1876,7,25.5,1876-07-01,-0.4999999999999997,-0.8660254037844388,0.4601449275362319,12.233333333333391,19.708333333333332
1876,8,14.8,1876-08-01,-0.8660254037844385,-0.5000000000000004,0.4601449275362319,14.33333333333339,18.908333333333335
1876,9,16.6,1876-09-01,-1.0,-1.8369701987210294e-16,0.4601449275362319,18.966666666666725,19.958333333333332
1876,10,23.9,1876-10-01,-0.8660254037844386,0.5000000000000001,0.4601449275362319,18.43333333333339,20.175
1876,11,16.6,1876-11-01,-0.5000000000000004,0.8660254037844384,0.4601449275362319,19.033333333333392,19.091666666666665
1876,12,13.6,1876-12-01,-2.4492935982947064e-16,1.0,0.4601449275362319,18.033333333333392,18.849999999999998
1877,1,40.6,1877-01-01,0.4999999999999999,0.8660254037844387,0.463768115942029,23.600000000000062,20.241666666666664
1877,2,14.5,1877-02-01,0.8660254037844386,0.5000000000000001,0.463768115942029,22.90000000000006,19.358333333333334
1877,3,19.9,1877-03-01,1.0,6.123233995736766e-17,0.463768115942029,25.000000000000057,16.758333333333333
1877,4,26.3,1877-04-01,0.8660254037844387,-0.4999999999999998,0.463768115942029,20.23333333333339,18.625
1877,5,36.1,1877-05-01,0.4999999999999999,-0.8660254037844387,0.463768115942029,27.43333333333339,20.925
1877,6,23.6,1877-06-01,1.2246467991473532e-16,-1.0,0.463768115942029,28.666666666666725,22.666666666666668
1877,7,10.0,1877-07-01,-0.4999999999999997,-0.8660254037844388,0.463768115942029,23.23333333333339,21.375
1877,8,10.5,1877-08-01,-0.8660254037844385,-0.5000000000000004,0.463768115942029,14.700000000000054,21.016666666666666
1877,9,28.1,1877-09-01,-1.0,-1.8369701987210294e-16,0.463768115942029,16.200000000000056,21.974999999999998
1877,10,11.2,1877-10-01,-0.8660254037844386,0.5000000000000001,0.463768115942029,16.600000000000055,20.916666666666668
1877,11,23.6,1877-11-01,-0.5000000000000004,0.8660254037844384,0.463768115942029,20.966666666666722,21.5
1877,12,3.5,1877-12-01,-2.4492935982947064e-16,1.0,0.463768115942029,12.766666666666723,20.658333333333335
1878,1,5.5,1878-01-01,0.4999999999999999,0.8660254037844387,0.4673913043478261,10.866666666666722,17.733333333333334
1878,2,11.0,1878-02-01,0.8660254037844386,0.5000000000000001,0.4673913043478261,6.666666666666721,17.441666666666666
1878,3,13.1,1878-03-01,1.0,6.123233995736766e-17,0.4673913043478261,9.866666666666722,16.875
1878,4,0.2,1878-04-01,0.8660254037844387,-0.4999999999999998,0.4673913043478261,8.100000000000055,14.700000000000001
1878,5,9.9,1878-05-01,0.4999999999999999,-0.8660254037844387,0.4673913043478261,7.733333333333388,12.516666666666666
1878,6,10.7,1878-06-01,1.2246467991473532e-16,-1.0,0.4673913043478261,6.933333333333387,11.441666666666668
1878,7,0.2,1878-07-01,-0.4999999999999997,-0.8660254037844388,0.4673913043478261,6.933333333333388,10.625000000000002
1878,8,0.0,1878-08-01,-0.8660254037844385,-0.5000000000000004,0.4673913043478261,3.6333333333333875,9.75
1878,9,8.8,1878-09-01,-1.0,-1.8369701987210294e-16,0.4673913043478261,3.0000000000000546,8.141666666666667
1878,10,1.9,1878-10-01,-0.8660254037844386,0.5000000000000001,0.4673913043478261,3.5666666666667215,7.366666666666666
1878,11,6.8,1878-11-01,-0.5000000000000004,0.8660254037844384,0.4673913043478261,5.833333333333388,5.966666666666666
1878,12,0.9,1878-12-01,-2.4492935982947064e-16,1.0,0.4673913043478261,3.2000000000000544,5.75
1879,1,1.6,1879-01-01,0.4999999999999999,0.8660254037844387,0.4710144927536231,3.1000000000000543,5.425
1879,2,0.9,1879-02-01,0.8660254037844386,0.5000000000000001,0.4710144927536231,1.1333333333333877,4.583333333333333
1879,3,0.0,1879-03-01,1.0,6.123233995736766e-17,0.4710144927536231,0.8333333333333878,3.4916666666666667
1879,4,10.4,1879-04-01,0.8660254037844387,-0.4999999999999998,0.4710144927536231,3.7666666666667212,4.341666666666666
1879,5,4.0,1879-05-01,0.4999999999999999,-0.8660254037844387,0.4710144927536231,4.800000000000055,3.85
1879,6,8.0,1879-06-01,1.2246467991473532e-16,-1.0,0.4710144927536231,7.466666666666721,3.625
1879,7,12.6,1879-07-01,-0.4999999999999997,-0.8660254037844388,0.4710144927536231,8.200000000000054,4.658333333333333
1879,8,17.9,1879-08-01,-0.8660254037844385,-0.5000000000000004,0.4710144927536231,12.833333333333387,6.1499999999999995
1879,9,10.1,1879-09-01,-1.0,-1.8369701987210294e-16,0.4710144927536231,13.533333333333388,6.258333333333333
1879,10,20.4,1879-10-01,-0.8660254037844386,0.5000000000000001,0.4710144927536231,16.133333333333386,7.8
1879,11,21.9,1879-11-01,-0.5000000000000004,0.8660254037844384,0.4710144927536231,17.466666666666722,9.058333333333332
1879,12,12.2,1879-12-01,-2.4492935982947064e-16,1.0,0.4710144927536231,18.166666666666718,9.999999999999998
1880,1,40.1,1880-01-01,0.4999999999999999,0.8660254037844387,0.4746376811594203,24.733333333333388,13.208333333333334
1880,2,45.4,1880-02-01,0.8660254037844386,0.5000000000000001,0.4746376811594203,32.56666666666672,16.916666666666668
1880,3,32.1,1880-03-01,1.0,6.123233995736766e-17,0.4746376811594203,39.20000000000005,19.591666666666665
1880,4,32.4,1880-04-01,0.8660254037844387,-0.4999999999999998,0.4746376811594203,36.63333333333339,21.424999999999997
1880,5,39.1,1880-05-01,0.4999999999999999,-0.8660254037844387,0.4746376811594203,34.53333333333339,24.349999999999998
1880,6,56.9,1880-06-01,1.2246467991473532e-16,-1.0,0.4746376811594203,42.80000000000006,28.424999999999997
1880,7,36.5,1880-07-01,-0.4999999999999997,-0.8660254037844388,0.4746376811594203,44.16666666666672,30.416666666666668
1880,8,80.3,1880-08-01,-0.8660254037844385,-0.5000000000000004,0.4746376811594203,57.900000000000055,35.61666666666667
1880,9,110.1,1880-09-01,-1.0,-1.8369701987210294e-16,0.4746376811594203,75.63333333333338,43.949999999999996
1880,10,71.7,1880-10-01,-0.8660254037844386,0.5000000000000001,0.4746376811594203,87.36666666666672,48.224999999999994
1880,11,51.1,1880-11-01,-0.5000000000000004,0.8660254037844384,0.4746376811594203,77.6333333333334,50.65833333333333
1880,12,49.4,1880-12-01,-2.4492935982947064e-16,1.0,0.4746376811594203,57.400000000000055,53.758333333333326
1881,1,60.6,1881-01-01,0.4999999999999999,0.8660254037844387,0.4782608695652174,53.70000000000005,55.46666666666667
1881,2,88.6,1881-02-01,0.8660254037844386,0.5000000000000001,0.4782608695652174,66.20000000000006,59.06666666666666
1881,3,85.8,1881-03-01,1.0,6.123233995736766e-17,0.4782608695652174,78.33333333333339,63.541666666666664
1881,4,86.1,1881-04-01,0.8660254037844387,-0.4999999999999998,0.4782608695652174,86.83333333333339,68.01666666666667
1881,5,72.5,1881-05-01,0.4999999999999999,-0.8660254037844387,0.4782608695652174,81.46666666666671,70.8
1881,6,100.8,1881-06-01,1.2246467991473532e-16,-1.0,0.4782608695652174,86.46666666666671,74.45833333333333
1881,7,128.2,1881-07-01,-0.4999999999999997,-0.8660254037844388,0.4782608695652174,100.50000000000006,82.1
1881,8,97.3,1881-08-01,-0.8660254037844385,-0.5000000000000004,0.4782608695652174,108.76666666666672,83.51666666666667
1881,9,88.6,1881-09-01,-1.0,-1.8369701987210294e-16,0.4782608695652174,104.70000000000005,81.725
1881,10,107.3,1881-10-01,-0.8660254037844386,0.5000000000000001,0.4782608695652174,97.73333333333339,84.69166666666666
1881,11,91.5,1881-11-01,-0.5000000000000004,0.8660254037844384,0.4782608695652174,95.80000000000005,88.05833333333334
1881,12,78.8,1881-12-01,-2.4492935982947064e-16,1.0,0.4782608695652174,92.5333333333334,90.50833333333333
1882,1,75.0,1882-01-01,0.4999999999999999,0.8660254037844387,0.4818840579710144,81.76666666666672,91.70833333333331
1882,2,115.9,1882-02-01,0.8660254037844386,0.5000000000000001,0.4818840579710144,89.90000000000005,93.98333333333333
1882,3,111.5,1882-03-01,1.0,6.123233995736766e-17,0.4818840579710144,100.80000000000005,96.125
1882,4,159.6,1882-04-01,0.8660254037844387,-0.4999999999999998,0.4818840579710144,129.00000000000006,102.25
1882,5,106.9,1882-05-01,0.4999999999999999,-0.8660254037844387,0.4818840579710144,126.00000000000007,105.11666666666666
1882,6,75.4,1882-06-01,1.2246467991473532e-16,-1.0,0.4818840579710144,113.96666666666674,103.0
1882,7,75.7,1882-07-01,-0.4999999999999997,-0.8660254037844388,0.4818840579710144,86.00000000000006,98.62500000000001
1882,8,67.5,1882-08-01,-0.8660254037844385,-0.5000000000000004,0.4818840579710144,72.86666666666673,96.14166666666667
1882,9,96.1,1882-09-01,-1.0,-1.8369701987210294e-16,0.4818840579710144,79.76666666666672,96.76666666666667
1882,10,98.6,1882-10-01,-0.8660254037844386,0.5000000000000001,0.4818840579710144,87.40000000000005,96.04166666666667
1882,11,140.6,1882-11-01,-0.5000000000000004,0.8660254037844384,0.4818840579710144,111.76666666666672,100.13333333333334
1882,12,69.7,1882-12-01,-2.4492935982947064e-16,1.0,0.4818840579710144,102.96666666666671,99.37500000000001
1883,1,101.0,1883-01-01,0.4999999999999999,0.8660254037844387,0.4855072463768116,103.76666666666672,101.54166666666669
1883,2,78.2,1883-02-01,0.8660254037844386,0.5000000000000001,0.4855072463768116,82.96666666666673,98.39999999999999
1883,3,71.3,1883-03-01,1.0,6.123233995736766e-17,0.4855072463768116,83.50000000000006,95.05000000000001
1883,4,136.8,1883-04-01,0.8660254037844387,-0.4999999999999998,0.4855072463768116,95.4333333333334,93.14999999999999
1883,5,52.5,1883-05-01,0.4999999999999999,-0.8660254037844387,0.4855072463768116,86.86666666666673,88.61666666666667
1883,6,127.2,1883-06-01,1.2246467991473532e-16,-1.0,0.4855072463768116,105.50000000000006,92.93333333333334
1883,7,134.4,1883-07-01,-0.4999999999999997,-0.8660254037844388,0.4855072463768116,104.70000000000006,97.82499999999999
1883,8,76.6,1883-08-01,-0.8660254037844385,-0.5000000000000004,0.4855072463768116,112.73333333333339,98.58333333333333
1883,9,87.8,1883-09-01,-1.0,-1.8369701987210294e-16,0.4855072463768116,99.60000000000007,97.89166666666667
1883,10,139.6,1883-10-01,-0.8660254037844386,0.5000000000000001,0.4855072463768116,101.33333333333339,101.30833333333334
1883,11,140.8,1883-11-01,-0.5000000000000004,0.8660254037844384,0.4855072463768116,122.73333333333339,101.325
1883,12,126.5,1883-12-01,-2.4492935982947064e-16,1.0,0.4855072463768116,135.6333333333334,106.05833333333332
1884,1,152.6,1884-01-01,0.4999999999999999,0.8660254037844387,0.4891304347826087,139.96666666666673,110.35833333333333
1884,2,144.8,1884-02-01,0.8660254037844386,0.5000000000000001,0.4891304347826087,141.30000000000007,115.90833333333335
1884,3,145.8,1884-03-01,1.0,6.123233995736766e-17,0.4891304347826087,147.7333333333334,122.11666666666666
1884,4,126.9,1884-04-01,0.8660254037844387,-0.4999999999999998,0.4891304347826087,139.16666666666674,121.29166666666667
1884,5,110.9,1884-05-01,0.4999999999999999,-0.8660254037844387,0.4891304347826087,127.86666666666673,126.15833333333335
1884,6,85.3,1884-06-01,1.2246467991473532e-16,-1.0,0.4891304347826087,107.70000000000006,122.66666666666667
1884,7,88.5,1884-07-01,-0.4999999999999997,-0.8660254037844388,0.4891304347826087,94.90000000000008,118.84166666666668
1884,8,93.1,1884-08-01,-0.8660254037844385,-0.5000000000000004,0.4891304347826087,88.96666666666674,120.21666666666665
1884,9,103.1,1884-09-01,-1.0,-1.8369701987210294e-16,0.4891304347826087,94.90000000000005,121.49166666666667
1884,10,79.6,1884-10-01,-0.8660254037844386,0.5000000000000001,0.4891304347826087,91.9333333333334,116.49166666666667
1884,11,60.9,1884-11-01,-0.5000000000000004,0.8660254037844384,0.4891304347826087,81.20000000000006,109.83333333333333
1884,12,78.6,1884-12-01,-2.4492935982947064e-16,1.0,0.4891304347826087,73.03333333333339,105.84166666666665
1885,1,71.4,1885-01-01,0.4999999999999999,0.8660254037844387,0.4927536231884058,70.30000000000005,99.075
1885,2,119.7,1885-02-01,0.8660254037844386,0.5000000000000001,0.4927536231884058,89.90000000000008,96.98333333333333
1885,3,82.9,1885-03-01,1.0,6.123233995736766e-17,0.4927536231884058,91.33333333333341,91.74166666666666
1885,4,91.7,1885-04-01,0.8660254037844387,-0.4999999999999998,0.4927536231884058,98.10000000000007,88.80833333333334
1885,5,121.6,1885-05-01,0.4999999999999999,-0.8660254037844387,0.4927536231884058,98.7333333333334,89.7
1885,6,139.5,1885-06-01,1.2246467991473532e-16,-1.0,0.4927536231884058,117.60000000000007,94.21666666666665
1885,7,110.9,1885-07-01,-0.4999999999999997,-0.8660254037844388,0.4927536231884058,124.00000000000007,96.08333333333333
1885,8,83.5,1885-08-01,-0.8660254037844385,-0.5000000000000004,0.4927536231884058,111.30000000000007,95.28333333333335
1885,9,66.0,1885-09-01,-1.0,-1.8369701987210294e-16,0.4927536231884058,86.80000000000007,92.19166666666666
1885,10,64.5,1885-10-01,-0.8660254037844386,0.5000000000000001,0.4927536231884058,71.3333333333334,90.93333333333334
1885,11,51.6,1885-11-01,-0.5000000000000004,0.8660254037844384,0.4927536231884058,60.70000000000007,90.15833333333332
1885,12,36.3,1885-12-01,-2.4492935982947064e-16,1.0,0.4927536231884058,50.80000000000007,86.63333333333333
1886,1,49.8,1886-01-01,0.4999999999999999,0.8660254037844387,0.4963768115942029,45.90000000000006,84.83333333333333
1886,2,43.2,1886-02-01,0.8660254037844386,0.5000000000000001,0.4963768115942029,43.10000000000007,78.45833333333333
1886,3,95.5,1886-03-01,1.0,6.123233995736766e-17,0.4963768115942029,62.8333333333334,79.50833333333334
1886,4,72.9,1886-04-01,0.8660254037844387,-0.4999999999999998,0.4963768115942029,70.5333333333334,77.94166666666668
1886,5,51.2,1886-05-01,0.4999999999999999,-0.8660254037844387,0.4963768115942029,73.20000000000006,72.075
1886,6,45.3,1886-06-01,1.2246467991473532e-16,-1.0,0.4963768115942029,56.46666666666673,64.22500000000001
1886,7,50.4,1886-07-01,-0.4999999999999997,-0.8660254037844388,0.4963768115942029,48.96666666666673,59.18333333333333
1886,8,28.1,1886-08-01,-0.8660254037844385,-0.5000000000000004,0.4963768115942029,41.26666666666673,54.56666666666667
1886,9,35.7,1886-09-01,-1.0,-1.8369701987210294e-16,0.4963768115942029,38.066666666666734,52.041666666666664
1886,10,14.4,1886-10-01,-0.8660254037844386,0.5000000000000001,0.4963768115942029,26.066666666666734,47.86666666666667
1886,11,0.6,1886-11-01,-0.5000000000000004,0.8660254037844384,0.4963768115942029,16.900000000000066,43.616666666666674
1886,12,21.7,1886-12-01,-2.4492935982947064e-16,1.0,0.4963768115942029,12.2333333333334,42.4
1887,1,17.0,1887-01-01,0.4999999999999999,0.8660254037844387,0.5,13.100000000000065,39.666666666666664
1887,2,22.0,1887-02-01,0.8660254037844386,0.5000000000000001,0.5,20.233333333333402,37.9
1887,3,7.1,1887-03-01,1.0,6.123233995736766e-17,0.5,15.366666666666731,30.53333333333333
1887,4,11.6,1887-04-01,0.8660254037844387,-0.4999999999999998,0.5,13.566666666666734,25.425
1887,5,33.4,1887-05-01,0.4999999999999999,-0.8660254037844387,0.5,17.36666666666673,23.941666666666666
1887,6,26.1,1887-06-01,1.2246467991473532e-16,-1.0,0.5,23.700000000000063,22.34166666666667
1887,7,38.9,1887-07-01,-0.4999999999999997,-0.8660254037844388,0.5,32.80000000000007,21.383333333333336
1887,8,35.7,1887-08-01,-0.8660254037844385,-0.5000000000000004,0.5,33.56666666666673,22.016666666666666
1887,9,12.4,1887-09-01,-1.0,-1.8369701987210294e-16,0.5,29.000000000000068,20.075
1887,10,11.0,1887-10-01,-0.8660254037844386,0.5000000000000001,0.5,19.700000000000063,19.791666666666668
1887,11,11.5,1887-11-01,-0.5000000000000004,0.8660254037844384,0.5,11.633333333333397,20.7
1887,12,34.5,1887-12-01,-2.4492935982947064e-16,1.0,0.5,19.000000000000064,21.766666666666666
1888,1,21.2,1888-01-01,0.4999999999999999,0.8660254037844387,0.5036231884057971,22.400000000000063,22.116666666666664
1888,2,11.8,1888-02-01,0.8660254037844386,0.5000000000000001,0.5036231884057971,22.500000000000068,21.266666666666666
1888,3,13.1,1888-03-01,1.0,6.123233995736766e-17,0.5036231884057971,15.366666666666731,21.766666666666666
1888,4,8.5,1888-04-01,0.8660254037844387,-0.4999999999999998,0.5036231884057971,11.133333333333397,21.508333333333336
1888,5,11.7,1888-05-01,0.4999999999999999,-0.8660254037844387,0.5036231884057971,11.100000000000064,19.7
1888,6,11.8,1888-06-01,1.2246467991473532e-16,-1.0,0.5036231884057971,10.66666666666673,18.508333333333333
1888,7,5.0,1888-07-01,-0.4999999999999997,-0.8660254037844388,0.5036231884057971,9.500000000000064,15.683333333333332
1888,8,4.6,1888-08-01,-0.8660254037844385,-0.5000000000000004,0.5036231884057971,7.133333333333398,13.091666666666669
1888,9,14.6,1888-09-01,-1.0,-1.8369701987210294e-16,0.5036231884057971,8.06666666666673,13.275
1888,10,3.4,1888-10-01,-0.8660254037844386,0.5000000000000001,0.5036231884057971,7.533333333333396,12.641666666666667
1888,11,17.9,1888-11-01,-0.5000000000000004,0.8660254037844384,0.5036231884057971,11.96666666666673,13.174999999999999
1888,12,11.1,1888-12-01,-2.4492935982947064e-16,1.0,0.5036231884057971,10.800000000000063,11.225000000000001
1889,1,1.3,1889-01-01,0.4999999999999999,0.8660254037844387,0.5072463768115942,10.100000000000064,9.566666666666666
1889,2,14.2,1889-02-01,0.8660254037844386,0.5000000000000001,0.5072463768115942,8.866666666666731,9.766666666666667
1889,3,11.1,1889-03-01,1.0,6.123233995736766e-17,0.5072463768115942,8.866666666666731,9.6
1889,4,7.3,1889-04-01,0.8660254037844387,-0.4999999999999998,0.5072463768115942,10.866666666666731,9.5
1889,5,4.0,1889-05-01,0.4999999999999999,-0.8660254037844387,0.5072463768115942,7.46666666666673,8.858333333333333
1889,6,10.8,1889-06-01,1.2246467991473532e-16,-1.0,0.5072463768115942,7.366666666666731,8.775
1889,7,15.8,1889-07-01,-0.4999999999999997,-0.8660254037844388,0.5072463768115942,10.200000000000065,9.674999999999999
1889,8,34.3,1889-08-01,-0.8660254037844385,-0.5000000000000004,0.5072463768115942,20.300000000000065,12.15
1889,9,10.9,1889-09-01,-1.0,-1.8369701987210294e-16,0.5072463768115942,20.333333333333396,11.841666666666667
1889,10,3.4,1889-10-01,-0.8660254037844386,0.5000000000000001,0.5072463768115942,16.200000000000063,11.841666666666667
1889,11,0.3,1889-11-01,-0.5000000000000004,0.8660254037844384,0.5072463768115942,4.86666666666673,10.374999999999998
1889,12,11.2,1889-12-01,-2.4492935982947064e-16,1.0,0.5072463768115942,4.96666666666673,10.383333333333333
1890,1,8.8,1890-01-01,0.4999999999999999,0.8660254037844387,0.5108695652173914,6.76666666666673,11.008333333333333
1890,2,1.1,1890-02-01,0.8660254037844386,0.5000000000000001,0.5108695652173914,7.033333333333396,9.916666666666666
1890,3,8.5,1890-03-01,1.0,6.123233995736766e-17,0.5108695652173914,6.133333333333397,9.700000000000001
1890,4,2.7,1890-04-01,0.8660254037844387,-0.4999999999999998,0.5108695652173914,4.1000000000000645,9.316666666666666
1890,5,7.9,1890-05-01,0.4999999999999999,-0.8660254037844387,0.5108695652173914,6.366666666666731,9.641666666666666
1890,6,2.2,1890-06-01,1.2246467991473532e-16,-1.0,0.5108695652173914,4.266666666666731,8.924999999999999
1890,7,19.3,1890-07-01,-0.4999999999999997,-0.8660254037844388,0.5108695652173914,9.800000000000065,9.216666666666667
1890,8,14.2,1890-08-01,-0.8660254037844385,-0.5000000000000004,0.5108695652173914,11.900000000000063,7.541666666666667
1890,9,28.6,1890-09-01,-1.0,-1.8369701987210294e-16,0.5108695652173914,20.700000000000063,9.016666666666666
1890,10,18.6,1890-10-01,-0.8660254037844386,0.5000000000000001,0.5108695652173914,20.46666666666673,10.283333333333333
1890,11,15.9,1890-11-01,-0.5000000000000004,0.8660254037844384,0.5108695652173914,21.0333333333334,11.583333333333334
1890,12,13.1,1890-12-01,-2.4492935982947064e-16,1.0,0.5108695652173914,15.866666666666731,11.741666666666667
1891,1,22.5,1891-01-01,0.4999999999999999,0.8660254037844387,0.5144927536231884,17.166666666666732,12.883333333333333
1891,2,36.9,1891-02-01,0.8660254037844386,0.5000000000000001,0.5144927536231884,24.166666666666732,15.866666666666667
1891,3,17.2,1891-03-01,1.0,6.123233995736766e-17,0.5144927536231884,25.5333333333334,16.591666666666665
1891,4,34.2,1891-04-01,0.8660254037844387,-0.4999999999999998,0.5144927536231884,29.433333333333398,19.21666666666667
1891,5,68.5,1891-05-01,0.4999999999999999,-0.8660254037844387,0.5144927536231884,39.96666666666673,24.266666666666666
1891,6,80.4,1891-06-01,1.2246467991473532e-16,-1.0,0.5144927536231884,61.033333333333395,30.783333333333335
1891,7,98.0,1891-07-01,-0.4999999999999997,-0.8660254037844388,0.5144927536231884,82.30000000000007,37.34166666666667
1891,8,55.1,1891-08-01,-0.8660254037844385,-0.5000000000000004,0.5144927536231884,77.83333333333341,40.75
1891,9,89.7,1891-09-01,-1.0,-1.8369701987210294e-16,0.5144927536231884,80.9333333333334,45.84166666666667
1891,10,86.0,1891-10-01,-0.8660254037844386,0.5000000000000001,0.5144927536231884,76.9333333333334,51.458333333333336
1891,11,69.8,1891-11-01,-0.5000000000000004,0.8660254037844384,0.5144927536231884,81.83333333333339,55.949999999999996
1891,12,54.3,1891-12-01,-2.4492935982947064e-16,1.0,0.5144927536231884,70.0333333333334,59.383333333333326
1892,1,115.2,1892-01-01,0.4999999999999999,0.8660254037844387,0.5181159420289855,79.76666666666672,67.10833333333333
1892,2,126.1,1892-02-01,0.8660254037844386,0.5000000000000001,0.5181159420289855,98.5333333333334,74.54166666666667
1892,3,83.3,1892-03-01,1.0,6.123233995736766e-17,0.5181159420289855,108.20000000000006,80.05
1892,4,116.0,1892-04-01,0.8660254037844387,-0.4999999999999998,0.5181159420289855,108.46666666666674,86.86666666666667
1892,5,132.7,1892-05-01,0.4999999999999999,-0.8660254037844387,0.5181159420289855,110.66666666666673,92.21666666666665
1892,6,127.3,1892-06-01,1.2246467991473532e-16,-1.0,0.5181159420289855,125.33333333333339,96.125
1892,7,127.6,1892-07-01,-0.4999999999999997,-0.8660254037844388,0.5181159420289855,129.20000000000007,98.59166666666665
1892,8,169.0,1892-08-01,-0.8660254037844385,-0.5000000000000004,0.5181159420289855,141.30000000000007,108.08333333333333
1892,9,104.7,1892-09-01,-1.0,-1.8369701987210294e-16,0.5181159420289855,133.76666666666674,109.33333333333333
1892,10,117.5,1892-10-01,-0.8660254037844386,0.5000000000000001,0.5181159420289855,130.40000000000006,111.95833333333333
1892,11,108.9,1892-11-01,-0.5000000000000004,0.8660254037844384,0.5181159420289855,110.36666666666675,115.21666666666665
1892,12,131.0,1892-12-01,-2.4492935982947064e-16,1.0,0.5181159420289855,119.13333333333343,121.60833333333335
1893,1,125.0,1893-01-01,0.4999999999999999,0.8660254037844387,0.5217391304347826,121.63333333333343,122.425
1893,2,121.6,1893-02-01,0.8660254037844386,0.5000000000000001,0.5217391304347826,125.86666666666675,122.05000000000001
1893,3,109.5,1893-03-01,1.0,6.123233995736766e-17,0.5217391304347826,118.70000000000009,124.23333333333333
1893,4,146.8,1893-04-01,0.8660254037844387,-0.4999999999999998,0.5217391304347826,125.96666666666674,126.8
1893,5,141.3,1893-05-01,0.4999999999999999,-0.8660254037844387,0.5217391304347826,132.53333333333342,127.51666666666667
1893,6,149.8,1893-06-01,1.2246467991473532e-16,-1.0,0.5217391304347826,145.96666666666673,129.39166666666668
1893,7,147.6,1893-07-01,-0.4999999999999997,-0.8660254037844388,0.5217391304347826,146.23333333333343,131.05833333333334
1893,8,215.4,1893-08-01,-0.8660254037844385,-0.5000000000000004,0.5217391304347826,170.9333333333334,134.925
1893,9,129.9,1893-09-01,-1.0,-1.8369701987210294e-16,0.5217391304347826,164.3000000000001,137.025
1893,10,133.3,1893-10-01,-0.8660254037844386,0.5000000000000001,0.5217391304347826,159.53333333333342,138.34166666666667
1893,11,125.2,1893-11-01,-0.5000000000000004,0.8660254037844384,0.5217391304347826,129.46666666666675,139.70000000000002
1893,12,156.4,1893-12-01,-2.4492935982947064e-16,1.0,0.5217391304347826,138.3000000000001,141.8166666666667
1894,1,138.6,1894-01-01,0.4999999999999999,0.8660254037844387,0.5253623188405797,140.06666666666675,142.95000000000002
1894,2,141.0,1894-02-01,0.8660254037844386,0.5000000000000001,0.5253623188405797,145.3333333333334,144.56666666666666
1894,3,87.1,1894-03-01,1.0,6.123233995736766e-17,0.5253623188405797,122.2333333333334,142.70000000000002
1894,4,136.0,1894-04-01,0.8660254037844387,-0.4999999999999998,0.5253623188405797,121.36666666666675,141.8
1894,5,168.7,1894-05-01,0.4999999999999999,-0.8660254037844387,0.5253623188405797,130.60000000000005,144.08333333333334
1894,6,164.8,1894-06-01,1.2246467991473532e-16,-1.0,0.5253623188405797,156.50000000000009,145.33333333333334
1894,7,176.7,1894-07-01,-0.4999999999999997,-0.8660254037844388,0.5253623188405797,170.06666666666672,147.75833333333333
1894,8,117.1,1894-08-01,-0.8660254037844385,-0.5000000000000004,0.5253623188405797,152.86666666666676,139.56666666666666
1894,9,110.0,1894-09-01,-1.0,-1.8369701987210294e-16,0.5253623188405797,134.60000000000005,137.90833333333333
1894,10,125.7,1894-10-01,-0.8660254037844386,0.5000000000000001,0.5253623188405797,117.60000000000008,137.275
1894,11,94.3,1894-11-01,-0.5000000000000004,0.8660254037844384,0.5253623188405797,110.00000000000007,134.70000000000002
1894,12,100.1,1894-12-01,-2.4492935982947064e-16,1.0,0.5253623188405797,106.70000000000009,130.00833333333333
1895,1,105.4,1895-01-01,0.4999999999999999,0.8660254037844387,0.5289855072463768,99.93333333333341,127.24166666666667
1895,2,112.0,1895-02-01,0.8660254037844386,0.5000000000000001,0.5289855072463768,105.83333333333341,124.825
1895,3,101.6,1895-03-01,1.0,6.123233995736766e-17,0.5289855072463768,106.33333333333341,126.03333333333332
1895,4,128.2,1895-04-01,0.8660254037844387,-0.4999999999999998,0.5289855072463768,113.9333333333334,125.38333333333333
1895,5,112.5,1895-05-01,0.4999999999999999,-0.8660254037844387,0.5289855072463768,114.10000000000007,120.7
1895,6,119.1,1895-06-01,1.2246467991473532e-16,-1.0,0.5289855072463768,119.9333333333334,116.89166666666665
1895,7,79.7,1895-07-01,-0.4999999999999997,-0.8660254037844388,0.5289855072463768,103.76666666666675,108.80833333333334
1895,8,114.9,1895-08-01,-0.8660254037844385,-0.5000000000000004,0.5289855072463768,104.56666666666673,108.625
1895,9,96.1,1895-09-01,-1.0,-1.8369701987210294e-16,0.5289855072463768,96.90000000000008,107.46666666666665
1895,10,113.2,1895-10-01,-0.8660254037844386,0.5000000000000001,0.5289855072463768,108.06666666666676,106.425
1895,11,78.6,1895-11-01,-0.5000000000000004,0.8660254037844384,0.5289855072463768,95.96666666666674,105.11666666666666
1895,12,117.9,1895-12-01,-2.4492935982947064e-16,1.0,0.5289855072463768,103.23333333333342,106.60000000000001
1896,1,48.4,1896-01-01,0.4999999999999999,0.8660254037844387,0.532608695652174,81.63333333333341,101.85000000000001
1896,2,95.7,1896-02-01,0.8660254037844386,0.5000000000000001,0.532608695652174,87.33333333333341,100.49166666666666
1896,3,86.5,1896-03-01,1.0,6.123233995736766e-17,0.532608695652174,76.86666666666675,99.23333333333333
1896,4,73.0,1896-04-01,0.8660254037844387,-0.4999999999999998,0.532608695652174,85.06666666666673,94.63333333333333
1896,5,46.1,1896-05-01,0.4999999999999999,-0.8660254037844387,0.532608695652174,68.5333333333334,89.10000000000001
1896,6,81.7,1896-06-01,1.2246467991473532e-16,-1.0,0.532608695652174,66.93333333333341,85.98333333333333
1896,7,75.2,1896-07-01,-0.4999999999999997,-0.8660254037844388,0.532608695652174,67.66666666666674,85.60833333333333
1896,8,45.4,1896-08-01,-0.8660254037844385,-0.5000000000000004,0.532608695652174,67.43333333333341,79.81666666666666
1896,9,102.2,1896-09-01,-1.0,-1.8369701987210294e-16,0.532608695652174,74.26666666666675,80.325
1896,10,47.9,1896-10-01,-0.8660254037844386,0.5000000000000001,0.532608695652174,65.16666666666676,74.88333333333334
1896,11,63.3,1896-11-01,-0.5000000000000004,0.8660254037844384,0.532608695652174,71.13333333333341,73.60833333333333
1896,12,71.0,1896-12-01,-2.4492935982947064e-16,1.0,0.532608695652174,60.733333333333405,69.7
1897,1,67.6,1897-01-01,0.4999999999999999,0.8660254037844387,0.5362318840579711,67.30000000000007,71.3
1897,2,49.0,1897-02-01,0.8660254037844386,0.5000000000000001,0.5362318840579711,62.53333333333341,67.40833333333333
1897,3,48.7,1897-03-01,1.0,6.123233995736766e-17,0.5362318840579711,55.10000000000008,64.25833333333334
1897,4,51.7,1897-04-01,0.8660254037844387,-0.4999999999999998,0.5362318840579711,49.800000000000075,62.48333333333333
1897,5,33.3,1897-05-01,0.4999999999999999,-0.8660254037844387,0.5362318840579711,44.56666666666674,61.416666666666664
1897,6,18.9,1897-06-01,1.2246467991473532e-16,-1.0,0.5362318840579711,34.63333333333341,56.18333333333334
1897,7,46.1,1897-07-01,-0.4999999999999997,-0.8660254037844388,0.5362318840579711,32.766666666666744,53.75833333333333
1897,8,36.4,1897-08-01,-0.8660254037844385,-0.5000000000000004,0.5362318840579711,33.800000000000075,53.00833333333333
1897,9,80.4,1897-09-01,-1.0,-1.8369701987210294e-16,0.5362318840579711,54.300000000000075,51.19166666666666
1897,10,23.9,1897-10-01,-0.8660254037844386,0.5000000000000001,0.5362318840579711,46.900000000000084,49.19166666666666
1897,11,14.0,1897-11-01,-0.5000000000000004,0.8660254037844384,0.5362318840579711,39.433333333333415,45.083333333333336
1897,12,55.5,1897-12-01,-2.4492935982947064e-16,1.0,0.5362318840579711,31.13333333333341,43.791666666666664
1898,1,50.4,1898-01-01,0.4999999999999999,0.8660254037844387,0.5398550724637681,39.96666666666674,42.358333333333334
1898,2,60.7,1898-02-01,0.8660254037844386,0.5000000000000001,0.5398550724637681,55.53333333333342,43.333333333333336
1898,3,63.9,1898-03-01,1.0,6.123233995736766e-17,0.5398550724637681,58.33333333333341,44.6
1898,4,24.2,1898-04-01,0.8660254037844387,-0.4999999999999998,0.5398550724637681,49.60000000000008,42.30833333333333
1898,5,43.0,1898-05-01,0.4999999999999999,-0.8660254037844387,0.5398550724637681,43.700000000000074,43.11666666666667
1898,6,37.1,1898-06-01,1.2246467991473532e-16,-1.0,0.5398550724637681,34.76666666666674,44.63333333333333
1898,7,15.0,1898-07-01,-0.4999999999999997,-0.8660254037844388,0.5398550724637681,31.700000000000074,42.041666666666664
1898,8,52.3,1898-08-01,-0.8660254037844385,-0.5000000000000004,0.5398550724637681,34.800000000000075,43.36666666666667
1898,9,58.1,1898-09-01,-1.0,-1.8369701987210294e-16,0.5398550724637681,41.800000000000075,41.50833333333333
1898,10,57.1,1898-10-01,-0.8660254037844386,0.5000000000000001,0.5398550724637681,55.83333333333341,44.275000000000006
1898,11,51.6,1898-11-01,-0.5000000000000004,0.8660254037844384,0.5398550724637681,55.60000000000008,47.40833333333333
1898,12,21.1,1898-12-01,-2.4492935982947064e-16,1.0,0.5398550724637681,43.266666666666744,44.541666666666664
1899,1,32.4,1899-01-01,0.4999999999999999,0.8660254037844387,0.5434782608695652,35.03333333333341,43.041666666666664
1899,2,15.3,1899-02-01,0.8660254037844386,0.5000000000000001,0.5434782608695652,22.933333333333408,39.25833333333333
1899,3,30.3,1899-03-01,1.0,6.123233995736766e-17,0.5434782608695652,26.000000000000075,36.458333333333336
1899,4,23.6,1899-04-01,0.8660254037844387,-0.4999999999999998,0.5434782608695652,23.066666666666745,36.40833333333333
1899,5,12.9,1899-05-01,0.4999999999999999,-0.8660254037844387,0.5434782608695652,22.266666666666747,33.9
1899,6,34.1,1899-06-01,1.2246467991473532e-16,-1.0,0.5434782608695652,23.533333333333406,33.65
1899,7,22.5,1899-07-01,-0.4999999999999997,-0.8660254037844388,0.5434782608695652,23.166666666666742,34.275
1899,8,4.9,1899-08-01,-0.8660254037844385,-0.5000000000000004,0.5434782608695652,20.500000000000075,30.325
1899,9,14.0,1899-09-01,-1.0,-1.8369701987210294e-16,0.5434782608695652,13.800000000000075,26.649999999999995
1899,10,21.7,1899-10-01,-0.8660254037844386,0.5000000000000001,0.5434782608695652,13.53333333333341,23.700000000000003
1899,11,13.0,1899-11-01,-0.5000000000000004,0.8660254037844384,0.5434782608695652,16.23333333333341,20.48333333333333
1899,12,17.6,1899-12-01,-2.4492935982947064e-16,1.0,0.5434782608695652,17.43333333333341,20.191666666666666
1900,1,15.7,1900-01-01,0.4999999999999999,0.8660254037844387,0.5471014492753623,15.433333333333408,18.8
1900,2,22.8,1900-02-01,0.8660254037844386,0.5000000000000001,0.5471014492753623,18.700000000000077,19.425
1900,3,14.4,1900-03-01,1.0,6.123233995736766e-17,0.5471014492753623,17.633333333333407,18.099999999999998
1900,4,26.8,1900-04-01,0.8660254037844387,-0.4999999999999998,0.5471014492753623,21.33333333333341,18.366666666666667
1900,5,25.3,1900-05-01,0.4999999999999999,-0.8660254037844387,0.5471014492753623,22.166666666666742,19.400000000000002
1900,6,20.1,1900-06-01,1.2246467991473532e-16,-1.0,0.5471014492753623,24.066666666666745,18.233333333333334
1900,7,13.9,1900-07-01,-0.4999999999999997,-0.8660254037844388,0.5471014492753623,19.766666666666744,17.51666666666667
1900,8,7.1,1900-08-01,-0.8660254037844385,-0.5000000000000004,0.5471014492753623,13.700000000000074,17.7
1900,9,13.9,1900-09-01,-1.0,-1.8369701987210294e-16,0.5471014492753623,11.63333333333341,17.691666666666666
1900,10,21.6,1900-10-01,-0.8660254037844386,0.5000000000000001,0.5471014492753623,14.200000000000076,17.683333333333334
1900,11,7.5,1900-11-01,-0.5000000000000004,0.8660254037844384,0.5471014492753623,14.333333333333409,17.225
1900,12,0.5,1900-12-01,-2.4492935982947064e-16,1.0,0.5471014492753623,9.866666666666744,15.800000000000002
1901,1,0.4,1901-01-01,0.4999999999999999,0.8660254037844387,0.5507246376811594,2.8000000000000758,14.525
1901,2,4.0,1901-02-01,0.8660254037844386,0.5000000000000001,0.5507246376811594,1.6333333333334092,12.958333333333334
1901,3,7.4,1901-03-01,1.0,6.123233995736766e-17,0.5507246376811594,3.9333333333334095,12.375000000000002
1901,4,0.0,1901-04-01,0.8660254037844387,-0.4999999999999998,0.5507246376811594,3.8000000000000758,10.141666666666667
1901,5,17.0,1901-05-01,0.4999999999999999,-0.8660254037844387,0.5507246376811594,8.13333333333341,9.450000000000001
1901,6,9.7,1901-06-01,1.2246467991473532e-16,-1.0,0.5507246376811594,8.900000000000075,8.583333333333334
1901,7,1.2,1901-07-01,-0.4999999999999997,-0.8660254037844388,0.5507246376811594,9.300000000000074,7.525000000000001
1901,8,1.7,1901-08-01,-0.8660254037844385,-0.5000000000000004,0.5507246376811594,4.200000000000075,7.075
1901,9,0.9,1901-09-01,-1.0,-1.8369701987210294e-16,0.5507246376811594,1.2666666666667412,5.991666666666667
1901,10,6.3,1901-10-01,-0.8660254037844386,0.5000000000000001,0.5507246376811594,2.966666666666741,4.716666666666667
1901,11,6.4,1901-11-01,-0.5000000000000004,0.8660254037844384,0.5507246376811594,4.533333333333409,4.625
1901,12,0.0,1901-12-01,-2.4492935982947064e-16,1.0,0.5507246376811594,4.233333333333408,4.583333333333333
1902,1,9.3,1902-01-01,0.4999999999999999,0.8660254037844387,0.5543478260869565,5.233333333333408,5.325
1902,2,0.0,1902-02-01,0.8660254037844386,0.5000000000000001,0.5543478260869565,3.1000000000000743,4.991666666666667
1902,3,20.7,1902-03-01,1.0,6.123233995736766e-17,0.5543478260869565,10.000000000000073,6.099999999999999
1902,4,0.0,1902-04-01,0.8660254037844387,-0.4999999999999998,0.5543478260869565,6.900000000000074,6.099999999999999
1902,5,4.7,1902-05-01,0.4999999999999999,-0.8660254037844387,0.5543478260869565,8.466666666666741,5.075
1902,6,2.4,1902-06-01,1.2246467991473532e-16,-1.0,0.5543478260869565,2.3666666666667413,4.466666666666667
1902,7,1.5,1902-07-01,-0.4999999999999997,-0.8660254037844388,0.5543478260869565,2.8666666666667413,4.491666666666666
1902,8,3.8,1902-08-01,-0.8660254037844385,-0.5000000000000004,0.5543478260869565,2.566666666666741,4.666666666666667
1902,9,12.6,1902-09-01,-1.0,-1.8369701987210294e-16,0.5543478260869565,5.9666666666667405,5.641666666666667
1902,10,27.2,1902-10-01,-0.8660254037844386,0.5000000000000001,0.5543478260869565,14.533333333333408,7.383333333333333
1902,11,17.2,1902-11-01,-0.5000000000000004,0.8660254037844384,0.5543478260869565,19.000000000000075,8.283333333333333
1902,12,1.8,1902-12-01,-2.4492935982947064e-16,1.0,0.5543478260869565,15.400000000000075,8.433333333333334
1903,1,13.9,1903-01-01,0.4999999999999999,0.8660254037844387,0.5579710144927537,10.966666666666741,8.816666666666666
1903,2,28.4,1903-02-01,0.8660254037844386,0.5000000000000001,0.5579710144927537,14.700000000000074,11.183333333333332
1903,3,22.5,1903-03-01,1.0,6.123233995736766e-17,0.5579710144927537,21.600000000000076,11.333333333333334
1903,4,43.5,1903-04-01,0.8660254037844387,-0.4999999999999998,0.5579710144927537,31.46666666666674,14.958333333333334
1903,5,24.3,1903-05-01,0.4999999999999999,-0.8660254037844387,0.5579710144927537,30.100000000000076,16.591666666666665
1903,6,27.2,1903-06-01,1.2246467991473532e-16,-1.0,0.5579710144927537,31.66666666666674,18.658333333333335
1903,7,46.4,1903-07-01,-0.4999999999999997,-0.8660254037844388,0.5579710144927537,32.633333333333404,22.400000000000002
1903,8,48.0,1903-08-01,-0.8660254037844385,-0.5000000000000004,0.5579710144927537,40.53333333333341,26.083333333333332
1903,9,18.5,1903-09-01,-1.0,-1.8369701987210294e-16,0.5579710144927537,37.633333333333404,26.575
1903,10,64.8,1903-10-01,-0.8660254037844386,0.5000000000000001,0.5579710144927537,43.766666666666744,29.708333333333332
1903,11,74.2,1903-11-01,-0.5000000000000004,0.8660254037844384,0.5579710144927537,52.50000000000008,34.458333333333336
1903,12,76.2,1903-12-01,-2.4492935982947064e-16,1.0,0.5579710144927537,71.7333333333334,40.65833333333333
1904,1,52.6,1904-01-01,0.4999999999999999,0.8660254037844387,0.5615942028985508,67.66666666666674,43.88333333333333
1904,2,40.8,1904-02-01,0.8660254037844386,0.5000000000000001,0.5615942028985508,56.53333333333341,44.916666666666664
1904,3,61.9,1904-03-01,1.0,6.123233995736766e-17,0.5615942028985508,51.76666666666674,48.199999999999996
1904,4,71.6,1904-04-01,0.8660254037844387,-0.4999999999999998,0.5615942028985508,58.10000000000007,50.541666666666664
1904,5,65.7,1904-05-01,0.4999999999999999,-0.8660254037844387,0.5615942028985508,66.40000000000008,53.99166666666667
1904,6,69.8,1904-06-01,1.2246467991473532e-16,-1.0,0.5615942028985508,69.0333333333334,57.541666666666664
1904,7,84.3,1904-07-01,-0.4999999999999997,-0.8660254037844388,0.5615942028985508,73.26666666666675,60.699999999999996
1904,8,97.1,1904-08-01,-0.8660254037844385,-0.5000000000000004,0.5615942028985508,83.7333333333334,64.79166666666667
1904,9,50.2,1904-09-01,-1.0,-1.8369701987210294e-16,0.5615942028985508,77.20000000000006,67.43333333333334
1904,10,90.4,1904-10-01,-0.8660254037844386,0.5000000000000001,0.5615942028985508,79.2333333333334,69.56666666666668
1904,11,63.4,1904-11-01,-0.5000000000000004,0.8660254037844384,0.5615942028985508,68.00000000000007,68.66666666666667
1904,12,91.1,1904-12-01,-2.4492935982947064e-16,1.0,0.5615942028985508,81.63333333333341,69.90833333333333
1905,1,91.2,1905-01-01,0.4999999999999999,0.8660254037844387,0.5652173913043478,81.90000000000008,73.125
1905,2,143.0,1905-02-01,0.8660254037844386,0.5000000000000001,0.5652173913043478,108.4333333333334,81.64166666666667
1905,3,94.3,1905-03-01,1.0,6.123233995736766e-17,0.5652173913043478,109.50000000000007,84.34166666666667
1905,4,65.5,1905-04-01,0.8660254037844387,-0.4999999999999998,0.5652173913043478,100.93333333333341,83.83333333333333
1905,5,79.9,1905-05-01,0.4999999999999999,-0.8660254037844387,0.5652173913043478,79.90000000000008,85.01666666666667
1905,6,81.6,1905-06-01,1.2246467991473532e-16,-1.0,0.5652173913043478,75.66666666666674,86.0
1905,7,121.6,1905-07-01,-0.4999999999999997,-0.8660254037844388,0.5652173913043478,94.36666666666673,89.10833333333333
1905,8,98.1,1905-08-01,-0.8660254037844385,-0.5000000000000004,0.5652173913043478,100.43333333333341,89.19166666666666
1905,9,91.8,1905-09-01,-1.0,-1.8369701987210294e-16,0.5652173913043478,103.83333333333341,92.65833333333332
1905,10,131.2,1905-10-01,-0.8660254037844386,0.5000000000000001,0.5652173913043478,107.03333333333342,96.05833333333334
1905,11,178.7,1905-11-01,-0.5000000000000004,0.8660254037844384,0.5652173913043478,133.90000000000006,105.66666666666667
1905,12,92.5,1905-12-01,-2.4492935982947064e-16,1.0,0.5652173913043478,134.1333333333334,105.78333333333332
1906,1,75.8,1906-01-01,0.4999999999999999,0.8660254037844387,0.5688405797101449,115.66666666666673,104.5
1906,2,52.3,1906-02-01,0.8660254037844386,0.5000000000000001,0.5688405797101449,73.5333333333334,96.94166666666666
1906,3,107.4,1906-03-01,1.0,6.123233995736766e-17,0.5688405797101449,78.50000000000007,98.03333333333332
1906,4,92.2,1906-04-01,0.8660254037844387,-0.4999999999999998,0.5688405797101449,83.96666666666674,100.25833333333333
1906,5,96.2,1906-05-01,0.4999999999999999,-0.8660254037844387,0.5688405797101449,98.60000000000008,101.61666666666666
1906,6,105.3,1906-06-01,1.2246467991473532e-16,-1.0,0.5688405797101449,97.90000000000008,103.59166666666665
1906,7,172.7,1906-07-01,-0.4999999999999997,-0.8660254037844388,0.5688405797101449,124.7333333333334,107.85000000000001
1906,8,79.6,1906-08-01,-0.8660254037844385,-0.5000000000000004,0.5688405797101449,119.20000000000009,106.30833333333332
1906,9,93.5,1906-09-01,-1.0,-1.8369701987210294e-16,0.5688405797101449,115.26666666666672,106.44999999999999
1906,10,29.7,1906-10-01,-0.8660254037844386,0.5000000000000001,0.5688405797101449,67.60000000000007,97.99166666666666
1906,11,64.8,1906-11-01,-0.5000000000000004,0.8660254037844384,0.5688405797101449,62.66666666666674,88.5
1906,12,108.0,1906-12-01,-2.4492935982947064e-16,1.0,0.5688405797101449,67.50000000000007,89.79166666666667
1907,1,127.4,1907-01-01,0.4999999999999999,0.8660254037844387,0.572463768115942,100.06666666666676,94.09166666666665
1907,2,180.3,1907-02-01,0.8660254037844386,0.5000000000000001,0.572463768115942,138.56666666666675,104.75833333333334
1907,3,101.1,1907-03-01,1.0,6.123233995736766e-17,0.572463768115942,136.26666666666674,104.23333333333333
1907,4,87.6,1907-04-01,0.8660254037844387,-0.4999999999999998,0.572463768115942,123.00000000000007,103.84999999999998
1907,5,71.4,1907-05-01,0.4999999999999999,-0.8660254037844387,0.572463768115942,86.70000000000009,101.78333333333335
1907,6,67.2,1907-06-01,1.2246467991473532e-16,-1.0,0.572463768115942,75.40000000000008,98.60833333333333
1907,7,82.9,1907-07-01,-0.4999999999999997,-0.8660254037844388,0.572463768115942,73.83333333333341,91.125
1907,8,90.5,1907-08-01,-0.8660254037844385,-0.5000000000000004,0.572463768115942,80.20000000000009,92.03333333333335
1907,9,141.7,1907-09-01,-1.0,-1.8369701987210294e-16,0.572463768115942,105.03333333333342,96.05
1907,10,109.1,1907-10-01,-0.8660254037844386,0.5000000000000001,0.572463768115942,113.76666666666672,102.66666666666667
1907,11,102.5,1907-11-01,-0.5000000000000004,0.8660254037844384,0.572463768115942,117.76666666666672,105.80833333333334
1907,12,78.9,1907-12-01,-2.4492935982947064e-16,1.0,0.572463768115942,96.83333333333341,103.38333333333333
1908,1,65.4,1908-01-01,0.4999999999999999,0.8660254037844387,0.5760869565217391,82.26666666666675,98.21666666666665
1908,2,56.6,1908-02-01,0.8660254037844386,0.5000000000000001,0.5760869565217391,66.96666666666674,87.90833333333332
1908,3,47.9,1908-03-01,1.0,6.123233995736766e-17,0.5760869565217391,56.63333333333341,83.47500000000001
1908,4,96.1,1908-04-01,0.8660254037844387,-0.4999999999999998,0.5760869565217391,66.86666666666675,84.18333333333334
1908,5,68.0,1908-05-01,0.4999999999999999,-0.8660254037844387,0.5760869565217391,70.66666666666674,83.89999999999999
1908,6,80.2,1908-06-01,1.2246467991473532e-16,-1.0,0.5760869565217391,81.43333333333341,84.98333333333333
1908,7,65.8,1908-07-01,-0.4999999999999997,-0.8660254037844388,0.5760869565217391,71.33333333333341,83.55833333333334
1908,8,150.9,1908-08-01,-0.8660254037844385,-0.5000000000000004,0.5760869565217391,98.96666666666674,88.59166666666665
1908,9,144.9,1908-09-01,-1.0,-1.8369701987210294e-16,0.5760869565217391,120.53333333333342,88.85833333333333
1908,10,53.9,1908-10-01,-0.8660254037844386,0.5000000000000001,0.5760869565217391,116.56666666666673,84.25833333333334
1908,11,75.9,1908-11-01,-0.5000000000000004,0.8660254037844384,0.5760869565217391,91.56666666666676,82.04166666666667
1908,12,65.9,1908-12-01,-2.4492935982947064e-16,1.0,0.5760869565217391,65.23333333333342,80.95833333333333
1909,1,94.6,1909-01-01,0.4999999999999999,0.8660254037844387,0.5797101449275363,78.80000000000008,83.39166666666667
1909,2,77.6,1909-02-01,0.8660254037844386,0.5000000000000001,0.5797101449275363,79.36666666666675,85.14166666666667
1909,3,110.5,1909-03-01,1.0,6.123233995736766e-17,0.5797101449275363,94.2333333333334,90.35833333333333
1909,4,53.7,1909-04-01,0.8660254037844387,-0.4999999999999998,0.5797101449275363,80.60000000000008,86.825
1909,5,60.0,1909-05-01,0.4999999999999999,-0.8660254037844387,0.5797101449275363,74.7333333333334,86.15833333333335
1909,6,37.8,1909-06-01,1.2246467991473532e-16,-1.0,0.5797101449275363,50.50000000000008,82.625
1909,7,59.6,1909-07-01,-0.4999999999999997,-0.8660254037844388,0.5797101449275363,52.46666666666675,82.10833333333333
1909,8,38.5,1909-08-01,-0.8660254037844385,-0.5000000000000004,0.5797101449275363,45.300000000000075,72.74166666666666
1909,9,64.7,1909-09-01,-1.0,-1.8369701987210294e-16,0.5797101449275363,54.266666666666744,66.05833333333334
1909,10,97.4,1909-10-01,-0.8660254037844386,0.5000000000000001,0.5797101449275363,66.86666666666675,69.68333333333334
1909,11,93.0,1909-11-01,-0.5000000000000004,0.8660254037844384,0.5797101449275363,85.03333333333342,71.10833333333333
1909,12,90.2,1909-12-01,-2.4492935982947064e-16,1.0,0.5797101449275363,93.53333333333342,73.13333333333334
1910,1,44.0,1910-01-01,0.4999999999999999,0.8660254037844387,0.5833333333333334,75.7333333333334,68.91666666666667
1910,2,52.5,1910-02-01,0.8660254037844386,0.5000000000000001,0.5833333333333334,62.233333333333405,66.825
1910,3,35.7,1910-03-01,1.0,6.123233995736766e-17,0.5833333333333334,44.06666666666674,60.59166666666667
1910,4,14.1,1910-04-01,0.8660254037844387,-0.4999999999999998,0.5833333333333334,34.10000000000007,57.291666666666664
1910,5,36.9,1910-05-01,0.4999999999999999,-0.8660254037844387,0.5833333333333334,28.900000000000073,55.36666666666667
1910,6,20.5,1910-06-01,1.2246467991473532e-16,-1.0,0.5833333333333334,23.833333333333403,53.925000000000004
1910,7,23.5,1910-07-01,-0.4999999999999997,-0.8660254037844388,0.5833333333333334,26.966666666666736,50.916666666666664
1910,8,19.3,1910-08-01,-0.8660254037844385,-0.5000000000000004,0.5833333333333334,21.10000000000007,49.31666666666667
1910,9,43.7,1910-09-01,-1.0,-1.8369701987210294e-16,0.5833333333333334,28.833333333333403,47.56666666666666
1910,10,63.9,1910-10-01,-0.8660254037844386,0.5000000000000001,0.5833333333333334,42.30000000000007,44.775
1910,11,8.3,1910-11-01,-0.5000000000000004,0.8660254037844384,0.5833333333333334,38.633333333333404,37.71666666666667
1910,12,9.6,1910-12-01,-2.4492935982947064e-16,1.0,0.5833333333333334,27.266666666666737,31.0
1911,1,5.6,1911-01-01,0.4999999999999999,0.8660254037844387,0.5869565217391305,7.833333333333404,27.8
1911,2,15.0,1911-02-01,0.8660254037844386,0.5000000000000001,0.5869565217391305,10.066666666666737,24.675
1911,3,13.0,1911-03-01,1.0,6.123233995736766e-17,0.5869565217391305,11.200000000000072,22.78333333333333
1911,4,27.6,1911-04-01,0.8660254037844387,-0.4999999999999998,0.5869565217391305,18.533333333333406,23.90833333333333
1911,5,15.1,1911-05-01,0.4999999999999999,-0.8660254037844387,0.5869565217391305,18.566666666666737,22.09166666666667
1911,6,3.7,1911-06-01,1.2246467991473532e-16,-1.0,0.5869565217391305,15.466666666666738,20.691666666666666
1911,7,5.9,1911-07-01,-0.4999999999999997,-0.8660254037844388,0.5869565217391305,8.233333333333404,19.224999999999998
1911,8,6.7,1911-08-01,-0.8660254037844385,-0.5000000000000004,0.5869565217391305,5.433333333333405,18.175
1911,9,6.7,1911-09-01,-1.0,-1.8369701987210294e-16,0.5869565217391305,6.433333333333405,15.091666666666667
1911,10,4.5,1911-10-01,-0.8660254037844386,0.5000000000000001,0.5869565217391305,5.966666666666737,10.141666666666666
1911,11,7.0,1911-11-01,-0.5000000000000004,0.8660254037844384,0.5869565217391305,6.0666666666667375,10.033333333333333
1911,12,3.7,1911-12-01,-2.4492935982947064e-16,1.0,0.5869565217391305,5.066666666666738,9.541666666666666
1912,1,0.4,1912-01-01,0.4999999999999999,0.8660254037844387,0.5905797101449275,3.700000000000071,9.108333333333334
1912,2,0.0,1912-02-01,0.8660254037844386,0.5000000000000001,0.5905797101449275,1.366666666666738,7.858333333333334
1912,3,8.2,1912-03-01,1.0,6.123233995736766e-17,0.5905797101449275,2.8666666666667378,7.458333333333335
1912,4,7.6,1912-04-01,0.8660254037844387,-0.4999999999999998,0.5905797101449275,5.266666666666738,5.791666666666667
1912,5,7.4,1912-05-01,0.4999999999999999,-0.8660254037844387,0.5905797101449275,7.7333333333334044,5.1499999999999995
1912,6,6.9,1912-06-01,1.2246467991473532e-16,-1.0,0.5905797101449275,7.300000000000071,5.416666666666667
1912,7,4.9,1912-07-01,-0.4999999999999997,-0.8660254037844388,0.5905797101449275,6.400000000000072,5.333333333333333
1912,8,0.5,1912-08-01,-0.8660254037844385,-0.5000000000000004,0.5905797101449275,4.100000000000072,4.816666666666667
1912,9,15.9,1912-09-01,-1.0,-1.8369701987210294e-16,0.5905797101449275,7.100000000000072,5.583333333333333
1912,10,7.6,1912-10-01,-0.8660254037844386,0.5000000000000001,0.5905797101449275,8.000000000000071,5.841666666666666
1912,11,1.9,1912-11-01,-0.5000000000000004,0.8660254037844384,0.5905797101449275,8.466666666666738,5.416666666666667
1912,12,10.6,1912-12-01,-2.4492935982947064e-16,1.0,0.5905797101449275,6.700000000000071,5.991666666666666
1913,1,3.8,1913-01-01,0.4999999999999999,0.8660254037844387,0.5942028985507246,5.433333333333405,6.275000000000001
1913,2,4.8,1913-02-01,0.8660254037844386,0.5000000000000001,0.5942028985507246,6.4000000000000705,6.675000000000001
1913,3,0.8,1913-03-01,1.0,6.123233995736766e-17,0.5942028985507246,3.1333333333334044,6.058333333333334
1913,4,1.6,1913-04-01,0.8660254037844387,-0.4999999999999998,0.5942028985507246,2.400000000000071,5.558333333333333
1913,5,0.0,1913-05-01,0.4999999999999999,-0.8660254037844387,0.5942028985507246,0.8000000000000712,4.941666666666667
1913,6,0.0,1913-06-01,1.2246467991473532e-16,-1.0,0.5942028985507246,0.5333333333334044,4.366666666666667
1913,7,2.9,1913-07-01,-0.4999999999999997,-0.8660254037844388,0.5942028985507246,0.9666666666667377,4.2
1913,8,0.4,1913-08-01,-0.8660254037844385,-0.5000000000000004,0.5942028985507246,1.100000000000071,4.191666666666666
1913,9,2.0,1913-09-01,-1.0,-1.8369701987210294e-16,0.5942028985507246,1.7666666666667377,3.033333333333333
1913,10,5.2,1913-10-01,-0.8660254037844386,0.5000000000000001,0.5942028985507246,2.5333333333334043,2.8333333333333335
1913,11,1.2,1913-11-01,-0.5000000000000004,0.8660254037844384,0.5942028985507246,2.8000000000000713,2.775
1913,12,6.3,1913-12-01,-2.4492935982947064e-16,1.0,0.5942028985507246,4.2333333333334044,2.4166666666666665
1914,1,4.7,1914-01-01,0.4999999999999999,0.8660254037844387,0.5978260869565217,4.066666666666738,2.4916666666666667
1914,2,4.4,1914-02-01,0.8660254037844386,0.5000000000000001,0.5978260869565217,5.133333333333405,2.4583333333333335
1914,3,5.3,1914-03-01,1.0,6.123233995736766e-17,0.5978260869565217,4.800000000000072,2.8333333333333335
1914,4,28.9,1914-04-01,0.8660254037844387,-0.4999999999999998,0.5978260869565217,12.866666666666738,5.108333333333333
1914,5,8.7,1914-05-01,0.4999999999999999,-0.8660254037844387,0.5978260869565217,14.300000000000074,5.833333333333333
1914,6,19.1,1914-06-01,1.2246467991473532e-16,-1.0,0.5978260869565217,18.900000000000073,7.425
1914,7,9.1,1914-07-01,-0.4999999999999997,-0.8660254037844388,0.5978260869565217,12.30000000000007,7.941666666666667
1914,8,12.9,1914-08-01,-0.8660254037844385,-0.5000000000000004,0.5978260869565217,13.700000000000072,8.983333333333333
1914,9,21.2,1914-09-01,-1.0,-1.8369701987210294e-16,0.5978260869565217,14.400000000000071,10.583333333333334
1914,10,13.7,1914-10-01,-0.8660254037844386,0.5000000000000001,0.5978260869565217,15.933333333333403,11.291666666666666
1914,11,27.3,1914-11-01,-0.5000000000000004,0.8660254037844384,0.5978260869565217,20.733333333333405,13.466666666666669
1914,12,37.3,1914-12-01,-2.4492935982947064e-16,1.0,0.5978260869565217,26.10000000000007,16.05
1915,1,38.5,1915-01-01,0.4999999999999999,0.8660254037844387,0.6014492753623188,34.36666666666674,18.866666666666667
1915,2,70.4,1915-02-01,0.8660254037844386,0.5000000000000001,0.6014492753623188,48.733333333333405,24.366666666666664
1915,3,64.8,1915-03-01,1.0,6.123233995736766e-17,0.6014492753623188,57.90000000000007,29.325
1915,4,68.9,1915-04-01,0.8660254037844387,-0.4999999999999998,0.6014492753623188,68.0333333333334,32.65833333333334
1915,5,55.1,1915-05-01,0.4999999999999999,-0.8660254037844387,0.6014492753623188,62.9333333333334,36.525
1915,6,114.7,1915-06-01,1.2246467991473532e-16,-1.0,0.6014492753623188,79.56666666666673,44.49166666666667
1915,7,119.4,1915-07-01,-0.4999999999999997,-0.8660254037844388,0.6014492753623188,96.40000000000008,53.68333333333334
1915,8,116.0,1915-08-01,-0.8660254037844385,-0.5000000000000004,0.6014492753623188,116.70000000000009,62.275
1915,9,82.4,1915-09-01,-1.0,-1.8369701987210294e-16,0.6014492753623188,105.93333333333341,67.375
1915,10,89.1,1915-10-01,-0.8660254037844386,0.5000000000000001,0.6014492753623188,95.83333333333341,73.65833333333335
1915,11,70.9,1915-11-01,-0.5000000000000004,0.8660254037844384,0.6014492753623188,80.80000000000007,77.29166666666667
1915,12,57.5,1915-12-01,-2.4492935982947064e-16,1.0,0.6014492753623188,72.50000000000007,78.97500000000001
1916,1,75.5,1916-01-01,0.4999999999999999,0.8660254037844387,0.605072463768116,67.96666666666674,82.05833333333334
1916,2,92.4,1916-02-01,0.8660254037844386,0.5000000000000001,0.605072463768116,75.1333333333334,83.89166666666667
1916,3,111.7,1916-03-01,1.0,6.123233995736766e-17,0.605072463768116,93.20000000000009,87.8
1916,4,119.8,1916-04-01,0.8660254037844387,-0.4999999999999998,0.605072463768116,107.96666666666674,92.04166666666667
1916,5,124.0,1916-05-01,0.4999999999999999,-0.8660254037844387,0.605072463768116,118.50000000000007,97.78333333333335
1916,6,112.9,1916-06-01,1.2246467991473532e-16,-1.0,0.605072463768116,118.90000000000008,97.63333333333334
1916,7,89.3,1916-07-01,-0.4999999999999997,-0.8660254037844388,0.605072463768116,108.7333333333334,95.125
1916,8,58.6,1916-08-01,-0.8660254037844385,-0.5000000000000004,0.605072463768116,86.93333333333341,90.34166666666665
1916,9,75.1,1916-09-01,-1.0,-1.8369701987210294e-16,0.605072463768116,74.3333333333334,89.73333333333333
1916,10,84.5,1916-10-01,-0.8660254037844386,0.5000000000000001,0.605072463768116,72.7333333333334,89.35000000000001
1916,11,109.5,1916-11-01,-0.5000000000000004,0.8660254037844384,0.605072463768116,89.70000000000006,92.56666666666666
1916,12,88.3,1916-12-01,-2.4492935982947064e-16,1.0,0.605072463768116,94.10000000000007,95.13333333333333
1917,1,124.5,1917-01-01,0.4999999999999999,0.8660254037844387,0.6086956521739131,107.4333333333334,99.21666666666665
1917,2,119.9,1917-02-01,0.8660254037844386,0.5000000000000001,0.6086956521739131,110.90000000000008,101.50833333333333
1917,3,158.0,1917-03-01,1.0,6.123233995736766e-17,0.6086956521739131,134.1333333333334,105.36666666666667
1917,4,124.6,1917-04-01,0.8660254037844387,-0.4999999999999998,0.6086956521739131,134.16666666666674,105.76666666666665
1917,5,190.2,1917-05-01,0.4999999999999999,-0.8660254037844387,0.6086956521739131,157.60000000000005,111.28333333333332
1917,6,191.4,1917-06-01,1.2246467991473532e-16,-1.0,0.6086956521739131,168.7333333333334,117.825
1917,7,199.7,1917-07-01,-0.4999999999999997,-0.8660254037844388,0.6086956521739131,193.76666666666674,127.02500000000002
1917,8,257.7,1917-08-01,-0.8660254037844385,-0.5000000000000004,0.6086956521739131,216.26666666666674,143.61666666666665
1917,9,215.6,1917-09-01,-1.0,-1.8369701987210294e-16,0.6086956521739131,224.3333333333334,155.32500000000002
1917,10,120.3,1917-10-01,-0.8660254037844386,0.5000000000000001,0.6086956521739131,197.86666666666676,158.30833333333334
1917,11,160.7,1917-11-01,-0.5000000000000004,0.8660254037844384,0.6086956521739131,165.5333333333334,162.57500000000002
1917,12,215.5,1917-12-01,-2.4492935982947064e-16,1.0,0.6086956521739131,165.50000000000009,173.17499999999998
1918,1,160.0,1918-01-01,0.4999999999999999,0.8660254037844387,0.6123188405797102,178.73333333333343,176.13333333333333
1918,2,108.7,1918-02-01,0.8660254037844386,0.5000000000000001,0.6123188405797102,161.40000000000006,175.20000000000002
1918,3,120.4,1918-03-01,1.0,6.123233995736766e-17,0.6123188405797102,129.70000000000007,172.06666666666663
1918,4,134.1,1918-04-01,0.8660254037844387,-0.4999999999999998,0.6123188405797102,121.06666666666673,172.85833333333335
1918,5,127.9,1918-05-01,0.4999999999999999,-0.8660254037844387,0.6123188405797102,127.46666666666674,167.66666666666666
1918,6,99.0,1918-06-01,1.2246467991473532e-16,-1.0,0.6123188405797102,120.33333333333341,159.96666666666667
1918,7,179.5,1918-07-01,-0.4999999999999997,-0.8660254037844388,0.6123188405797102,135.46666666666673,158.28333333333333
1918,8,169.6,1918-08-01,-0.8660254037844385,-0.5000000000000004,0.6123188405797102,149.36666666666676,150.94166666666666
1918,9,133.2,1918-09-01,-1.0,-1.8369701987210294e-16,0.6123188405797102,160.76666666666674,144.075
1918,10,141.7,1918-10-01,-0.8660254037844386,0.5000000000000001,0.6123188405797102,148.1666666666667,145.85833333333332
1918,11,139.0,1918-11-01,-0.5000000000000004,0.8660254037844384,0.6123188405797102,137.96666666666673,144.04999999999998
1918,12,98.5,1918-12-01,-2.4492935982947064e-16,1.0,0.6123188405797102,126.40000000000008,134.29999999999998
1919,1,80.2,1919-01-01,0.4999999999999999,0.8660254037844387,0.6159420289855072,105.90000000000008,127.64999999999999
1919,2,132.5,1919-02-01,0.8660254037844386,0.5000000000000001,0.6159420289855072,103.7333333333334,129.63333333333333
1919,3,110.9,1919-03-01,1.0,6.123233995736766e-17,0.6159420289855072,107.86666666666675,128.84166666666667
1919,4,86.3,1919-04-01,0.8660254037844387,-0.4999999999999998,0.6159420289855072,109.90000000000008,124.85833333333333
1919,5,146.9,1919-05-01,0.4999999999999999,-0.8660254037844387,0.6159420289855072,114.70000000000009,126.44166666666666
1919,6,185.3,1919-06-01,1.2246467991473532e-16,-1.0,0.6159420289855072,139.50000000000009,133.63333333333333
1919,7,107.8,1919-07-01,-0.4999999999999997,-0.8660254037844388,0.6159420289855072,146.66666666666674,127.65833333333332
1919,8,115.1,1919-08-01,-0.8660254037844385,-0.5000000000000004,0.6159420289855072,136.06666666666675,123.11666666666667
1919,9,91.1,1919-09-01,-1.0,-1.8369701987210294e-16,0.6159420289855072,104.66666666666674,119.60833333333333
1919,10,88.0,1919-10-01,-0.8660254037844386,0.5000000000000001,0.6159420289855072,98.06666666666673,115.13333333333333
1919,11,69.9,1919-11-01,-0.5000000000000004,0.8660254037844384,0.6159420289855072,83.0000000000001,109.375
1919,12,58.0,1919-12-01,-2.4492935982947064e-16,1.0,0.6159420289855072,71.96666666666675,106.0
1920,1,85.3,1920-01-01,0.4999999999999999,0.8660254037844387,0.6195652173913043,71.06666666666676,106.425
1920,2,89.8,1920-02-01,0.8660254037844386,0.5000000000000001,0.6195652173913043,77.70000000000009,102.86666666666666
1920,3,116.9,1920-03-01,1.0,6.123233995736766e-17,0.6195652173913043,97.33333333333341,103.36666666666667
1920,4,24.7,1920-04-01,0.8660254037844387,-0.4999999999999998,0.6195652173913043,77.13333333333341,98.23333333333335
1920,5,55.4,1920-05-01,0.4999999999999999,-0.8660254037844387,0.6195652173913043,65.66666666666676,90.60833333333333
1920,6,64.6,1920-06-01,1.2246467991473532e-16,-1.0,0.6195652173913043,48.23333333333341,80.55
1920,7,45.7,1920-07-01,-0.4999999999999997,-0.8660254037844388,0.6195652173913043,55.23333333333341,75.375
1920,8,31.9,1920-08-01,-0.8660254037844385,-0.5000000000000004,0.6195652173913043,47.400000000000084,68.44166666666666
1920,9,60.5,1920-09-01,-1.0,-1.8369701987210294e-16,0.6195652173913043,46.03333333333342,65.89166666666667
1920,10,82.7,1920-10-01,-0.8660254037844386,0.5000000000000001,0.6195652173913043,58.36666666666675,65.45
1920,11,45.3,1920-11-01,-0.5000000000000004,0.8660254037844384,0.6195652173913043,62.83333333333342,63.4
1920,12,49.8,1920-12-01,-2.4492935982947064e-16,1.0,0.6195652173913043,59.266666666666744,62.71666666666666
1921,1,52.5,1921-01-01,0.4999999999999999,0.8660254037844387,0.6231884057971014,49.20000000000008,59.98333333333333
1921,2,47.1,1921-02-01,0.8660254037844386,0.5000000000000001,0.6231884057971014,49.80000000000009,56.425000000000004
1921,3,44.5,1921-03-01,1.0,6.123233995736766e-17,0.6231884057971014,48.033333333333424,50.39166666666666
1921,4,54.0,1921-04-01,0.8660254037844387,-0.4999999999999998,0.6231884057971014,48.533333333333424,52.833333333333336
1921,5,37.0,1921-05-01,0.4999999999999999,-0.8660254037844387,0.6231884057971014,45.166666666666764,51.300000000000004
1921,6,56.2,1921-06-01,1.2246467991473532e-16,-1.0,0.6231884057971014,49.066666666666755,50.6
1921,7,69.7,1921-07-01,-0.4999999999999997,-0.8660254037844388,0.6231884057971014,54.3000000000001,52.599999999999994
1921,8,38.0,1921-08-01,-0.8660254037844385,-0.5000000000000004,0.6231884057971014,54.63333333333343,53.10833333333333
1921,9,29.6,1921-09-01,-1.0,-1.8369701987210294e-16,0.6231884057971014,45.76666666666676,50.53333333333333
1921,10,30.3,1921-10-01,-0.8660254037844386,0.5000000000000001,0.6231884057971014,32.63333333333343,46.166666666666664
1921,11,29.6,1921-11-01,-0.5000000000000004,0.8660254037844384,0.6231884057971014,29.833333333333428,44.85833333333333
1921,12,33.9,1921-12-01,-2.4492935982947064e-16,1.0,0.6231884057971014,31.266666666666765,43.53333333333334
1922,1,19.7,1922-01-01,0.4999999999999999,0.8660254037844387,0.6268115942028986,27.73333333333343,40.800000000000004
1922,2,43.9,1922-02-01,0.8660254037844386,0.5000000000000001,0.6268115942028986,32.50000000000009,40.53333333333333
1922,3,91.3,1922-03-01,1.0,6.123233995736766e-17,0.6268115942028986,51.63333333333343,44.43333333333334
1922,4,18.3,1922-04-01,0.8660254037844387,-0.4999999999999998,0.6268115942028986,51.16666666666677,41.458333333333336
1922,5,13.4,1922-05-01,0.4999999999999999,-0.8660254037844387,0.6268115942028986,41.0000000000001,39.49166666666667
1922,6,9.8,1922-06-01,1.2246467991473532e-16,-1.0,0.6268115942028986,13.833333333333433,35.625
1922,7,18.3,1922-07-01,-0.4999999999999997,-0.8660254037844388,0.6268115942028986,13.833333333333433,31.341666666666665
1922,8,10.9,1922-08-01,-0.8660254037844385,-0.5000000000000004,0.6268115942028986,13.000000000000101,29.08333333333334
1922,9,7.8,1922-09-01,-1.0,-1.8369701987210294e-16,0.6268115942028986,12.333333333333433,27.266666666666666
1922,10,10.4,1922-10-01,-0.8660254037844386,0.5000000000000001,0.6268115942028986,9.7000000000001,25.608333333333334
1922,11,12.2,1922-11-01,-0.5000000000000004,0.8660254037844384,0.6268115942028986,10.133333333333434,24.15833333333333
1922,12,29.0,1922-12-01,-2.4492935982947064e-16,1.0,0.6268115942028986,17.200000000000102,23.75
1923,1,7.5,1923-01-01,0.4999999999999999,0.8660254037844387,0.6304347826086957,16.233333333333434,22.733333333333334
1923,2,2.5,1923-02-01,0.8660254037844386,0.5000000000000001,0.6304347826086957,13.0000000000001,19.283333333333335
1923,3,5.5,1923-03-01,1.0,6.123233995736766e-17,0.6304347826086957,5.166666666666767,12.133333333333335
1923,4,10.2,1923-04-01,0.8660254037844387,-0.4999999999999998,0.6304347826086957,6.066666666666767,11.458333333333334
1923,5,5.3,1923-05-01,0.4999999999999999,-0.8660254037844387,0.6304347826086957,7.0000000000001,10.783333333333333
1923,6,15.3,1923-06-01,1.2246467991473532e-16,-1.0,0.6304347826086957,10.266666666666767,11.241666666666667
1923,7,5.9,1923-07-01,-0.4999999999999997,-0.8660254037844388,0.6304347826086957,8.833333333333435,10.208333333333334
1923,8,0.8,1923-08-01,-0.8660254037844385,-0.5000000000000004,0.6304347826086957,7.333333333333434,9.366666666666667
1923,9,22.1,1923-09-01,-1.0,-1.8369701987210294e-16,0.6304347826086957,9.600000000000101,10.558333333333334
1923,10,19.5,1923-10-01,-0.8660254037844386,0.5000000000000001,0.6304347826086957,14.133333333333434,11.316666666666668
1923,11,16.7,1923-11-01,-0.5000000000000004,0.8660254037844384,0.6304347826086957,19.433333333333433,11.691666666666668
1923,12,4.6,1923-12-01,-2.4492935982947064e-16,1.0,0.6304347826086957,13.600000000000101,9.658333333333333
1924,1,0.8,1924-01-01,0.4999999999999999,0.8660254037844387,0.6340579710144928,7.366666666666767,9.1
1924,2,8.5,1924-02-01,0.8660254037844386,0.5000000000000001,0.6340579710144928,4.633333333333434,9.6
1924,3,3.0,1924-03-01,1.0,6.123233995736766e-17,0.6340579710144928,4.100000000000101,9.391666666666667
1924,4,18.9,1924-04-01,0.8660254037844387,-0.4999999999999998,0.6340579710144928,10.133333333333434,10.116666666666665
1924,5,34.6,1924-05-01,0.4999999999999999,-0.8660254037844387,0.6340579710144928,18.83333333333343,12.558333333333332
1924,6,40.0,1924-06-01,1.2246467991473532e-16,-1.0,0.6340579710144928,31.16666666666677,14.616666666666665
1924,7,46.9,1924-07-01,-0.4999999999999997,-0.8660254037844388,0.6340579710144928,40.5000000000001,18.033333333333335
1924,8,32.1,1924-08-01,-0.8660254037844385,-0.5000000000000004,0.6340579710144928,39.66666666666677,20.641666666666666
1924,9,41.9,1924-09-01,-1.0,-1.8369701987210294e-16,0.6340579710144928,40.300000000000104,22.291666666666668
1924,10,42.6,1924-10-01,-0.8660254037844386,0.5000000000000001,0.6340579710144928,38.86666666666677,24.21666666666667
1924,11,37.5,1924-11-01,-0.5000000000000004,0.8660254037844384,0.6340579710144928,40.66666666666677,25.950000000000003
1924,12,27.5,1924-12-01,-2.4492935982947064e-16,1.0,0.6340579710144928,35.86666666666677,27.858333333333334
1925,1,9.1,1925-01-01,0.4999999999999999,0.8660254037844387,0.6376811594202898,24.700000000000102,28.549999999999997
1925,2,38.6,1925-02-01,0.8660254037844386,0.5000000000000001,0.6376811594202898,25.066666666666766,31.058333333333334
1925,3,30.0,1925-03-01,1.0,6.123233995736766e-17,0.6376811594202898,25.9000000000001,33.30833333333333
1925,4,53.0,1925-04-01,0.8660254037844387,-0.4999999999999998,0.6376811594202898,40.53333333333344,36.15
1925,5,71.4,1925-05-01,0.4999999999999999,-0.8660254037844387,0.6376811594202898,51.466666666666775,39.21666666666667
1925,6,79.1,1925-06-01,1.2246467991473532e-16,-1.0,0.6376811594202898,67.83333333333343,42.475
1925,7,64.2,1925-07-01,-0.4999999999999997,-0.8660254037844388,0.6376811594202898,71.56666666666676,43.916666666666664
1925,8,63.3,1925-08-01,-0.8660254037844385,-0.5000000000000004,0.6376811594202898,68.86666666666677,46.51666666666667
1925,9,100.3,1925-09-01,-1.0,-1.8369701987210294e-16,0.6376811594202898,75.93333333333344,51.38333333333333
1925,10,115.3,1925-10-01,-0.8660254037844386,0.5000000000000001,0.6376811594202898,92.96666666666677,57.44166666666666
1925,11,97.6,1925-11-01,-0.5000000000000004,0.8660254037844384,0.6376811594202898,104.40000000000009,62.449999999999996
1925,12,164.4,1925-12-01,-2.4492935982947064e-16,1.0,0.6376811594202898,125.76666666666677,73.85833333333333
1926,1,119.7,1926-01-01,0.4999999999999999,0.8660254037844387,0.6413043478260869,127.23333333333345,83.075
1926,2,116.4,1926-02-01,0.8660254037844386,0.5000000000000001,0.6413043478260869,133.5000000000001,89.55833333333334
1926,3,104.2,1926-03-01,1.0,6.123233995736766e-17,0.6413043478260869,113.43333333333344,95.74166666666667
1926,4,64.2,1926-04-01,0.8660254037844387,-0.4999999999999998,0.6413043478260869,94.93333333333345,96.67500000000001
1926,5,107.0,1926-05-01,0.4999999999999999,-0.8660254037844387,0.6413043478260869,91.80000000000011,99.64166666666667
1926,6,122.4,1926-06-01,1.2246467991473532e-16,-1.0,0.6413043478260869,97.86666666666677,103.25
1926,7,87.2,1926-07-01,-0.4999999999999997,-0.8660254037844388,0.6413043478260869,105.53333333333346,105.16666666666667
1926,8,102.7,1926-08-01,-0.8660254037844385,-0.5000000000000004,0.6413043478260869,104.10000000000012,108.45
1926,9,101.4,1926-09-01,-1.0,-1.8369701987210294e-16,0.6413043478260869,97.1000000000001,108.54166666666669
1926,10,119.3,1926-10-01,-0.8660254037844386,0.5000000000000001,0.6413043478260869,107.80000000000011,108.875
1926,11,100.8,1926-11-01,-0.5000000000000004,0.8660254037844384,0.6413043478260869,107.16666666666679,109.14166666666667
1926,12,132.4,1926-12-01,-2.4492935982947064e-16,1.0,0.6413043478260869,117.5000000000001,106.47499999999998
1927,1,136.0,1927-01-01,0.4999999999999999,0.8660254037844387,0.644927536231884,123.06666666666676,107.83333333333333
1927,2,155.1,1927-02-01,0.8660254037844386,0.5000000000000001,0.644927536231884,141.16666666666677,111.05833333333334
1927,3,116.1,1927-03-01,1.0,6.123233995736766e-17,0.644927536231884,135.73333333333343,112.05
1927,4,155.8,1927-04-01,0.8660254037844387,-0.4999999999999998,0.644927536231884,142.33333333333346,119.68333333333332
1927,5,131.9,1927-05-01,0.4999999999999999,-0.8660254037844387,0.644927536231884,134.6000000000001,121.75833333333333
1927,6,98.5,1927-06-01,1.2246467991473532e-16,-1.0,0.644927536231884,128.73333333333343,119.76666666666667
1927,7,91.6,1927-07-01,-0.4999999999999997,-0.8660254037844388,0.644927536231884,107.33333333333344,120.13333333333333
1927,8,89.6,1927-08-01,-0.8660254037844385,-0.5000000000000004,0.644927536231884,93.23333333333342,119.04166666666667
1927,9,114.1,1927-09-01,-1.0,-1.8369701987210294e-16,0.644927536231884,98.43333333333344,120.09999999999998
1927,10,105.2,1927-10-01,-0.8660254037844386,0.5000000000000001,0.644927536231884,102.96666666666677,118.925
1927,11,112.1,1927-11-01,-0.5000000000000004,0.8660254037844384,0.644927536231884,110.46666666666677,119.86666666666666
1927,12,75.3,1927-12-01,-2.4492935982947064e-16,1.0,0.644927536231884,97.53333333333343,115.10833333333335
1928,1,139.2,1928-01-01,0.4999999999999999,0.8660254037844387,0.6485507246376812,108.86666666666677,115.375
1928,2,122.4,1928-02-01,0.8660254037844386,0.5000000000000001,0.6485507246376812,112.30000000000011,112.64999999999999
1928,3,142.4,1928-03-01,1.0,6.123233995736766e-17,0.6485507246376812,134.66666666666677,114.84166666666668
1928,4,134.3,1928-04-01,0.8660254037844387,-0.4999999999999998,0.6485507246376812,133.03333333333345,113.05000000000001
1928,5,128.3,1928-05-01,0.4999999999999999,-0.8660254037844387,0.6485507246376812,135.0000000000001,112.75
1928,6,152.4,1928-06-01,1.2246467991473532e-16,-1.0,0.6485507246376812,138.33333333333346,117.24166666666667
1928,7,163.4,1928-07-01,-0.4999999999999997,-0.8660254037844388,0.6485507246376812,148.03333333333345,123.22500000000001
1928,8,139.6,1928-08-01,-0.8660254037844385,-0.5000000000000004,0.6485507246376812,151.8000000000001,127.39166666666667
1928,9,149.6,1928-09-01,-1.0,-1.8369701987210294e-16,0.6485507246376812,150.86666666666676,130.35
1928,10,102.3,1928-10-01,-0.8660254037844386,0.5000000000000001,0.6485507246376812,130.50000000000009,130.10833333333332
1928,11,83.9,1928-11-01,-0.5000000000000004,0.8660254037844384,0.6485507246376812,111.93333333333344,127.75833333333334
1928,12,98.3,1928-12-01,-2.4492935982947064e-16,1.0,0.6485507246376812,94.83333333333344,129.67499999999998
1929,1,114.8,1929-01-01,0.4999999999999999,0.8660254037844387,0.6521739130434783,99.0000000000001,127.64166666666667
1929,2,104.7,1929-02-01,0.8660254037844386,0.5000000000000001,0.6521739130434783,105.93333333333344,126.16666666666667
1929,3,83.8,1929-03-01,1.0,6.123233995736766e-17,0.6521739130434783,101.1000000000001,121.28333333333332
1929,4,87.9,1929-04-01,0.8660254037844387,-0.4999999999999998,0.6521739130434783,92.13333333333344,117.41666666666667
1929,5,97.0,1929-05-01,0.4999999999999999,-0.8660254037844387,0.6521739130434783,89.56666666666678,114.80833333333334
1929,6,119.9,1929-06-01,1.2246467991473532e-16,-1.0,0.6521739130434783,101.6000000000001,112.10000000000001
1929,7,117.1,1929-07-01,-0.4999999999999997,-0.8660254037844388,0.6521739130434783,111.33333333333344,108.24166666666667
1929,8,109.6,1929-08-01,-0.8660254037844385,-0.5000000000000004,0.6521739130434783,115.53333333333343,105.74166666666666
1929,9,57.3,1929-09-01,-1.0,-1.8369701987210294e-16,0.6521739130434783,94.66666666666676,98.05
1929,10,90.1,1929-10-01,-0.8660254037844386,0.5000000000000001,0.6521739130434783,85.66666666666679,97.03333333333335
1929,11,135.1,1929-11-01,-0.5000000000000004,0.8660254037844384,0.6521739130434783,94.16666666666676,101.3
1929,12,179.9,1929-12-01,-2.4492935982947064e-16,1.0,0.6521739130434783,135.03333333333345,108.10000000000001
1930,1,108.8,1930-01-01,0.4999999999999999,0.8660254037844387,0.6557971014492754,141.2666666666668,107.60000000000001
1930,2,83.1,1930-02-01,0.8660254037844386,0.5000000000000001,0.6557971014492754,123.93333333333344,105.8
1930,3,58.4,1930-03-01,1.0,6.123233995736766e-17,0.6557971014492754,83.43333333333344,103.68333333333334
1930,4,63.7,1930-04-01,0.8660254037844387,-0.4999999999999998,0.6557971014492754,68.4000000000001,101.66666666666667
1930,5,61.4,1930-05-01,0.4999999999999999,-0.8660254037844387,0.6557971014492754,61.16666666666677,98.69999999999999
1930,6,48.0,1930-06-01,1.2246467991473532e-16,-1.0,0.6557971014492754,57.7000000000001,92.70833333333331
1930,7,36.5,1930-07-01,-0.4999999999999997,-0.8660254037844388,0.6557971014492754,48.63333333333344,85.99166666666666
1930,8,41.5,1930-08-01,-0.8660254037844385,-0.5000000000000004,0.6557971014492754,42.00000000000011,80.31666666666666
1930,9,53.5,1930-09-01,-1.0,-1.8369701987210294e-16,0.6557971014492754,43.833333333333435,80.0
1930,10,57.2,1930-10-01,-0.8660254037844386,0.5000000000000001,0.6557971014492754,50.73333333333344,77.25833333333333
1930,11,59.4,1930-11-01,-0.5000000000000004,0.8660254037844384,0.6557971014492754,56.7000000000001,70.95
1930,12,43.0,1930-12-01,-2.4492935982947064e-16,1.0,0.6557971014492754,53.2000000000001,59.541666666666664
1931,1,24.4,1931-01-01,0.4999999999999999,0.8660254037844387,0.6594202898550725,42.26666666666677,52.50833333333333
1931,2,71.8,1931-02-01,0.8660254037844386,0.5000000000000001,0.6594202898550725,46.40000000000011,51.56666666666666
1931,3,50.1,1931-03-01,1.0,6.123233995736766e-17,0.6594202898550725,48.76666666666677,50.875
1931,4,52.0,1931-04-01,0.8660254037844387,-0.4999999999999998,0.6594202898550725,57.966666666666775,49.9
1931,5,40.8,1931-05-01,0.4999999999999999,-0.8660254037844387,0.6594202898550725,47.63333333333344,48.18333333333333
1931,6,25.5,1931-06-01,1.2246467991473532e-16,-1.0,0.6594202898550725,39.433333333333444,46.30833333333333
1931,7,29.0,1931-07-01,-0.4999999999999997,-0.8660254037844388,0.6594202898550725,31.766666666666776,45.68333333333333
1931,8,21.6,1931-08-01,-0.8660254037844385,-0.5000000000000004,0.6594202898550725,25.36666666666677,44.025
1931,9,31.7,1931-09-01,-1.0,-1.8369701987210294e-16,0.6594202898550725,27.433333333333437,42.208333333333336
1931,10,16.6,1931-10-01,-0.8660254037844386,0.5000000000000001,0.6594202898550725,23.300000000000107,38.824999999999996
1931,11,31.2,1931-11-01,-0.5000000000000004,0.8660254037844384,0.6594202898550725,26.500000000000103,36.475
1931,12,29.7,1931-12-01,-2.4492935982947064e-16,1.0,0.6594202898550725,25.83333333333344,35.36666666666667
1932,1,20.1,1932-01-01,0.4999999999999999,0.8660254037844387,0.6630434782608695,27.000000000000103,35.00833333333333
1932,2,17.6,1932-02-01,0.8660254037844386,0.5000000000000001,0.6630434782608695,22.46666666666677,30.491666666666664
1932,3,18.8,1932-03-01,1.0,6.123233995736766e-17,0.6630434782608695,18.83333333333344,27.883333333333336
1932,4,18.7,1932-04-01,0.8660254037844387,-0.4999999999999998,0.6630434782608695,18.366666666666774,25.108333333333334
1932,5,29.7,1932-05-01,0.4999999999999999,-0.8660254037844387,0.6630434782608695,22.4000000000001,24.183333333333334
1932,6,36.9,1932-06-01,1.2246467991473532e-16,-1.0,0.6630434782608695,28.433333333333437,25.133333333333336
1932,7,16.0,1932-07-01,-0.4999999999999997,-0.8660254037844388,0.6630434782608695,27.533333333333434,24.05
1932,8,11.3,1932-08-01,-0.8660254037844385,-0.5000000000000004,0.6630434782608695,21.400000000000105,23.191666666666663
1932,9,6.6,1932-09-01,-1.0,-1.8369701987210294e-16,0.6630434782608695,11.300000000000104,21.1
1932,10,14.8,1932-10-01,-0.8660254037844386,0.5000000000000001,0.6630434782608695,10.900000000000105,20.95
1932,11,13.7,1932-11-01,-0.5000000000000004,0.8660254037844384,0.6630434782608695,11.700000000000104,19.491666666666667
1932,12,18.5,1932-12-01,-2.4492935982947064e-16,1.0,0.6630434782608695,15.66666666666677,18.558333333333334
1933,1,20.4,1933-01-01,0.4999999999999999,0.8660254037844387,0.6666666666666666,17.533333333333438,18.583333333333332
1933,2,36.9,1933-02-01,0.8660254037844386,0.5000000000000001,0.6666666666666666,25.26666666666677,20.191666666666666
1933,3,16.8,1933-03-01,1.0,6.123233995736766e-17,0.6666666666666666,24.700000000000102,20.025000000000002
1933,4,4.9,1933-04-01,0.8660254037844387,-0.4999999999999998,0.6666666666666666,19.533333333333438,18.875
1933,5,5.3,1933-05-01,0.4999999999999999,-0.8660254037844387,0.6666666666666666,9.000000000000105,16.841666666666665
1933,6,8.7,1933-06-01,1.2246467991473532e-16,-1.0,0.6666666666666666,6.300000000000104,14.491666666666667
1933,7,4.7,1933-07-01,-0.4999999999999997,-0.8660254037844388,0.6666666666666666,6.233333333333437,13.549999999999999
1933,8,0.4,1933-08-01,-0.8660254037844385,-0.5000000000000004,0.6666666666666666,4.600000000000104,12.641666666666666
1933,9,8.5,1933-09-01,-1.0,-1.8369701987210294e-16,0.6666666666666666,4.533333333333437,12.799999999999999
1933,10,5.0,1933-10-01,-0.8660254037844386,0.5000000000000001,0.6666666666666666,4.633333333333437,11.983333333333334
1933,11,1.0,1933-11-01,-0.5000000000000004,0.8660254037844384,0.6666666666666666,4.833333333333437,10.924999999999999
1933,12,0.4,1933-12-01,-2.4492935982947064e-16,1.0,0.6666666666666666,2.133333333333437,9.416666666666666
1934,1,5.7,1934-01-01,0.4999999999999999,0.8660254037844387,0.6702898550724637,2.3666666666667706,8.191666666666666
1934,2,12.9,1934-02-01,0.8660254037844386,0.5000000000000001,0.6702898550724637,6.333333333333438,6.191666666666666
1934,3,7.2,1934-03-01,1.0,6.123233995736766e-17,0.6702898550724637,8.600000000000104,5.391666666666667
1934,4,18.8,1934-04-01,0.8660254037844387,-0.4999999999999998,0.6702898550724637,12.96666666666677,6.55
1934,5,32.9,1934-05-01,0.4999999999999999,-0.8660254037844387,0.6702898550724637,19.633333333333436,8.85
1934,6,11.2,1934-06-01,1.2246467991473532e-16,-1.0,0.6702898550724637,20.966666666666768,9.058333333333334
1934,7,15.3,1934-07-01,-0.4999999999999997,-0.8660254037844388,0.6702898550724637,19.800000000000104,9.941666666666666
1934,8,13.9,1934-08-01,-0.8660254037844385,-0.5000000000000004,0.6702898550724637,13.46666666666677,11.066666666666668
1934,9,6.7,1934-09-01,-1.0,-1.8369701987210294e-16,0.6702898550724637,11.96666666666677,10.916666666666666
1934,10,9.5,1934-10-01,-0.8660254037844386,0.5000000000000001,0.6702898550724637,10.033333333333438,11.291666666666666
1934,11,14.5,1934-11-01,-0.5000000000000004,0.8660254037844384,0.6702898550724637,10.233333333333439,12.416666666666666
1934,12,25.7,1934-12-01,-2.4492935982947064e-16,1.0,0.6702898550724637,16.566666666666773,14.525
1935,1,31.1,1935-01-01,0.4999999999999999,0.8660254037844387,0.6739130434782609,23.76666666666677,16.64166666666667
1935,2,34.1,1935-02-01,0.8660254037844386,0.5000000000000001,0.6739130434782609,30.300000000000107,18.408333333333335
1935,3,38.5,1935-03-01,1.0,6.123233995736766e-17,0.6739130434782609,34.56666666666677,21.016666666666666
1935,4,20.4,1935-04-01,0.8660254037844387,-0.4999999999999998,0.6739130434782609,31.000000000000103,21.150000000000002
1935,5,45.4,1935-05-01,0.4999999999999999,-0.8660254037844387,0.6739130434782609,34.76666666666677,22.191666666666666
1935,6,76.2,1935-06-01,1.2246467991473532e-16,-1.0,0.6739130434782609,47.333333333333435,27.608333333333334
1935,7,56.5,1935-07-01,-0.4999999999999997,-0.8660254037844388,0.6739130434782609,59.36666666666677,31.041666666666668
1935,8,50.2,1935-08-01,-0.8660254037844385,-0.5000000000000004,0.6739130434782609,60.966666666666775,34.06666666666667
1935,9,70.1,1935-09-01,-1.0,-1.8369701987210294e-16,0.6739130434782609,58.93333333333343,39.35
1935,10,88.7,1935-10-01,-0.8660254037844386,0.5000000000000001,0.6739130434782609,69.66666666666677,45.949999999999996
1935,11,107.0,1935-11-01,-0.5000000000000004,0.8660254037844384,0.6739130434782609,88.6000000000001,53.65833333333333
1935,12,102.5,1935-12-01,-2.4492935982947064e-16,1.0,0.6739130434782609,99.4000000000001,60.05833333333334
1936,1,104.7,1936-01-01,0.4999999999999999,0.8660254037844387,0.677536231884058,104.73333333333345,66.19166666666668
1936,2,123.9,1936-02-01,0.8660254037844386,0.5000000000000001,0.677536231884058,110.36666666666677,73.675
1936,3,128.4,1936-03-01,1.0,6.123233995736766e-17,0.677536231884058,119.00000000000011,81.16666666666667
1936,4,124.8,1936-04-01,0.8660254037844387,-0.4999999999999998,0.677536231884058,125.70000000000012,89.86666666666667
1936,5,90.9,1936-05-01,0.4999999999999999,-0.8660254037844387,0.677536231884058,114.7000000000001,93.65833333333332
1936,6,116.7,1936-06-01,1.2246467991473532e-16,-1.0,0.677536231884058,110.80000000000011,97.03333333333332
1936,7,87.2,1936-07-01,-0.4999999999999997,-0.8660254037844388,0.677536231884058,98.26666666666678,99.59166666666668
1936,8,145.0,1936-08-01,-0.8660254037844385,-0.5000000000000004,0.677536231884058,116.30000000000013,107.49166666666667
1936,9,126.7,1936-09-01,-1.0,-1.8369701987210294e-16,0.677536231884058,119.63333333333345,112.20833333333333
1936,10,148.2,1936-10-01,-0.8660254037844386,0.5000000000000001,0.677536231884058,139.96666666666678,117.16666666666667
1936,11,192.3,1936-11-01,-0.5000000000000004,0.8660254037844384,0.677536231884058,155.73333333333346,124.27500000000002
1936,12,205.6,1936-12-01,-2.4492935982947064e-16,1.0,0.677536231884058,182.03333333333345,132.86666666666667
1937,1,220.9,1937-01-01,0.4999999999999999,0.8660254037844387,0.6811594202898551,206.2666666666668,142.55
1937,2,214.1,1937-02-01,0.8660254037844386,0.5000000000000001,0.6811594202898551,213.53333333333345,150.06666666666666
1937,3,139.7,1937-03-01,1.0,6.123233995736766e-17,0.6811594202898551,191.5666666666668,151.00833333333335
1937,4,182.2,1937-04-01,0.8660254037844387,-0.4999999999999998,0.6811594202898551,178.66666666666677,155.79166666666666
1937,5,194.4,1937-05-01,0.4999999999999999,-0.8660254037844387,0.6811594202898551,172.10000000000014,164.41666666666666
1937,6,217.1,1937-06-01,1.2246467991473532e-16,-1.0,0.6811594202898551,197.90000000000012,172.78333333333333
1937,7,241.8,1937-07-01,-0.4999999999999997,-0.8660254037844388,0.6811594202898551,217.7666666666668,185.66666666666666
1937,8,229.5,1937-08-01,-0.8660254037844385,-0.5000000000000004,0.6811594202898551,229.4666666666668,192.70833333333334
1937,9,167.9,1937-09-01,-1.0,-1.8369701987210294e-16,0.6811594202898551,213.0666666666668,196.14166666666668
1937,10,208.2,1937-10-01,-0.8660254037844386,0.5000000000000001,0.6811594202898551,201.8666666666668,201.14166666666665
1937,11,123.9,1937-11-01,-0.5000000000000004,0.8660254037844384,0.6811594202898551,166.66666666666683,195.4416666666667
1937,12,147.9,1937-12-01,-2.4492935982947064e-16,1.0,0.6811594202898551,160.00000000000014,190.63333333333333
1938,1,164.0,1938-01-01,0.4999999999999999,0.8660254037844387,0.6847826086956522,145.2666666666668,185.89166666666668
1938,2,198.6,1938-02-01,0.8660254037844386,0.5000000000000001,0.6847826086956522,170.16666666666683,184.6
1938,3,144.2,1938-03-01,1.0,6.123233995736766e-17,0.6847826086956522,168.93333333333348,184.97500000000002
1938,4,168.4,1938-04-01,0.8660254037844387,-0.4999999999999998,0.6847826086956522,170.40000000000012,183.82500000000002
1938,5,212.3,1938-05-01,0.4999999999999999,-0.8660254037844387,0.6847826086956522,174.96666666666678,185.3166666666667
1938,6,162.6,1938-06-01,1.2246467991473532e-16,-1.0,0.6847826086956522,181.10000000000014,180.77499999999998
1938,7,275.6,1938-07-01,-0.4999999999999997,-0.8660254037844388,0.6847826086956522,216.83333333333348,183.59166666666667
1938,8,192.8,1938-08-01,-0.8660254037844385,-0.5000000000000004,0.6847826086956522,210.33333333333348,180.53333333333333
1938,9,149.3,1938-09-01,-1.0,-1.8369701987210294e-16,0.6847826086956522,205.90000000000012,178.98333333333335
1938,10,165.3,1938-10-01,-0.8660254037844386,0.5000000000000001,0.6847826086956522,169.13333333333347,175.40833333333333
1938,11,203.6,1938-11-01,-0.5000000000000004,0.8660254037844384,0.6847826086956522,172.73333333333346,182.04999999999998
1938,12,154.7,1938-12-01,-2.4492935982947064e-16,1.0,0.6847826086956522,174.53333333333345,182.61666666666667
1939,1,133.9,1939-01-01,0.4999999999999999,0.8660254037844387,0.6884057971014492,164.06666666666678,180.10833333333335
1939,2,129.0,1939-02-01,0.8660254037844386,0.5000000000000001,0.6884057971014492,139.20000000000013,174.3083333333333
1939,3,107.8,1939-03-01,1.0,6.123233995736766e-17,0.6884057971014492,123.56666666666678,171.275
1939,4,181.9,1939-04-01,0.8660254037844387,-0.4999999999999998,0.6884057971014492,139.56666666666678,172.4
1939,5,197.3,1939-05-01,0.4999999999999999,-0.8660254037844387,0.6884057971014492,162.33333333333346,171.15
1939,6,168.3,1939-06-01,1.2246467991473532e-16,-1.0,0.6884057971014492,182.5000000000001,171.625
1939,7,162.6,1939-07-01,-0.4999999999999997,-0.8660254037844388,0.6884057971014492,176.0666666666668,162.20833333333334
1939,8,176.3,1939-08-01,-0.8660254037844385,-0.5000000000000004,0.6884057971014492,169.0666666666668,160.83333333333334
1939,9,187.7,1939-09-01,-1.0,-1.8369701987210294e-16,0.6884057971014492,175.53333333333345,164.03333333333333
1939,10,146.9,1939-10-01,-0.8660254037844386,0.5000000000000001,0.6884057971014492,170.3000000000001,162.5
1939,11,113.7,1939-11-01,-0.5000000000000004,0.8660254037844384,0.6884057971014492,149.43333333333345,155.00833333333333
1939,12,70.2,1939-12-01,-2.4492935982947064e-16,1.0,0.6884057971014492,110.26666666666681,147.96666666666667
1940,1,84.1,1940-01-01,0.4999999999999999,0.8660254037844387,0.6920289855072463,89.33333333333344,143.81666666666666
1940,2,99.1,1940-02-01,0.8660254037844386,0.5000000000000001,0.6920289855072463,84.46666666666678,141.32500000000002
1940,3,138.9,1940-03-01,1.0,6.123233995736766e-17,0.6920289855072463,107.36666666666679,143.91666666666666
1940,4,101.1,1940-04-01,0.8660254037844387,-0.4999999999999998,0.6920289855072463,113.03333333333346,137.18333333333334
1940,5,90.6,1940-05-01,0.4999999999999999,-0.8660254037844387,0.6920289855072463,110.20000000000012,128.29166666666666
1940,6,139.8,1940-06-01,1.2246467991473532e-16,-1.0,0.6920289855072463,110.50000000000011,125.91666666666667
1940,7,112.5,1940-07-01,-0.4999999999999997,-0.8660254037844388,0.6920289855072463,114.30000000000011,121.74166666666666
1940,8,175.9,1940-08-01,-0.8660254037844385,-0.5000000000000004,0.6920289855072463,142.73333333333346,121.70833333333333
1940,9,110.8,1940-09-01,-1.0,-1.8369701987210294e-16,0.6920289855072463,133.06666666666678,115.3
1940,10,91.5,1940-10-01,-0.8660254037844386,0.5000000000000001,0.6920289855072463,126.06666666666678,110.68333333333334
1940,11,97.4,1940-11-01,-0.5000000000000004,0.8660254037844384,0.6920289855072463,99.9000000000001,109.325
1940,12,113.8,1940-12-01,-2.4492935982947064e-16,1.0,0.6920289855072463,100.9000000000001,112.95833333333333
1941,1,76.1,1941-01-01,0.4999999999999999,0.8660254037844387,0.6956521739130435,95.76666666666677,112.29166666666667
1941,2,74.3,1941-02-01,0.8660254037844386,0.5000000000000001,0.6956521739130435,88.06666666666678,110.22499999999998
1941,3,77.5,1941-03-01,1.0,6.123233995736766e-17,0.6956521739130435,75.96666666666677,105.10833333333333
1941,4,54.6,1941-04-01,0.8660254037844387,-0.4999999999999998,0.6956521739130435,68.80000000000011,101.23333333333333
1941,5,49.0,1941-05-01,0.4999999999999999,-0.8660254037844387,0.6956521739130435,60.36666666666679,97.76666666666667
1941,6,99.6,1941-06-01,1.2246467991473532e-16,-1.0,0.6956521739130435,67.73333333333345,94.41666666666667
1941,7,111.4,1941-07-01,-0.4999999999999997,-0.8660254037844388,0.6956521739130435,86.66666666666679,94.325
1941,8,100.1,1941-08-01,-0.8660254037844385,-0.5000000000000004,0.6956521739130435,103.70000000000012,88.00833333333333
1941,9,109.8,1941-09-01,-1.0,-1.8369701987210294e-16,0.6956521739130435,107.10000000000012,87.925
1941,10,77.2,1941-10-01,-0.8660254037844386,0.5000000000000001,0.6956521739130435,95.70000000000012,86.73333333333333
1941,11,64.0,1941-11-01,-0.5000000000000004,0.8660254037844384,0.6956521739130435,83.66666666666679,83.95
1941,12,56.2,1941-12-01,-2.4492935982947064e-16,1.0,0.6956521739130435,65.80000000000011,79.14999999999999
1942,1,59.5,1942-01-01,0.4999999999999999,0.8660254037844387,0.6992753623188406,59.90000000000012,77.76666666666667
1942,2,87.9,1942-02-01,0.8660254037844386,0.5000000000000001,0.6992753623188406,67.86666666666679,78.89999999999999
1942,3,90.4,1942-03-01,1.0,6.123233995736766e-17,0.6992753623188406,79.2666666666668,79.97500000000001
1942,4,101.2,1942-04-01,0.8660254037844387,-0.4999999999999998,0.6992753623188406,93.16666666666679,83.85833333333333
1942,5,41.8,1942-05-01,0.4999999999999999,-0.8660254037844387,0.6992753623188406,77.80000000000013,83.25833333333334
1942,6,18.9,1942-06-01,1.2246467991473532e-16,-1.0,0.6992753623188406,53.96666666666678,76.53333333333333
1942,7,29.6,1942-07-01,-0.4999999999999997,-0.8660254037844388,0.6992753623188406,30.10000000000012,69.71666666666667
1942,8,33.7,1942-08-01,-0.8660254037844385,-0.5000000000000004,0.6992753623188406,27.40000000000012,64.18333333333332
1942,9,28.7,1942-09-01,-1.0,-1.8369701987210294e-16,0.6992753623188406,30.666666666666785,57.425000000000004
1942,10,32.0,1942-10-01,-0.8660254037844386,0.5000000000000001,0.6992753623188406,31.466666666666782,53.65833333333334
1942,11,51.3,1942-11-01,-0.5000000000000004,0.8660254037844384,0.6992753623188406,37.33333333333345,52.6
1942,12,37.6,1942-12-01,-2.4492935982947064e-16,1.0,0.6992753623188406,40.30000000000012,51.050000000000004
1943,1,20.7,1943-01-01,0.4999999999999999,0.8660254037844387,0.7028985507246377,36.53333333333345,47.81666666666667
1943,2,48.1,1943-02-01,0.8660254037844386,0.5000000000000001,0.7028985507246377,35.46666666666678,44.5
1943,3,45.7,1943-03-01,1.0,6.123233995736766e-17,0.7028985507246377,38.166666666666785,40.775
1943,4,43.5,1943-04-01,0.8660254037844387,-0.4999999999999998,0.7028985507246377,45.76666666666679,35.96666666666667
1943,5,23.6,1943-05-01,0.4999999999999999,-0.8660254037844387,0.7028985507246377,37.600000000000115,34.45
1943,6,12.7,1943-06-01,1.2246467991473532e-16,-1.0,0.7028985507246377,26.60000000000011,33.93333333333333
1943,7,22.0,1943-07-01,-0.4999999999999997,-0.8660254037844388,0.7028985507246377,19.433333333333447,33.300000000000004
1943,8,32.3,1943-08-01,-0.8660254037844385,-0.5000000000000004,0.7028985507246377,22.333333333333446,33.18333333333333
1943,9,16.7,1943-09-01,-1.0,-1.8369701987210294e-16,0.7028985507246377,23.666666666666774,32.18333333333333
1943,10,13.0,1943-10-01,-0.8660254037844386,0.5000000000000001,0.7028985507246377,20.666666666666774,30.599999999999998
1943,11,17.0,1943-11-01,-0.5000000000000004,0.8660254037844384,0.7028985507246377,15.566666666666777,27.741666666666664
1943,12,31.4,1943-12-01,-2.4492935982947064e-16,1.0,0.7028985507246377,20.46666666666678,27.224999999999998
1944,1,6.1,1944-01-01,0.4999999999999999,0.8660254037844387,0.7065217391304348,18.166666666666778,26.008333333333336
1944,2,0.8,1944-02-01,0.8660254037844386,0.5000000000000001,0.7065217391304348,12.766666666666778,22.066666666666666
1944,3,18.3,1944-03-01,1.0,6.123233995736766e-17,0.7065217391304348,8.40000000000011,19.783333333333335
1944,4,0.4,1944-04-01,0.8660254037844387,-0.4999999999999998,0.7065217391304348,6.500000000000111,16.191666666666666
1944,5,4.1,1944-05-01,0.4999999999999999,-0.8660254037844387,0.7065217391304348,7.6000000000001116,14.566666666666665
1944,6,8.2,1944-06-01,1.2246467991473532e-16,-1.0,0.7065217391304348,4.233333333333444,14.191666666666665
1944,7,8.5,1944-07-01,-0.4999999999999997,-0.8660254037844388,0.7065217391304348,6.933333333333444,13.066666666666665
1944,8,27.9,1944-08-01,-0.8660254037844385,-0.5000000000000004,0.7065217391304348,14.866666666666775,12.700000000000001
1944,9,23.7,1944-09-01,-1.0,-1.8369701987210294e-16,0.7065217391304348,20.033333333333445,13.283333333333333
1944,10,28.1,1944-10-01,-0.8660254037844386,0.5000000000000001,0.7065217391304348,26.566666666666777,14.541666666666666
1944,11,17.9,1944-11-01,-0.5000000000000004,0.8660254037844384,0.7065217391304348,23.233333333333444,14.616666666666667
1944,12,47.4,1944-12-01,-2.4492935982947064e-16,1.0,0.7065217391304348,31.133333333333443,15.950000000000001
1945,1,30.8,1945-01-01,0.4999999999999999,0.8660254037844387,0.7101449275362319,32.033333333333445,18.008333333333333
1945,2,21.2,1945-02-01,0.8660254037844386,0.5000000000000001,0.7101449275362319,33.13333333333345,19.708333333333332
1945,3,35.9,1945-03-01,1.0,6.123233995736766e-17,0.7101449275362319,29.300000000000114,21.174999999999997
1945,4,53.4,1945-04-01,0.8660254037844387,-0.4999999999999998,0.7101449275362319,36.83333333333345,25.59166666666667
1945,5,51.0,1945-05-01,0.4999999999999999,-0.8660254037844387,0.7101449275362319,46.76666666666679,29.5
1945,6,60.2,1945-06-01,1.2246467991473532e-16,-1.0,0.7101449275362319,54.86666666666678,33.833333333333336
1945,7,71.0,1945-07-01,-0.4999999999999997,-0.8660254037844388,0.7101449275362319,60.73333333333344,39.041666666666664
1945,8,43.1,1945-08-01,-0.8660254037844385,-0.5000000000000004,0.7101449275362319,58.100000000000115,40.30833333333334
1945,9,58.1,1945-09-01,-1.0,-1.8369701987210294e-16,0.7101449275362319,57.40000000000011,43.175000000000004
1945,10,114.5,1945-10-01,-0.8660254037844386,0.5000000000000001,0.7101449275362319,71.9000000000001,50.375
1945,11,76.6,1945-11-01,-0.5000000000000004,0.8660254037844384,0.7101449275362319,83.06666666666678,55.26666666666667
1945,12,45.7,1945-12-01,-2.4492935982947064e-16,1.0,0.7101449275362319,78.93333333333344,55.125
1946,1,79.3,1946-01-01,0.4999999999999999,0.8660254037844387,0.7137681159420289,67.20000000000012,59.166666666666664
1946,2,143.8,1946-02-01,0.8660254037844386,0.5000000000000001,0.7137681159420289,89.60000000000012,69.38333333333334
1946,3,127.7,1946-03-01,1.0,6.123233995736766e-17,0.7137681159420289,116.93333333333345,77.03333333333333
1946,4,126.1,1946-04-01,0.8660254037844387,-0.4999999999999998,0.7137681159420289,132.53333333333345,83.09166666666667
1946,5,141.6,1946-05-01,0.4999999999999999,-0.8660254037844387,0.7137681159420289,131.8000000000001,90.64166666666667
1946,6,122.6,1946-06-01,1.2246467991473532e-16,-1.0,0.7137681159420289,130.1000000000001,95.84166666666665
1946,7,193.7,1946-07-01,-0.4999999999999997,-0.8660254037844388,0.7137681159420289,152.63333333333344,106.06666666666666
1946,8,178.7,1946-08-01,-0.8660254037844385,-0.5000000000000004,0.7137681159420289,165.0000000000001,117.36666666666667
1946,9,157.4,1946-09-01,-1.0,-1.8369701987210294e-16,0.7137681159420289,176.6000000000001,125.64166666666665
1946,10,170.5,1946-10-01,-0.8660254037844386,0.5000000000000001,0.7137681159420289,168.8666666666668,130.3083333333333
1946,11,206.3,1946-11-01,-0.5000000000000004,0.8660254037844384,0.7137681159420289,178.06666666666675,141.11666666666667
1946,12,202.9,1946-12-01,-2.4492935982947064e-16,1.0,0.7137681159420289,193.23333333333346,154.21666666666667
1947,1,163.7,1947-01-01,0.4999999999999999,0.8660254037844387,0.717391304347826,190.96666666666678,161.25
1947,2,188.9,1947-02-01,0.8660254037844386,0.5000000000000001,0.717391304347826,185.16666666666677,165.00833333333333
1947,3,183.8,1947-03-01,1.0,6.123233995736766e-17,0.717391304347826,178.8000000000001,169.68333333333334
1947,4,212.1,1947-04-01,0.8660254037844387,-0.4999999999999998,0.717391304347826,194.93333333333342,176.85000000000002
1947,5,285.0,1947-05-01,0.4999999999999999,-0.8660254037844387,0.717391304347826,226.96666666666678,188.79999999999998
1947,6,232.1,1947-06-01,1.2246467991473532e-16,-1.0,0.717391304347826,243.06666666666675,197.92499999999998
1947,7,223.5,1947-07-01,-0.4999999999999997,-0.8660254037844388,0.717391304347826,246.86666666666676,200.40833333333333
1947,8,267.4,1947-08-01,-0.8660254037844385,-0.5000000000000004,0.717391304347826,241.00000000000009,207.79999999999998
1947,9,239.9,1947-09-01,-1.0,-1.8369701987210294e-16,0.717391304347826,243.60000000000005,214.67499999999998
1947,10,231.7,1947-10-01,-0.8660254037844386,0.5000000000000001,0.717391304347826,246.3333333333334,219.77499999999998
1947,11,181.3,1947-11-01,-0.5000000000000004,0.8660254037844384,0.717391304347826,217.6333333333334,217.6916666666667
1947,12,164.9,1947-12-01,-2.4492935982947064e-16,1.0,0.717391304347826,192.63333333333344,214.525
1948,1,153.6,1948-01-01,0.4999999999999999,0.8660254037844387,0.7210144927536232,166.60000000000005,213.68333333333337
1948,2,122.0,1948-02-01,0.8660254037844386,0.5000000000000001,0.7210144927536232,146.8333333333334,208.10833333333335
1948,3,134.3,1948-03-01,1.0,6.123233995736766e-17,0.7210144927536232,136.6333333333334,203.98333333333332
1948,4,268.5,1948-04-01,0.8660254037844387,-0.4999999999999998,0.7210144927536232,174.9333333333334,208.6833333333333
1948,5,246.4,1948-05-01,0.4999999999999999,-0.8660254037844387,0.7210144927536232,216.40000000000006,205.46666666666667
1948,6,237.5,1948-06-01,1.2246467991473532e-16,-1.0,0.7210144927536232,250.80000000000007,205.91666666666666
1948,7,201.4,1948-07-01,-0.4999999999999997,-0.8660254037844388,0.7210144927536232,228.4333333333334,204.07500000000002
1948,8,223.7,1948-08-01,-0.8660254037844385,-0.5000000000000004,0.7210144927536232,220.86666666666676,200.4333333333333
1948,9,202.9,1948-09-01,-1.0,-1.8369701987210294e-16,0.7210144927536232,209.3333333333334,197.35
1948,10,192.9,1948-10-01,-0.8660254037844386,0.5000000000000001,0.7210144927536232,206.50000000000009,194.11666666666667
1948,11,135.6,1948-11-01,-0.5000000000000004,0.8660254037844384,0.7210144927536232,177.1333333333334,190.3083333333333
1948,12,195.3,1948-12-01,-2.4492935982947064e-16,1.0,0.7210144927536232,174.6000000000001,192.84166666666667
1949,1,168.6,1949-01-01,0.4999999999999999,0.8660254037844387,0.7246376811594203,166.50000000000009,194.09166666666667
1949,2,258.0,1949-02-01,0.8660254037844386,0.5000000000000001,0.7246376811594203,207.30000000000007,205.42499999999998
1949,3,223.0,1949-03-01,1.0,6.123233995736766e-17,0.7246376811594203,216.53333333333342,212.8166666666667
1949,4,208.1,1949-04-01,0.8660254037844387,-0.4999999999999998,0.7246376811594203,229.70000000000007,207.78333333333333
1949,5,150.4,1949-05-01,0.4999999999999999,-0.8660254037844387,0.7246376811594203,193.8333333333334,199.78333333333333
1949,6,172.4,1949-06-01,1.2246467991473532e-16,-1.0,0.7246376811594203,176.96666666666673,194.35833333333335
1949,7,178.3,1949-07-01,-0.4999999999999997,-0.8660254037844388,0.7246376811594203,167.03333333333342,192.43333333333337
1949,8,175.3,1949-08-01,-0.8660254037844385,-0.5000000000000004,0.7246376811594203,175.3333333333334,188.39999999999998
1949,9,205.8,1949-09-01,-1.0,-1.8369701987210294e-16,0.7246376811594203,186.46666666666678,188.64166666666668
1949,10,186.3,1949-10-01,-0.8660254037844386,0.5000000000000001,0.7246376811594203,189.1333333333334,188.09166666666667
1949,11,203.2,1949-11-01,-0.5000000000000004,0.8660254037844384,0.7246376811594203,198.43333333333342,193.72500000000002
1949,12,166.6,1949-12-01,-2.4492935982947064e-16,1.0,0.7246376811594203,185.3666666666667,191.33333333333334
1950,1,143.9,1950-01-01,0.4999999999999999,0.8660254037844387,0.7282608695652174,171.23333333333343,189.275
1950,2,134.3,1950-02-01,0.8660254037844386,0.5000000000000001,0.7282608695652174,148.26666666666674,178.96666666666667
1950,3,155.4,1950-03-01,1.0,6.123233995736766e-17,0.7282608695652174,144.53333333333342,173.33333333333334
1950,4,160.6,1950-04-01,0.8660254037844387,-0.4999999999999998,0.7282608695652174,150.1000000000001,169.375
1950,5,150.5,1950-05-01,0.4999999999999999,-0.8660254037844387,0.7282608695652174,155.50000000000009,169.38333333333335
1950,6,118.3,1950-06-01,1.2246467991473532e-16,-1.0,0.7282608695652174,143.1333333333334,164.875
1950,7,128.9,1950-07-01,-0.4999999999999997,-0.8660254037844388,0.7282608695652174,132.56666666666675,160.75833333333335
1950,8,120.6,1950-08-01,-0.8660254037844385,-0.5000000000000004,0.7282608695652174,122.60000000000008,156.20000000000002
1950,9,72.7,1950-09-01,-1.0,-1.8369701987210294e-16,0.7282608695652174,107.40000000000008,145.10833333333332
1950,10,87.0,1950-10-01,-0.8660254037844386,0.5000000000000001,0.7282608695652174,93.43333333333341,136.83333333333334
1950,11,77.7,1950-11-01,-0.5000000000000004,0.8660254037844384,0.7282608695652174,79.13333333333343,126.375
1950,12,76.7,1950-12-01,-2.4492935982947064e-16,1.0,0.7282608695652174,80.46666666666675,118.88333333333334
1951,1,85.0,1951-01-01,0.4999999999999999,0.8660254037844387,0.7318840579710145,79.80000000000008,113.97500000000001
1951,2,84.8,1951-02-01,0.8660254037844386,0.5000000000000001,0.7318840579710145,82.16666666666676,109.85000000000001
1951,3,79.3,1951-03-01,1.0,6.123233995736766e-17,0.7318840579710145,83.03333333333342,103.50833333333334
1951,4,131.7,1951-04-01,0.8660254037844387,-0.4999999999999998,0.7318840579710145,98.60000000000008,101.10000000000001
1951,5,153.7,1951-05-01,0.4999999999999999,-0.8660254037844387,0.7318840579710145,121.56666666666676,101.36666666666667
1951,6,142.4,1951-06-01,1.2246467991473532e-16,-1.0,0.7318840579710145,142.60000000000008,103.375
1951,7,87.2,1951-07-01,-0.4999999999999997,-0.8660254037844388,0.7318840579710145,127.76666666666675,99.89999999999999
1951,8,86.5,1951-08-01,-0.8660254037844385,-0.5000000000000004,0.7318840579710145,105.36666666666675,97.05833333333334
1951,9,117.7,1951-09-01,-1.0,-1.8369701987210294e-16,0.7318840579710145,97.13333333333343,100.80833333333334
1951,10,73.3,1951-10-01,-0.8660254037844386,0.5000000000000001,0.7318840579710145,92.5000000000001,99.66666666666667
1951,11,74.2,1951-11-01,-0.5000000000000004,0.8660254037844384,0.7318840579710145,88.40000000000009,99.375
1951,12,65.0,1951-12-01,-2.4492935982947064e-16,1.0,0.7318840579710145,70.83333333333341,98.39999999999999
1952,1,57.9,1952-01-01,0.4999999999999999,0.8660254037844387,0.7355072463768116,65.70000000000009,96.14166666666665
1952,2,32.4,1952-02-01,0.8660254037844386,0.5000000000000001,0.7355072463768116,51.766666666666744,91.77499999999999
1952,3,31.5,1952-03-01,1.0,6.123233995736766e-17,0.7355072463768116,40.60000000000009,87.79166666666667
1952,4,41.7,1952-04-01,0.8660254037844387,-0.4999999999999998,0.7355072463768116,35.20000000000008,80.29166666666667
1952,5,33.6,1952-05-01,0.4999999999999999,-0.8660254037844387,0.7355072463768116,35.60000000000009,70.28333333333333
1952,6,52.0,1952-06-01,1.2246467991473532e-16,-1.0,0.7355072463768116,42.43333333333342,62.75
1952,7,56.1,1952-07-01,-0.4999999999999997,-0.8660254037844388,0.7355072463768116,47.23333333333341,60.15833333333333
1952,8,77.8,1952-08-01,-0.8660254037844385,-0.5000000000000004,0.7355072463768116,61.966666666666754,59.43333333333334
1952,9,40.4,1952-09-01,-1.0,-1.8369701987210294e-16,0.7355072463768116,58.10000000000009,52.99166666666667
1952,10,34.2,1952-10-01,-0.8660254037844386,0.5000000000000001,0.7355072463768116,50.80000000000009,49.73333333333333
1952,11,31.8,1952-11-01,-0.5000000000000004,0.8660254037844384,0.7355072463768116,35.466666666666754,46.199999999999996
1952,12,48.9,1952-12-01,-2.4492935982947064e-16,1.0,0.7355072463768116,38.30000000000008,44.85833333333333
1953,1,37.9,1953-01-01,0.4999999999999999,0.8660254037844387,0.7391304347826086,39.53333333333342,43.19166666666667
1953,2,5.9,1953-02-01,0.8660254037844386,0.5000000000000001,0.7391304347826086,30.90000000000008,40.983333333333334
1953,3,14.7,1953-03-01,1.0,6.123233995736766e-17,0.7391304347826086,19.500000000000085,39.583333333333336
1953,4,39.6,1953-04-01,0.8660254037844387,-0.4999999999999998,0.7391304347826086,20.06666666666675,39.40833333333333
1953,5,18.3,1953-05-01,0.4999999999999999,-0.8660254037844387,0.7391304347826086,24.200000000000088,38.13333333333333
1953,6,31.5,1953-06-01,1.2246467991473532e-16,-1.0,0.7391304347826086,29.800000000000086,36.425
1953,7,12.7,1953-07-01,-0.4999999999999997,-0.8660254037844388,0.7391304347826086,20.833333333333417,32.80833333333333
1953,8,33.6,1953-08-01,-0.8660254037844385,-0.5000000000000004,0.7391304347826086,25.933333333333422,29.125
1953,9,28.0,1953-09-01,-1.0,-1.8369701987210294e-16,0.7391304347826086,24.766666666666755,28.09166666666667
1953,10,12.3,1953-10-01,-0.8660254037844386,0.5000000000000001,0.7391304347826086,24.63333333333342,26.266666666666666
1953,11,2.5,1953-11-01,-0.5000000000000004,0.8660254037844384,0.7391304347826086,14.266666666666751,23.825000000000003
1953,12,3.9,1953-12-01,-2.4492935982947064e-16,1.0,0.7391304347826086,6.233333333333419,20.075
1954,1,0.4,1954-01-01,0.4999999999999999,0.8660254037844387,0.7427536231884058,2.266666666666752,16.95
1954,2,0.8,1954-02-01,0.8660254037844386,0.5000000000000001,0.7427536231884058,1.7000000000000852,16.525000000000002
1954,3,15.8,1954-03-01,1.0,6.123233995736766e-17,0.7427536231884058,5.666666666666752,16.616666666666667
1954,4,2.7,1954-04-01,0.8660254037844387,-0.4999999999999998,0.7427536231884058,6.433333333333419,13.541666666666666
1954,5,1.2,1954-05-01,0.4999999999999999,-0.8660254037844387,0.7427536231884058,6.566666666666752,12.116666666666667
1954,6,0.4,1954-06-01,1.2246467991473532e-16,-1.0,0.7427536231884058,1.4333333333334186,9.525
1954,7,7.3,1954-07-01,-0.4999999999999997,-0.8660254037844388,0.7427536231884058,2.9666666666667516,9.075
1954,8,12.6,1954-08-01,-0.8660254037844385,-0.5000000000000004,0.7427536231884058,6.766666666666752,7.325
1954,9,2.3,1954-09-01,-1.0,-1.8369701987210294e-16,0.7427536231884058,7.4000000000000865,5.183333333333334
1954,10,10.5,1954-10-01,-0.8660254037844386,0.5000000000000001,0.7427536231884058,8.466666666666752,5.033333333333334
1954,11,13.4,1954-11-01,-0.5000000000000004,0.8660254037844384,0.7427536231884058,8.73333333333342,5.941666666666666
1954,12,11.3,1954-12-01,-2.4492935982947064e-16,1.0,0.7427536231884058,11.73333333333342,6.558333333333334
1955,1,33.4,1955-01-01,0.4999999999999999,0.8660254037844387,0.7463768115942029,19.366666666666752,9.308333333333334
1955,2,29.9,1955-02-01,0.8660254037844386,0.5000000000000001,0.7463768115942029,24.86666666666675,11.733333333333333
1955,3,7.3,1955-03-01,1.0,6.123233995736766e-17,0.7463768115942029,23.533333333333417,11.024999999999999
1955,4,16.4,1955-04-01,0.8660254037844387,-0.4999999999999998,0.7463768115942029,17.86666666666675,12.166666666666666
1955,5,41.3,1955-05-01,0.4999999999999999,-0.8660254037844387,0.7463768115942029,21.666666666666753,15.508333333333331
1955,6,45.2,1955-06-01,1.2246467991473532e-16,-1.0,0.7463768115942029,34.30000000000009,19.241666666666664
1955,7,38.2,1955-07-01,-0.4999999999999997,-0.8660254037844388,0.7463768115942029,41.56666666666675,21.816666666666666
1955,8,58.0,1955-08-01,-0.8660254037844385,-0.5000000000000004,0.7463768115942029,47.13333333333342,25.599999999999998
1955,9,60.8,1955-09-01,-1.0,-1.8369701987210294e-16,0.7463768115942029,52.33333333333342,30.474999999999998
1955,10,83.0,1955-10-01,-0.8660254037844386,0.5000000000000001,0.7463768115942029,67.26666666666675,36.516666666666666
1955,11,126.3,1955-11-01,-0.5000000000000004,0.8660254037844384,0.7463768115942029,90.03333333333342,45.925000000000004
1955,12,108.8,1955-12-01,-2.4492935982947064e-16,1.0,0.7463768115942029,106.03333333333342,54.04999999999999
1956,1,104.1,1956-01-01,0.4999999999999999,0.8660254037844387,0.75,113.06666666666673,59.94166666666666
1956,2,175.6,1956-02-01,0.8660254037844386,0.5000000000000001,0.75,129.50000000000009,72.08333333333333
1956,3,167.7,1956-03-01,1.0,6.123233995736766e-17,0.75,149.1333333333334,85.45
1956,4,156.7,1956-04-01,0.8660254037844387,-0.4999999999999998,0.75,166.66666666666674,97.14166666666665
1956,5,193.4,1956-05-01,0.4999999999999999,-0.8660254037844387,0.75,172.60000000000005,109.81666666666666
1956,6,165.1,1956-06-01,1.2246467991473532e-16,-1.0,0.75,171.73333333333343,119.80833333333332
1956,7,182.7,1956-07-01,-0.4999999999999997,-0.8660254037844388,0.75,180.4000000000001,131.85
1956,8,240.2,1956-08-01,-0.8660254037844385,-0.5000000000000004,0.75,196.00000000000009,147.03333333333333
1956,9,245.4,1956-09-01,-1.0,-1.8369701987210294e-16,0.75,222.76666666666674,162.41666666666666
1956,10,219.9,1956-10-01,-0.8660254037844386,0.5000000000000001,0.75,235.16666666666674,173.82500000000002
1956,11,285.0,1956-11-01,-0.5000000000000004,0.8660254037844384,0.75,250.10000000000005,187.04999999999998
1956,12,272.0,1956-12-01,-2.4492935982947064e-16,1.0,0.75,258.96666666666675,200.64999999999998
1957,1,233.7,1957-01-01,0.4999999999999999,0.8660254037844387,0.7536231884057971,263.5666666666667,211.44999999999996
1957,2,184.5,1957-02-01,0.8660254037844386,0.5000000000000001,0.7536231884057971,230.06666666666675,212.19166666666663
1957,3,222.8,1957-03-01,1.0,6.123233995736766e-17,0.7536231884057971,213.66666666666674,216.78333333333333
1957,4,248.0,1957-04-01,0.8660254037844387,-0.4999999999999998,0.7536231884057971,218.4333333333334,224.39166666666665
1957,5,233.0,1957-05-01,0.4999999999999999,-0.8660254037844387,0.7536231884057971,234.60000000000005,227.6916666666667
1957,6,284.3,1957-06-01,1.2246467991473532e-16,-1.0,0.7536231884057971,255.10000000000005,237.625
1957,7,265.1,1957-07-01,-0.4999999999999997,-0.8660254037844388,0.7536231884057971,260.8000000000001,244.49166666666667
1957,8,223.7,1957-08-01,-0.8660254037844385,-0.5000000000000004,0.7536231884057971,257.7000000000001,243.11666666666667
1957,9,334.0,1957-09-01,-1.0,-1.8369701987210294e-16,0.7536231884057971,274.2666666666667,250.5
1957,10,359.4,1957-10-01,-0.8660254037844386,0.5000000000000001,0.7536231884057971,305.70000000000005,262.125
1957,11,298.6,1957-11-01,-0.5000000000000004,0.8660254037844384,0.7536231884057971,330.66666666666674,263.2583333333333
1957,12,339.0,1957-12-01,-2.4492935982947064e-16,1.0,0.7536231884057971,332.3333333333334,268.84166666666664
1958,1,286.7,1958-01-01,0.4999999999999999,0.8660254037844387,0.7572463768115942,308.1000000000001,273.2583333333334
1958,2,233.6,1958-02-01,0.8660254037844386,0.5000000000000001,0.7572463768115942,286.43333333333345,277.35
1958,3,270.0,1958-03-01,1.0,6.123233995736766e-17,0.7572463768115942,263.4333333333334,281.28333333333336
1958,4,277.6,1958-04-01,0.8660254037844387,-0.4999999999999998,0.7572463768115942,260.4000000000001,283.75
1958,5,248.2,1958-05-01,0.4999999999999999,-0.8660254037844387,0.7572463768115942,265.2666666666667,285.01666666666665
1958,6,242.9,1958-06-01,1.2246467991473532e-16,-1.0,0.7572463768115942,256.2333333333334,281.56666666666666
1958,7,271.0,1958-07-01,-0.4999999999999997,-0.8660254037844388,0.7572463768115942,254.03333333333342,282.05833333333334
1958,8,283.5,1958-08-01,-0.8660254037844385,-0.5000000000000004,0.7572463768115942,265.8000000000001,287.0416666666667
1958,9,285.1,1958-09-01,-1.0,-1.8369701987210294e-16,0.7572463768115942,279.86666666666673,282.9666666666667
1958,10,256.9,1958-10-01,-0.8660254037844386,0.5000000000000001,0.7572463768115942,275.16666666666674,274.425
1958,11,215.6,1958-11-01,-0.5000000000000004,0.8660254037844384,0.7572463768115942,252.53333333333342,267.5083333333333
1958,12,265.7,1958-12-01,-2.4492935982947064e-16,1.0,0.7572463768115942,246.06666666666672,261.40000000000003
1959,1,307.7,1959-01-01,0.4999999999999999,0.8660254037844387,0.7608695652173914,263.00000000000006,263.15
1959,2,202.6,1959-02-01,0.8660254037844386,0.5000000000000001,0.7608695652173914,258.6666666666667,260.56666666666666
1959,3,263.0,1959-03-01,1.0,6.123233995736766e-17,0.7608695652173914,257.7666666666667,259.9833333333333
1959,4,231.3,1959-04-01,0.8660254037844387,-0.4999999999999998,0.7608695652173914,232.30000000000007,256.125
1959,5,243.6,1959-05-01,0.4999999999999999,-0.8660254037844387,0.7608695652173914,245.96666666666673,255.74166666666667
1959,6,238.9,1959-06-01,1.2246467991473532e-16,-1.0,0.7608695652173914,237.9333333333334,255.40833333333333
1959,7,211.9,1959-07-01,-0.4999999999999997,-0.8660254037844388,0.7608695652173914,231.46666666666673,250.48333333333335
1959,8,282.6,1959-08-01,-0.8660254037844385,-0.5000000000000004,0.7608695652173914,244.46666666666673,250.40833333333333
1959,9,205.6,1959-09-01,-1.0,-1.8369701987210294e-16,0.7608695652173914,233.36666666666676,243.78333333333333
1959,10,157.7,1959-10-01,-0.8660254037844386,0.5000000000000001,0.7608695652173914,215.30000000000007,235.51666666666668
1959,11,175.6,1959-11-01,-0.5000000000000004,0.8660254037844384,0.7608695652173914,179.6333333333334,232.18333333333337
1959,12,177.1,1959-12-01,-2.4492935982947064e-16,1.0,0.7608695652173914,170.1333333333334,224.79999999999998
1960,1,207.2,1960-01-01,0.4999999999999999,0.8660254037844387,0.7644927536231884,186.6333333333334,216.42499999999998
1960,2,149.9,1960-02-01,0.8660254037844386,0.5000000000000001,0.7644927536231884,178.06666666666675,212.03333333333333
1960,3,144.6,1960-03-01,1.0,6.123233995736766e-17,0.7644927536231884,167.23333333333338,202.16666666666666
1960,4,172.7,1960-04-01,0.8660254037844387,-0.4999999999999998,0.7644927536231884,155.73333333333343,197.28333333333333
1960,5,169.3,1960-05-01,0.4999999999999999,-0.8660254037844387,0.7644927536231884,162.20000000000007,191.09166666666667
1960,6,156.0,1960-06-01,1.2246467991473532e-16,-1.0,0.7644927536231884,166.00000000000009,184.1833333333333
1960,7,172.4,1960-07-01,-0.4999999999999997,-0.8660254037844388,0.7644927536231884,165.9000000000001,180.89166666666668
1960,8,190.0,1960-08-01,-0.8660254037844385,-0.5000000000000004,0.7644927536231884,172.80000000000007,173.17499999999998
1960,9,180.1,1960-09-01,-1.0,-1.8369701987210294e-16,0.7644927536231884,180.8333333333334,171.04999999999998
1960,10,117.3,1960-10-01,-0.8660254037844386,0.5000000000000001,0.7644927536231884,162.46666666666673,167.68333333333334
1960,11,126.9,1960-11-01,-0.5000000000000004,0.8660254037844384,0.7644927536231884,141.43333333333342,163.62499999999997
1960,12,121.2,1960-12-01,-2.4492935982947064e-16,1.0,0.7644927536231884,121.80000000000007,158.96666666666667
1961,1,82.1,1961-01-01,0.4999999999999999,0.8660254037844387,0.7681159420289855,110.06666666666673,148.54166666666666
1961,2,65.4,1961-02-01,0.8660254037844386,0.5000000000000001,0.7681159420289855,89.56666666666676,141.5
1961,3,75.2,1961-03-01,1.0,6.123233995736766e-17,0.7681159420289855,74.2333333333334,135.71666666666667
1961,4,86.9,1961-04-01,0.8660254037844387,-0.4999999999999998,0.7681159420289855,75.83333333333341,128.5666666666667
1961,5,72.3,1961-05-01,0.4999999999999999,-0.8660254037844387,0.7681159420289855,78.13333333333341,120.48333333333333
1961,6,109.5,1961-06-01,1.2246467991473532e-16,-1.0,0.7681159420289855,89.56666666666673,116.60833333333333
1961,7,99.3,1961-07-01,-0.4999999999999997,-0.8660254037844388,0.7681159420289855,93.70000000000009,110.51666666666667
1961,8,79.2,1961-08-01,-0.8660254037844385,-0.5000000000000004,0.7681159420289855,96.00000000000007,101.28333333333335
1961,9,90.1,1961-09-01,-1.0,-1.8369701987210294e-16,0.7681159420289855,89.53333333333342,93.78333333333332
1961,10,53.7,1961-10-01,-0.8660254037844386,0.5000000000000001,0.7681159420289855,74.33333333333341,88.48333333333333
1961,11,46.5,1961-11-01,-0.5000000000000004,0.8660254037844384,0.7681159420289855,63.433333333333415,81.78333333333333
1961,12,56.9,1961-12-01,-2.4492935982947064e-16,1.0,0.7681159420289855,52.36666666666674,76.425
1962,1,55.1,1962-01-01,0.4999999999999999,0.8660254037844387,0.7717391304347826,52.83333333333341,74.175
1962,2,71.7,1962-02-01,0.8660254037844386,0.5000000000000001,0.7717391304347826,61.233333333333405,74.7
1962,3,64.9,1962-03-01,1.0,6.123233995736766e-17,0.7717391304347826,63.90000000000007,73.84166666666667
1962,4,65.9,1962-04-01,0.8660254037844387,-0.4999999999999998,0.7717391304347826,67.50000000000007,72.09166666666667
1962,5,61.9,1962-05-01,0.4999999999999999,-0.8660254037844387,0.7717391304347826,64.23333333333342,71.225
1962,6,59.6,1962-06-01,1.2246467991473532e-16,-1.0,0.7717391304347826,62.46666666666675,67.06666666666666
1962,7,31.4,1962-07-01,-0.4999999999999997,-0.8660254037844388,0.7717391304347826,50.96666666666675,61.40833333333333
1962,8,31.5,1962-08-01,-0.8660254037844385,-0.5000000000000004,0.7717391304347826,40.83333333333341,57.43333333333333
1962,9,72.7,1962-09-01,-1.0,-1.8369701987210294e-16,0.7717391304347826,45.200000000000074,55.98333333333333
1962,10,56.1,1962-10-01,-0.8660254037844386,0.5000000000000001,0.7717391304347826,53.4333333333334,56.18333333333334
1962,11,38.8,1962-11-01,-0.5000000000000004,0.8660254037844384,0.7717391304347826,55.86666666666674,55.541666666666664
1962,12,33.2,1962-12-01,-2.4492935982947064e-16,1.0,0.7717391304347826,42.700000000000074,53.56666666666667
1963,1,28.7,1963-01-01,0.4999999999999999,0.8660254037844387,0.7753623188405797,33.56666666666674,51.36666666666667
1963,2,35.2,1963-02-01,0.8660254037844386,0.5000000000000001,0.7753623188405797,32.36666666666674,48.324999999999996
1963,3,24.8,1963-03-01,1.0,6.123233995736766e-17,0.7753623188405797,29.566666666666745,44.98333333333333
1963,4,41.7,1963-04-01,0.8660254037844387,-0.4999999999999998,0.7753623188405797,33.90000000000008,42.96666666666667
1963,5,61.1,1963-05-01,0.4999999999999999,-0.8660254037844387,0.7753623188405797,42.53333333333341,42.9
1963,6,51.2,1963-06-01,1.2246467991473532e-16,-1.0,0.7753623188405797,51.33333333333341,42.199999999999996
1963,7,28.7,1963-07-01,-0.4999999999999997,-0.8660254037844388,0.7753623188405797,47.00000000000008,41.975
1963,8,47.5,1963-08-01,-0.8660254037844385,-0.5000000000000004,0.7753623188405797,42.46666666666675,43.30833333333334
1963,9,55.2,1963-09-01,-1.0,-1.8369701987210294e-16,0.7753623188405797,43.80000000000007,41.85
1963,10,50.1,1963-10-01,-0.8660254037844386,0.5000000000000001,0.7753623188405797,50.933333333333415,41.35
1963,11,33.7,1963-11-01,-0.5000000000000004,0.8660254037844384,0.7753623188405797,46.33333333333341,40.925000000000004
1963,12,21.6,1963-12-01,-2.4492935982947064e-16,1.0,0.7753623188405797,35.13333333333341,39.958333333333336
1964,1,22.6,1964-01-01,0.4999999999999999,0.8660254037844387,0.7789855072463768,25.966666666666743,39.449999999999996
1964,2,25.3,1964-02-01,0.8660254037844386,0.5000000000000001,0.7789855072463768,23.166666666666742,38.625
1964,3,24.1,1964-03-01,1.0,6.123233995736766e-17,0.7789855072463768,24.000000000000075,38.56666666666667
1964,4,12.9,1964-04-01,0.8660254037844387,-0.4999999999999998,0.7789855072463768,20.766666666666744,36.166666666666664
1964,5,14.3,1964-05-01,0.4999999999999999,-0.8660254037844387,0.7789855072463768,17.100000000000076,32.266666666666666
1964,6,13.5,1964-06-01,1.2246467991473532e-16,-1.0,0.7789855072463768,13.566666666666743,29.125
1964,7,4.8,1964-07-01,-0.4999999999999997,-0.8660254037844388,0.7789855072463768,10.866666666666744,27.133333333333336
1964,8,13.8,1964-08-01,-0.8660254037844385,-0.5000000000000004,0.7789855072463768,10.700000000000074,24.325000000000003
1964,9,7.0,1964-09-01,-1.0,-1.8369701987210294e-16,0.7789855072463768,8.533333333333408,20.308333333333334
1964,10,9.2,1964-10-01,-0.8660254037844386,0.5000000000000001,0.7789855072463768,10.000000000000076,16.900000000000002
1964,11,11.1,1964-11-01,-0.5000000000000004,0.8660254037844384,0.7789855072463768,9.100000000000074,15.016666666666667
1964,12,22.1,1964-12-01,-2.4492935982947064e-16,1.0,0.7789855072463768,14.13333333333341,15.058333333333335
1965,1,25.4,1965-01-01,0.4999999999999999,0.8660254037844387,0.782608695652174,19.53333333333341,15.291666666666666
1965,2,20.8,1965-02-01,0.8660254037844386,0.5000000000000001,0.782608695652174,22.76666666666674,14.916666666666666
1965,3,17.5,1965-03-01,1.0,6.123233995736766e-17,0.782608695652174,21.23333333333341,14.366666666666665
1965,4,10.2,1965-04-01,0.8660254037844387,-0.4999999999999998,0.782608695652174,16.166666666666742,14.141666666666667
1965,5,34.5,1965-05-01,0.4999999999999999,-0.8660254037844387,0.782608695652174,20.73333333333341,15.825000000000001
1965,6,23.3,1965-06-01,1.2246467991473532e-16,-1.0,0.782608695652174,22.666666666666742,16.641666666666666
1965,7,17.3,1965-07-01,-0.4999999999999997,-0.8660254037844388,0.782608695652174,25.033333333333406,17.683333333333334
1965,8,13.3,1965-08-01,-0.8660254037844385,-0.5000000000000004,0.782608695652174,17.966666666666743,17.64166666666667
1965,9,24.5,1965-09-01,-1.0,-1.8369701987210294e-16,0.782608695652174,18.36666666666674,19.1
1965,10,29.1,1965-10-01,-0.8660254037844386,0.5000000000000001,0.782608695652174,22.30000000000008,20.758333333333333
1965,11,22.8,1965-11-01,-0.5000000000000004,0.8660254037844384,0.782608695652174,25.466666666666743,21.733333333333334
1965,12,24.7,1965-12-01,-2.4492935982947064e-16,1.0,0.782608695652174,25.533333333333406,21.95
1966,1,40.3,1966-01-01,0.4999999999999999,0.8660254037844387,0.7862318840579711,29.26666666666674,23.191666666666666
1966,2,35.3,1966-02-01,0.8660254037844386,0.5000000000000001,0.7862318840579711,33.43333333333341,24.399999999999995
1966,3,36.4,1966-03-01,1.0,6.123233995736766e-17,0.7862318840579711,37.33333333333341,25.974999999999998
1966,4,69.0,1966-04-01,0.8660254037844387,-0.4999999999999998,0.7862318840579711,46.90000000000007,30.875
1966,5,64.2,1966-05-01,0.4999999999999999,-0.8660254037844387,0.7862318840579711,56.53333333333342,33.35
1966,6,67.7,1966-06-01,1.2246467991473532e-16,-1.0,0.7862318840579711,66.96666666666674,37.050000000000004
1966,7,80.2,1966-07-01,-0.4999999999999997,-0.8660254037844388,0.7862318840579711,70.70000000000009,42.29166666666667
1966,8,72.6,1966-08-01,-0.8660254037844385,-0.5000000000000004,0.7862318840579711,73.50000000000007,47.23333333333334
1966,9,71.1,1966-09-01,-1.0,-1.8369701987210294e-16,0.7862318840579711,74.6333333333334,51.11666666666667
1966,10,81.2,1966-10-01,-0.8660254037844386,0.5000000000000001,0.7862318840579711,74.96666666666674,55.458333333333336
1966,11,81.0,1966-11-01,-0.5000000000000004,0.8660254037844384,0.7862318840579711,77.76666666666675,60.30833333333334
1966,12,99.8,1966-12-01,-2.4492935982947064e-16,1.0,0.7862318840579711,87.33333333333341,66.56666666666666
1967,1,157.0,1967-01-01,0.4999999999999999,0.8660254037844387,0.7898550724637681,112.60000000000008,76.29166666666667
1967,2,132.6,1967-02-01,0.8660254037844386,0.5000000000000001,0.7898550724637681,129.80000000000007,84.39999999999999
1967,3,158.3,1967-03-01,1.0,6.123233995736766e-17,0.7898550724637681,149.30000000000007,94.55833333333334
1967,4,98.4,1967-04-01,0.8660254037844387,-0.4999999999999998,0.7898550724637681,129.76666666666674,97.00833333333333
1967,5,122.5,1967-05-01,0.4999999999999999,-0.8660254037844387,0.7898550724637681,126.40000000000009,101.86666666666667
1967,6,95.4,1967-06-01,1.2246467991473532e-16,-1.0,0.7898550724637681,105.43333333333341,104.175
1967,7,129.5,1967-07-01,-0.4999999999999997,-0.8660254037844388,0.7898550724637681,115.80000000000007,108.28333333333335
1967,8,151.8,1967-08-01,-0.8660254037844385,-0.5000000000000004,0.7898550724637681,125.56666666666676,114.88333333333333
1967,9,108.7,1967-09-01,-1.0,-1.8369701987210294e-16,0.7898550724637681,130.00000000000009,118.01666666666667
1967,10,125.0,1967-10-01,-0.8660254037844386,0.5000000000000001,0.7898550724637681,128.50000000000009,121.66666666666667
1967,11,133.6,1967-11-01,-0.5000000000000004,0.8660254037844384,0.7898550724637681,122.4333333333334,126.05
1967,12,179.0,1967-12-01,-2.4492935982947064e-16,1.0,0.7898550724637681,145.86666666666676,132.65
1968,1,172.5,1968-01-01,0.4999999999999999,0.8660254037844387,0.7934782608695652,161.70000000000007,133.9416666666667
1968,2,158.5,1968-02-01,0.8660254037844386,0.5000000000000001,0.7934782608695652,170.00000000000009,136.1
1968,3,130.5,1968-03-01,1.0,6.123233995736766e-17,0.7934782608695652,153.8333333333334,133.78333333333333
1968,4,115.0,1968-04-01,0.8660254037844387,-0.4999999999999998,0.7934782608695652,134.66666666666674,135.16666666666666
1968,5,180.0,1968-05-01,0.4999999999999999,-0.8660254037844387,0.7934782608695652,141.8333333333334,139.95833333333334
1968,6,156.2,1968-06-01,1.2246467991473532e-16,-1.0,0.7934782608695652,150.40000000000006,145.025
1968,7,136.2,1968-07-01,-0.4999999999999997,-0.8660254037844388,0.7934782608695652,157.46666666666673,145.58333333333334
1968,8,154.8,1968-08-01,-0.8660254037844385,-0.5000000000000004,0.7934782608695652,149.06666666666672,145.83333333333334
1968,9,166.0,1968-09-01,-1.0,-1.8369701987210294e-16,0.7934782608695652,152.3333333333334,150.60833333333332
1968,10,152.5,1968-10-01,-0.8660254037844386,0.5000000000000001,0.7934782608695652,157.76666666666674,152.9
1968,11,121.7,1968-11-01,-0.5000000000000004,0.8660254037844384,0.7934782608695652,146.7333333333334,151.90833333333333
1968,12,155.5,1968-12-01,-2.4492935982947064e-16,1.0,0.7934782608695652,143.2333333333334,149.95000000000002
1969,1,147.8,1969-01-01,0.4999999999999999,0.8660254037844387,0.7971014492753623,141.66666666666674,147.89166666666668
1969,2,170.5,1969-02-01,0.8660254037844386,0.5000000000000001,0.7971014492753623,157.93333333333342,148.89166666666665
1969,3,192.3,1969-03-01,1.0,6.123233995736766e-17,0.7971014492753623,170.20000000000007,154.04166666666666
1969,4,151.1,1969-04-01,0.8660254037844387,-0.4999999999999998,0.7971014492753623,171.30000000000007,157.04999999999998
1969,5,169.9,1969-05-01,0.4999999999999999,-0.8660254037844387,0.7971014492753623,171.10000000000005,156.20833333333334
1969,6,150.1,1969-06-01,1.2246467991473532e-16,-1.0,0.7971014492753623,157.03333333333342,155.70000000000002
1969,7,137.1,1969-07-01,-0.4999999999999997,-0.8660254037844388,0.7971014492753623,152.36666666666673,155.775
1969,8,138.8,1969-08-01,-0.8660254037844385,-0.5000000000000004,0.7971014492753623,142.00000000000009,154.4416666666667
1969,9,129.3,1969-09-01,-1.0,-1.8369701987210294e-16,0.7971014492753623,135.06666666666675,151.38333333333335
1969,10,135.4,1969-10-01,-0.8660254037844386,0.5000000000000001,0.7971014492753623,134.50000000000009,149.95833333333334
1969,11,132.4,1969-11-01,-0.5000000000000004,0.8660254037844384,0.7971014492753623,132.36666666666676,150.85
1969,12,138.6,1969-12-01,-2.4492935982947064e-16,1.0,0.7971014492753623,135.46666666666673,149.44166666666666
1970,1,157.9,1970-01-01,0.4999999999999999,0.8660254037844387,0.8007246376811594,142.96666666666675,150.28333333333333
1970,2,180.8,1970-02-01,0.8660254037844386,0.5000000000000001,0.8007246376811594,159.10000000000008,151.14166666666668
1970,3,145.7,1970-03-01,1.0,6.123233995736766e-17,0.8007246376811594,161.46666666666675,147.25833333333335
1970,4,155.1,1970-04-01,0.8660254037844387,-0.4999999999999998,0.8007246376811594,160.53333333333342,147.59166666666667
1970,5,180.5,1970-05-01,0.4999999999999999,-0.8660254037844387,0.8007246376811594,160.4333333333334,148.475
1970,6,151.3,1970-06-01,1.2246467991473532e-16,-1.0,0.8007246376811594,162.30000000000007,148.57500000000002
1970,7,159.3,1970-07-01,-0.4999999999999997,-0.8660254037844388,0.8007246376811594,163.70000000000007,150.425
1970,8,131.7,1970-08-01,-0.8660254037844385,-0.5000000000000004,0.8007246376811594,147.4333333333334,149.83333333333334
1970,9,140.8,1970-09-01,-1.0,-1.8369701987210294e-16,0.8007246376811594,143.93333333333342,150.79166666666666
1970,10,122.6,1970-10-01,-0.8660254037844386,0.5000000000000001,0.8007246376811594,131.70000000000007,149.725
1970,11,134.8,1970-11-01,-0.5000000000000004,0.8660254037844384,0.8007246376811594,132.7333333333334,149.92499999999998
1970,12,118.2,1970-12-01,-2.4492935982947064e-16,1.0,0.8007246376811594,125.20000000000006,148.225
1971,1,129.2,1971-01-01,0.4999999999999999,0.8660254037844387,0.8043478260869565,127.40000000000008,145.83333333333334
1971,2,111.8,1971-02-01,0.8660254037844386,0.5000000000000001,0.8043478260869565,119.7333333333334,140.08333333333334
1971,3,85.9,1971-03-01,1.0,6.123233995736766e-17,0.8043478260869565,108.96666666666674,135.1
1971,4,101.6,1971-04-01,0.8660254037844387,-0.4999999999999998,0.8043478260869565,99.76666666666675,130.64166666666668
1971,5,81.5,1971-05-01,0.4999999999999999,-0.8660254037844387,0.8043478260869565,89.66666666666674,122.39166666666667
1971,6,70.7,1971-06-01,1.2246467991473532e-16,-1.0,0.8043478260869565,84.60000000000008,115.675
1971,7,114.7,1971-07-01,-0.4999999999999997,-0.8660254037844388,0.8043478260869565,88.96666666666674,111.95833333333333
1971,8,87.0,1971-08-01,-0.8660254037844385,-0.5000000000000004,0.8043478260869565,90.80000000000007,108.23333333333333
1971,9,71.3,1971-09-01,-1.0,-1.8369701987210294e-16,0.8043478260869565,91.00000000000007,102.44166666666666
1971,10,73.4,1971-10-01,-0.8660254037844386,0.5000000000000001,0.8043478260869565,77.23333333333342,98.34166666666668
1971,11,89.5,1971-11-01,-0.5000000000000004,0.8660254037844384,0.8043478260869565,78.06666666666673,94.56666666666668
1971,12,116.5,1971-12-01,-2.4492935982947064e-16,1.0,0.8043478260869565,93.1333333333334,94.425
1972,1,87.0,1972-01-01,0.4999999999999999,0.8660254037844387,0.8079710144927537,97.66666666666674,90.90833333333335
1972,2,125.3,1972-02-01,0.8660254037844386,0.5000000000000001,0.8079710144927537,109.60000000000008,92.03333333333335
1972,3,113.5,1972-03-01,1.0,6.123233995736766e-17,0.8079710144927537,108.60000000000008,94.33333333333333
1972,4,89.6,1972-04-01,0.8660254037844387,-0.4999999999999998,0.8079710144927537,109.46666666666674,93.33333333333333
1972,5,113.9,1972-05-01,0.4999999999999999,-0.8660254037844387,0.8079710144927537,105.66666666666674,96.03333333333335
1972,6,124.7,1972-06-01,1.2246467991473532e-16,-1.0,0.8079710144927537,109.40000000000008,100.53333333333335
1972,7,108.3,1972-07-01,-0.4999999999999997,-0.8660254037844388,0.8079710144927537,115.63333333333343,100.0
1972,8,108.9,1972-08-01,-0.8660254037844385,-0.5000000000000004,0.8079710144927537,113.96666666666674,101.82499999999999
1972,9,90.7,1972-09-01,-1.0,-1.8369701987210294e-16,0.8079710144927537,102.6333333333334,103.44166666666666
1972,10,86.9,1972-10-01,-0.8660254037844386,0.5000000000000001,0.8079710144927537,95.50000000000007,104.56666666666666
1972,11,59.2,1972-11-01,-0.5000000000000004,0.8660254037844384,0.8079710144927537,78.93333333333341,102.04166666666667
1972,12,64.3,1972-12-01,-2.4492935982947064e-16,1.0,0.8079710144927537,70.13333333333341,97.69166666666666
1973,1,61.8,1973-01-01,0.4999999999999999,0.8660254037844387,0.8115942028985508,61.766666666666744,95.59166666666665
1973,2,60.9,1973-02-01,0.8660254037844386,0.5000000000000001,0.8115942028985508,62.33333333333341,90.22500000000001
1973,3,65.4,1973-03-01,1.0,6.123233995736766e-17,0.8115942028985508,62.70000000000008,86.21666666666665
1973,4,81.8,1973-04-01,0.8660254037844387,-0.4999999999999998,0.8115942028985508,69.36666666666675,85.56666666666666
1973,5,60.3,1973-05-01,0.4999999999999999,-0.8660254037844387,0.8115942028985508,69.16666666666674,81.1
1973,6,56.1,1973-06-01,1.2246467991473532e-16,-1.0,0.8115942028985508,66.06666666666673,75.38333333333334
1973,7,33.2,1973-07-01,-0.4999999999999997,-0.8660254037844388,0.8115942028985508,49.86666666666674,69.125
1973,8,36.6,1973-08-01,-0.8660254037844385,-0.5000000000000004,0.8115942028985508,41.96666666666675,63.1
1973,9,84.1,1973-09-01,-1.0,-1.8369701987210294e-16,0.8115942028985508,51.300000000000075,62.54999999999999
1973,10,43.7,1973-10-01,-0.8660254037844386,0.5000000000000001,0.8115942028985508,54.80000000000007,58.949999999999996
1973,11,34.3,1973-11-01,-0.5000000000000004,0.8660254037844384,0.8115942028985508,54.03333333333341,56.875
1973,12,33.3,1973-12-01,-2.4492935982947064e-16,1.0,0.8115942028985508,37.10000000000007,54.291666666666664
1974,1,39.4,1974-01-01,0.4999999999999999,0.8660254037844387,0.8152173913043478,35.66666666666674,52.425000000000004
1974,2,37.3,1974-02-01,0.8660254037844386,0.5000000000000001,0.8152173913043478,36.66666666666674,50.458333333333336
1974,3,30.9,1974-03-01,1.0,6.123233995736766e-17,0.8152173913043478,35.86666666666674,47.58333333333332
1974,4,57.5,1974-04-01,0.8660254037844387,-0.4999999999999998,0.8152173913043478,41.90000000000007,45.55833333333333
1974,5,56.3,1974-05-01,0.4999999999999999,-0.8660254037844387,0.8152173913043478,48.233333333333405,45.225
1974,6,51.5,1974-06-01,1.2246467991473532e-16,-1.0,0.8152173913043478,55.10000000000008,44.84166666666667
1974,7,79.1,1974-07-01,-0.4999999999999997,-0.8660254037844388,0.8152173913043478,62.30000000000007,48.666666666666664
1974,8,47.9,1974-08-01,-0.8660254037844385,-0.5000000000000004,0.8152173913043478,59.500000000000064,49.60833333333333
1974,9,57.2,1974-09-01,-1.0,-1.8369701987210294e-16,0.8152173913043478,61.40000000000007,47.36666666666667
1974,10,67.2,1974-10-01,-0.8660254037844386,0.5000000000000001,0.8152173913043478,57.433333333333415,49.32500000000001
1974,11,35.9,1974-11-01,-0.5000000000000004,0.8660254037844384,0.8152173913043478,53.433333333333415,49.458333333333336
1974,12,29.6,1974-12-01,-2.4492935982947064e-16,1.0,0.8152173913043478,44.23333333333341,49.15
1975,1,27.3,1975-01-01,0.4999999999999999,0.8660254037844387,0.8188405797101449,30.933333333333408,48.14166666666667
1975,2,16.7,1975-02-01,0.8660254037844386,0.5000000000000001,0.8188405797101449,24.533333333333406,46.42499999999999
1975,3,16.9,1975-03-01,1.0,6.123233995736766e-17,0.8188405797101449,20.300000000000075,45.25833333333333
1975,4,7.7,1975-04-01,0.8660254037844387,-0.4999999999999998,0.8188405797101449,13.766666666666742,41.108333333333334
1975,5,13.1,1975-05-01,0.4999999999999999,-0.8660254037844387,0.8188405797101449,12.566666666666743,37.50833333333333
1975,6,16.7,1975-06-01,1.2246467991473532e-16,-1.0,0.8188405797101449,12.500000000000076,34.608333333333334
1975,7,40.4,1975-07-01,-0.4999999999999997,-0.8660254037844388,0.8188405797101449,23.400000000000077,31.383333333333336
1975,8,56.7,1975-08-01,-0.8660254037844385,-0.5000000000000004,0.8188405797101449,37.93333333333341,32.11666666666667
1975,9,20.3,1975-09-01,-1.0,-1.8369701987210294e-16,0.8188405797101449,39.133333333333404,29.041666666666668
1975,10,13.6,1975-10-01,-0.8660254037844386,0.5000000000000001,0.8188405797101449,30.200000000000077,24.575
1975,11,27.9,1975-11-01,-0.5000000000000004,0.8660254037844384,0.8188405797101449,20.600000000000076,23.908333333333335
1975,12,11.6,1975-12-01,-2.4492935982947064e-16,1.0,0.8188405797101449,17.700000000000077,22.40833333333333
1976,1,11.9,1976-01-01,0.4999999999999999,0.8660254037844387,0.822463768115942,17.133333333333407,21.125
1976,2,6.4,1976-02-01,0.8660254037844386,0.5000000000000001,0.822463768115942,9.966666666666741,20.266666666666666
1976,3,31.5,1976-03-01,1.0,6.123233995736766e-17,0.822463768115942,16.600000000000076,21.483333333333334
1976,4,27.3,1976-04-01,0.8660254037844387,-0.4999999999999998,0.822463768115942,21.73333333333341,23.116666666666664
1976,5,18.2,1976-05-01,0.4999999999999999,-0.8660254037844387,0.822463768115942,25.666666666666742,23.541666666666668
1976,6,17.9,1976-06-01,1.2246467991473532e-16,-1.0,0.822463768115942,21.133333333333407,23.641666666666666
1976,7,2.9,1976-07-01,-0.4999999999999997,-0.8660254037844388,0.822463768115942,13.000000000000073,20.51666666666667
1976,8,24.1,1976-08-01,-0.8660254037844385,-0.5000000000000004,0.822463768115942,14.966666666666741,17.8
1976,9,20.0,1976-09-01,-1.0,-1.8369701987210294e-16,0.822463768115942,15.666666666666742,17.775
1976,10,29.7,1976-10-01,-0.8660254037844386,0.5000000000000001,0.822463768115942,24.600000000000076,19.116666666666664
1976,11,7.9,1976-11-01,-0.5000000000000004,0.8660254037844384,0.822463768115942,19.200000000000077,17.45
1976,12,22.3,1976-12-01,-2.4492935982947064e-16,1.0,0.822463768115942,19.966666666666743,18.341666666666665
1977,1,23.8,1977-01-01,0.4999999999999999,0.8660254037844387,0.8260869565217391,18.000000000000075,19.333333333333332
1977,2,33.3,1977-02-01,0.8660254037844386,0.5000000000000001,0.8260869565217391,26.466666666666743,21.575
1977,3,13.0,1977-03-01,1.0,6.123233995736766e-17,0.8260869565217391,23.36666666666674,20.033333333333335
1977,4,19.0,1977-04-01,0.8660254037844387,-0.4999999999999998,0.8260869565217391,21.76666666666674,19.341666666666665
1977,5,27.0,1977-05-01,0.4999999999999999,-0.8660254037844387,0.8260869565217391,19.666666666666742,20.075
1977,6,54.9,1977-06-01,1.2246467991473532e-16,-1.0,0.8260869565217391,33.63333333333341,23.15833333333333
1977,7,30.6,1977-07-01,-0.4999999999999997,-0.8660254037844388,0.8260869565217391,37.50000000000008,25.46666666666667
1977,8,43.0,1977-08-01,-0.8660254037844385,-0.5000000000000004,0.8260869565217391,42.83333333333341,27.041666666666668
1977,9,62.4,1977-09-01,-1.0,-1.8369701987210294e-16,0.8260869565217391,45.33333333333341,30.575
1977,10,62.1,1977-10-01,-0.8660254037844386,0.5000000000000001,0.8260869565217391,55.83333333333341,33.275
1977,11,41.6,1977-11-01,-0.5000000000000004,0.8660254037844384,0.8260869565217391,55.36666666666674,36.083333333333336
1977,12,61.4,1977-12-01,-2.4492935982947064e-16,1.0,0.8260869565217391,55.03333333333341,39.34166666666667
1978,1,73.7,1978-01-01,0.4999999999999999,0.8660254037844387,0.8297101449275363,58.90000000000007,43.5
1978,2,132.6,1978-02-01,0.8660254037844386,0.5000000000000001,0.8297101449275363,89.23333333333342,51.775
1978,3,108.4,1978-03-01,1.0,6.123233995736766e-17,0.8297101449275363,104.90000000000009,59.725
1978,4,141.2,1978-04-01,0.8660254037844387,-0.4999999999999998,0.8297101449275363,127.40000000000009,69.90833333333333
1978,5,117.1,1978-05-01,0.4999999999999999,-0.8660254037844387,0.8297101449275363,122.2333333333334,77.41666666666667
1978,6,134.6,1978-06-01,1.2246467991473532e-16,-1.0,0.8297101449275363,130.96666666666673,84.05833333333334
1978,7,99.7,1978-07-01,-0.4999999999999997,-0.8660254037844388,0.8297101449275363,117.1333333333334,89.81666666666666
1978,8,82.4,1978-08-01,-0.8660254037844385,-0.5000000000000004,0.8297101449275363,105.56666666666673,93.10000000000001
1978,9,195.7,1978-09-01,-1.0,-1.8369701987210294e-16,0.8297101449275363,125.9333333333334,104.20833333333333
1978,10,177.1,1978-10-01,-0.8660254037844386,0.5000000000000001,0.8297101449275363,151.7333333333334,113.79166666666667
1978,11,138.5,1978-11-01,-0.5000000000000004,0.8660254037844384,0.8297101449275363,170.4333333333334,121.86666666666667
1978,12,173.9,1978-12-01,-2.4492935982947064e-16,1.0,0.8297101449275363,163.16666666666674,131.24166666666667
1979,1,235.9,1979-01-01,0.4999999999999999,0.8660254037844387,0.8333333333333334,182.76666666666674,144.75833333333333
1979,2,194.7,1979-02-01,0.8660254037844386,0.5000000000000001,0.8333333333333334,201.50000000000009,149.93333333333334
1979,3,195.3,1979-03-01,1.0,6.123233995736766e-17,0.8333333333333334,208.6333333333334,157.17499999999998
1979,4,143.7,1979-04-01,0.8660254037844387,-0.4999999999999998,0.8333333333333334,177.9000000000001,157.38333333333333
1979,5,190.3,1979-05-01,0.4999999999999999,-0.8660254037844387,0.8333333333333334,176.4333333333334,163.48333333333332
1979,6,211.7,1979-06-01,1.2246467991473532e-16,-1.0,0.8333333333333334,181.9000000000001,169.90833333333333
1979,7,225.7,1979-07-01,-0.4999999999999997,-0.8660254037844388,0.8333333333333334,209.23333333333338,180.40833333333333
1979,8,201.4,1979-08-01,-0.8660254037844385,-0.5000000000000004,0.8333333333333334,212.9333333333334,190.32500000000002
1979,9,266.9,1979-09-01,-1.0,-1.8369701987210294e-16,0.8333333333333334,231.33333333333337,196.25833333333333
1979,10,263.6,1979-10-01,-0.8660254037844386,0.5000000000000001,0.8333333333333334,243.96666666666673,203.4666666666667
1979,11,259.5,1979-11-01,-0.5000000000000004,0.8660254037844384,0.8333333333333334,263.3333333333334,213.55000000000004
1979,12,249.6,1979-12-01,-2.4492935982947064e-16,1.0,0.8333333333333334,257.5666666666667,219.85833333333335
1980,1,226.1,1980-01-01,0.4999999999999999,0.8660254037844387,0.8369565217391305,245.06666666666672,219.04166666666666
1980,2,219.4,1980-02-01,0.8660254037844386,0.5000000000000001,0.8369565217391305,231.70000000000005,221.10000000000002
1980,3,178.7,1980-03-01,1.0,6.123233995736766e-17,0.8369565217391305,208.06666666666672,219.71666666666667
1980,4,232.2,1980-04-01,0.8660254037844387,-0.4999999999999998,0.8369565217391305,210.10000000000005,227.0916666666667
1980,5,254.7,1980-05-01,0.4999999999999999,-0.8660254037844387,0.8369565217391305,221.8666666666667,232.45833333333334
1980,6,222.7,1980-06-01,1.2246467991473532e-16,-1.0,0.8369565217391305,236.5333333333334,233.375
1980,7,192.9,1980-07-01,-0.4999999999999997,-0.8660254037844388,0.8369565217391305,223.4333333333334,230.64166666666665
1980,8,191.7,1980-08-01,-0.8660254037844385,-0.5000000000000004,0.8369565217391305,202.4333333333334,229.83333333333334
1980,9,219.6,1980-09-01,-1.0,-1.8369701987210294e-16,0.8369565217391305,201.40000000000006,225.89166666666668
1980,10,233.3,1980-10-01,-0.8660254037844386,0.5000000000000001,0.8369565217391305,214.8666666666667,223.36666666666665
1980,11,209.5,1980-11-01,-0.5000000000000004,0.8660254037844384,0.8369565217391305,220.80000000000007,219.19999999999996
1980,12,246.9,1980-12-01,-2.4492935982947064e-16,1.0,0.8369565217391305,229.90000000000006,218.975
1981,1,156.6,1981-01-01,0.4999999999999999,0.8660254037844387,0.8405797101449275,204.3333333333334,213.1833333333333
1981,2,189.9,1981-02-01,0.8660254037844386,0.5000000000000001,0.8405797101449275,197.80000000000007,210.725
1981,3,196.6,1981-03-01,1.0,6.123233995736766e-17,0.8405797101449275,181.0333333333334,212.21666666666667
1981,4,225.3,1981-04-01,0.8660254037844387,-0.4999999999999998,0.8405797101449275,203.9333333333334,211.64166666666665
1981,5,194.7,1981-05-01,0.4999999999999999,-0.8660254037844387,0.8405797101449275,205.5333333333334,206.64166666666665
1981,6,131.6,1981-06-01,1.2246467991473532e-16,-1.0,0.8405797101449275,183.8666666666667,199.05000000000004
1981,7,205.3,1981-07-01,-0.4999999999999997,-0.8660254037844388,0.8405797101449275,177.20000000000005,200.08333333333334
1981,8,242.5,1981-08-01,-0.8660254037844385,-0.5000000000000004,0.8405797101449275,193.13333333333335,204.3166666666667
1981,9,245.3,1981-09-01,-1.0,-1.8369701987210294e-16,0.8405797101449275,231.0333333333334,206.45833333333334
1981,10,216.2,1981-10-01,-0.8660254037844386,0.5000000000000001,0.8405797101449275,234.66666666666674,205.03333333333333
1981,11,186.0,1981-11-01,-0.5000000000000004,0.8660254037844384,0.8405797101449275,215.8333333333334,203.07500000000002
1981,12,195.4,1981-12-01,-2.4492935982947064e-16,1.0,0.8405797101449275,199.20000000000005,198.78333333333333
1982,1,149.8,1982-01-01,0.4999999999999999,0.8660254037844387,0.8442028985507246,177.06666666666672,198.2166666666667
1982,2,230.9,1982-02-01,0.8660254037844386,0.5000000000000001,0.8442028985507246,192.0333333333334,201.63333333333333
1982,3,221.1,1982-03-01,1.0,6.123233995736766e-17,0.8442028985507246,200.60000000000005,203.67500000000004
1982,4,170.3,1982-04-01,0.8660254037844387,-0.4999999999999998,0.8442028985507246,207.4333333333334,199.09166666666667
1982,5,119.3,1982-05-01,0.4999999999999999,-0.8660254037844387,0.8442028985507246,170.23333333333338,192.80833333333337
1982,6,163.7,1982-06-01,1.2246467991473532e-16,-1.0,0.8442028985507246,151.10000000000005,195.48333333333335
1982,7,139.4,1982-07-01,-0.4999999999999997,-0.8660254037844388,0.8442028985507246,140.80000000000004,189.99166666666667
1982,8,161.9,1982-08-01,-0.8660254037844385,-0.5000000000000004,0.8442028985507246,155.00000000000006,183.275
1982,9,167.4,1982-09-01,-1.0,-1.8369701987210294e-16,0.8442028985507246,156.23333333333338,176.78333333333333
1982,10,134.3,1982-10-01,-0.8660254037844386,0.5000000000000001,0.8442028985507246,154.53333333333342,169.95833333333334
1982,11,127.5,1982-11-01,-0.5000000000000004,0.8660254037844384,0.8442028985507246,143.06666666666672,165.08333333333334
1982,12,169.0,1982-12-01,-2.4492935982947064e-16,1.0,0.8442028985507246,143.60000000000005,162.88333333333333
1983,1,115.5,1983-01-01,0.4999999999999999,0.8660254037844387,0.8478260869565217,137.33333333333337,160.025
1983,2,73.1,1983-02-01,0.8660254037844386,0.5000000000000001,0.8478260869565217,119.20000000000005,146.875
1983,3,88.7,1983-03-01,1.0,6.123233995736766e-17,0.8478260869565217,92.4333333333334,135.84166666666667
1983,4,109.6,1983-04-01,0.8660254037844387,-0.4999999999999998,0.8478260869565217,90.46666666666671,130.78333333333333
1983,5,132.5,1983-05-01,0.4999999999999999,-0.8660254037844387,0.8478260869565217,110.26666666666672,131.88333333333333
1983,6,131.5,1983-06-01,1.2246467991473532e-16,-1.0,0.8478260869565217,124.53333333333337,129.20000000000002
1983,7,108.9,1983-07-01,-0.4999999999999997,-0.8660254037844388,0.8478260869565217,124.30000000000005,126.65833333333335
1983,8,96.0,1983-08-01,-0.8660254037844385,-0.5000000000000004,0.8478260869565217,112.13333333333338,121.16666666666667
1983,9,69.9,1983-09-01,-1.0,-1.8369701987210294e-16,0.8478260869565217,91.60000000000007,113.04166666666667
1983,10,72.5,1983-10-01,-0.8660254037844386,0.5000000000000001,0.8478260869565217,79.46666666666671,107.89166666666667
1983,11,45.7,1983-11-01,-0.5000000000000004,0.8660254037844384,0.8478260869565217,62.700000000000045,101.075
1983,12,45.6,1983-12-01,-2.4492935982947064e-16,1.0,0.8478260869565217,54.60000000000005,90.79166666666667
1984,1,74.8,1984-01-01,0.4999999999999999,0.8660254037844387,0.8514492753623188,55.36666666666671,87.39999999999999
1984,2,110.2,1984-02-01,0.8660254037844386,0.5000000000000001,0.8514492753623188,76.86666666666672,90.49166666666667
1984,3,116.7,1984-03-01,1.0,6.123233995736766e-17,0.8514492753623188,100.56666666666672,92.825
1984,4,90.4,1984-04-01,0.8660254037844387,-0.4999999999999998,0.8514492753623188,105.76666666666671,91.22500000000001
1984,5,96.9,1984-05-01,0.4999999999999999,-0.8660254037844387,0.8514492753623188,101.33333333333339,88.25833333333333
1984,6,65.1,1984-06-01,1.2246467991473532e-16,-1.0,0.8514492753623188,84.13333333333338,82.72500000000001
1984,7,55.7,1984-07-01,-0.4999999999999997,-0.8660254037844388,0.8514492753623188,72.5666666666667,78.29166666666667
1984,8,35.0,1984-08-01,-0.8660254037844385,-0.5000000000000004,0.8514492753623188,51.93333333333337,73.20833333333333
1984,9,22.6,1984-09-01,-1.0,-1.8369701987210294e-16,0.8514492753623188,37.76666666666671,69.26666666666667
1984,10,12.6,1984-10-01,-0.8660254037844386,0.5000000000000001,0.8514492753623188,23.400000000000045,64.275
1984,11,26.5,1984-11-01,-0.5000000000000004,0.8660254037844384,0.8514492753623188,20.56666666666671,62.675000000000004
1984,12,21.4,1984-12-01,-2.4492935982947064e-16,1.0,0.8514492753623188,20.16666666666671,60.65833333333333
1985,1,17.8,1985-01-01,0.4999999999999999,0.8660254037844387,0.855072463768116,21.900000000000045,55.90833333333334
1985,2,20.7,1985-02-01,0.8660254037844386,0.5000000000000001,0.855072463768116,19.966666666666708,48.449999999999996
1985,3,16.9,1985-03-01,1.0,6.123233995736766e-17,0.855072463768116,18.466666666666708,40.13333333333333
1985,4,20.4,1985-04-01,0.8660254037844387,-0.4999999999999998,0.855072463768116,19.333333333333375,34.300000000000004
1985,5,32.4,1985-05-01,0.4999999999999999,-0.8660254037844387,0.855072463768116,23.233333333333377,28.925
1985,6,28.3,1985-06-01,1.2246467991473532e-16,-1.0,0.855072463768116,27.033333333333374,25.85833333333333
1985,7,39.9,1985-07-01,-0.4999999999999997,-0.8660254037844388,0.855072463768116,33.53333333333338,24.541666666666668
1985,8,10.1,1985-08-01,-0.8660254037844385,-0.5000000000000004,0.855072463768116,26.10000000000004,22.466666666666665
1985,9,4.3,1985-09-01,-1.0,-1.8369701987210294e-16,0.855072463768116,18.10000000000004,20.941666666666666
1985,10,22.0,1985-10-01,-0.8660254037844386,0.5000000000000001,0.855072463768116,12.133333333333377,21.724999999999998
1985,11,17.9,1985-11-01,-0.5000000000000004,0.8660254037844384,0.855072463768116,14.733333333333377,21.008333333333333
1985,12,15.8,1985-12-01,-2.4492935982947064e-16,1.0,0.855072463768116,18.56666666666671,20.541666666666668
1986,1,2.8,1986-01-01,0.4999999999999999,0.8660254037844387,0.8586956521739131,12.166666666666712,19.291666666666668
1986,2,27.9,1986-02-01,0.8660254037844386,0.5000000000000001,0.8586956521739131,15.500000000000044,19.891666666666666
1986,3,13.8,1986-03-01,1.0,6.123233995736766e-17,0.8586956521739131,14.833333333333378,19.633333333333336
1986,4,22.4,1986-04-01,0.8660254037844387,-0.4999999999999998,0.8586956521739131,21.366666666666713,19.8
1986,5,16.1,1986-05-01,0.4999999999999999,-0.8660254037844387,0.8586956521739131,17.433333333333376,18.441666666666666
1986,6,0.6,1986-06-01,1.2246467991473532e-16,-1.0,0.8586956521739131,13.03333333333338,16.133333333333333
1986,7,18.1,1986-07-01,-0.4999999999999997,-0.8660254037844388,0.8586956521739131,11.600000000000046,14.316666666666665
1986,8,9.9,1986-08-01,-0.8660254037844385,-0.5000000000000004,0.8586956521739131,9.53333333333338,14.299999999999999
1986,9,5.1,1986-09-01,-1.0,-1.8369701987210294e-16,0.8586956521739131,11.03333333333338,14.366666666666667
1986,10,40.1,1986-10-01,-0.8660254037844386,0.5000000000000001,0.8586956521739131,18.366666666666713,15.875
1986,11,15.4,1986-11-01,-0.5000000000000004,0.8660254037844384,0.8586956521739131,20.200000000000045,15.666666666666666
1986,12,5.8,1986-12-01,-2.4492935982947064e-16,1.0,0.8586956521739131,20.43333333333338,14.833333333333334
1987,1,9.8,1987-01-01,0.4999999999999999,0.8660254037844387,0.8623188405797102,10.333333333333378,15.416666666666666
1987,2,3.4,1987-02-01,0.8660254037844386,0.5000000000000001,0.8623188405797102,6.333333333333378,13.375
1987,3,17.4,1987-03-01,1.0,6.123233995736766e-17,0.8623188405797102,10.200000000000044,13.674999999999999
1987,4,46.0,1987-04-01,0.8660254037844387,-0.4999999999999998,0.8623188405797102,22.26666666666671,15.641666666666667
1987,5,39.1,1987-05-01,0.4999999999999999,-0.8660254037844387,0.8623188405797102,34.166666666666714,17.558333333333334
1987,6,18.8,1987-06-01,1.2246467991473532e-16,-1.0,0.8623188405797102,34.633333333333375,19.075
1987,7,38.2,1987-07-01,-0.4999999999999997,-0.8660254037844388,0.8623188405797102,32.03333333333338,20.75
1987,8,47.9,1987-08-01,-0.8660254037844385,-0.5000000000000004,0.8623188405797102,34.96666666666672,23.916666666666668
1987,9,42.2,1987-09-01,-1.0,-1.8369701987210294e-16,0.8623188405797102,42.766666666666715,27.00833333333333
1987,10,63.4,1987-10-01,-0.8660254037844386,0.5000000000000001,0.8623188405797102,51.166666666666714,28.950000000000003
1987,11,48.8,1987-11-01,-0.5000000000000004,0.8660254037844384,0.8623188405797102,51.46666666666672,31.73333333333333
1987,12,29.1,1987-12-01,-2.4492935982947064e-16,1.0,0.8623188405797102,47.10000000000005,33.675000000000004
1988,1,70.5,1988-01-01,0.4999999999999999,0.8660254037844387,0.8659420289855072,49.46666666666672,38.733333333333334
1988,2,45.4,1988-02-01,0.8660254037844386,0.5000000000000001,0.8659420289855072,48.33333333333338,42.23333333333333
1988,3,91.2,1988-03-01,1.0,6.123233995736766e-17,0.8659420289855072,69.03333333333339,48.38333333333333
1988,4,108.8,1988-04-01,0.8660254037844387,-0.4999999999999998,0.8659420289855072,81.80000000000005,53.61666666666667
1988,5,74.2,1988-05-01,0.4999999999999999,-0.8660254037844387,0.8659420289855072,91.40000000000005,56.541666666666664
1988,6,124.3,1988-06-01,1.2246467991473532e-16,-1.0,0.8659420289855072,102.4333333333334,65.33333333333333
1988,7,131.4,1988-07-01,-0.4999999999999997,-0.8660254037844388,0.8659420289855072,109.96666666666671,73.10000000000001
1988,8,139.4,1988-08-01,-0.8660254037844385,-0.5000000000000004,0.8659420289855072,131.70000000000005,80.72500000000001
1988,9,142.7,1988-09-01,-1.0,-1.8369701987210294e-16,0.8659420289855072,137.83333333333337,89.10000000000001
1988,10,156.5,1988-10-01,-0.8660254037844386,0.5000000000000001,0.8659420289855072,146.20000000000005,96.85833333333333
1988,11,156.8,1988-11-01,-0.5000000000000004,0.8660254037844384,0.8659420289855072,152.00000000000009,105.85833333333333
1988,12,231.2,1988-12-01,-2.4492935982947064e-16,1.0,0.8659420289855072,181.50000000000003,122.69999999999999
1989,1,210.1,1989-01-01,0.4999999999999999,0.8660254037844387,0.8695652173913043,199.3666666666667,134.33333333333334
1989,2,208.7,1989-02-01,0.8660254037844386,0.5000000000000001,0.8695652173913043,216.66666666666674,147.94166666666666
1989,3,170.4,1989-03-01,1.0,6.123233995736766e-17,0.8695652173913043,196.40000000000006,154.54166666666666
1989,4,166.3,1989-04-01,0.8660254037844387,-0.4999999999999998,0.8695652173913043,181.80000000000007,159.33333333333334
1989,5,195.4,1989-05-01,0.4999999999999999,-0.8660254037844387,0.8695652173913043,177.3666666666667,169.43333333333334
1989,6,284.5,1989-06-01,1.2246467991473532e-16,-1.0,0.8695652173913043,215.4000000000001,182.78333333333333
1989,7,180.5,1989-07-01,-0.4999999999999997,-0.8660254037844388,0.8695652173913043,220.13333333333335,186.875
1989,8,232.0,1989-08-01,-0.8660254037844385,-0.5000000000000004,0.8695652173913043,232.3333333333334,194.59166666666667
1989,9,225.1,1989-09-01,-1.0,-1.8369701987210294e-16,0.8695652173913043,212.5333333333334,201.45833333333334
1989,10,212.2,1989-10-01,-0.8660254037844386,0.5000000000000001,0.8695652173913043,223.10000000000005,206.1
1989,11,238.2,1989-11-01,-0.5000000000000004,0.8660254037844384,0.8695652173913043,225.1666666666667,212.88333333333333
1989,12,211.4,1989-12-01,-2.4492935982947064e-16,1.0,0.8695652173913043,220.60000000000005,211.23333333333335
1990,1,227.4,1990-01-01,0.4999999999999999,0.8660254037844387,0.8731884057971014,225.66666666666674,212.67499999999998
1990,2,171.8,1990-02-01,0.8660254037844386,0.5000000000000001,0.8731884057971014,203.5333333333334,209.6
1990,3,191.7,1990-03-01,1.0,6.123233995736766e-17,0.8731884057971014,196.96666666666673,211.375
1990,4,189.7,1990-04-01,0.8660254037844387,-0.4999999999999998,0.8731884057971014,184.40000000000006,213.32500000000002
1990,5,175.2,1990-05-01,0.4999999999999999,-0.8660254037844387,0.8731884057971014,185.5333333333334,211.64166666666665
1990,6,153.3,1990-06-01,1.2246467991473532e-16,-1.0,0.8731884057971014,172.73333333333338,200.70833333333334
1990,7,191.1,1990-07-01,-0.4999999999999997,-0.8660254037844388,0.8731884057971014,173.20000000000005,201.59166666666667
1990,8,252.1,1990-08-01,-0.8660254037844385,-0.5000000000000004,0.8731884057971014,198.8333333333334,203.26666666666665
1990,9,169.1,1990-09-01,-1.0,-1.8369701987210294e-16,0.8731884057971014,204.10000000000005,198.6
1990,10,199.4,1990-10-01,-0.8660254037844386,0.5000000000000001,0.8731884057971014,206.8666666666667,197.53333333333333
1990,11,178.8,1990-11-01,-0.5000000000000004,0.8660254037844384,0.8731884057971014,182.4333333333334,192.58333333333334
1990,12,197.1,1990-12-01,-2.4492935982947064e-16,1.0,0.8731884057971014,191.76666666666674,191.39166666666665
1991,1,195.3,1991-01-01,0.4999999999999999,0.8660254037844387,0.8768115942028986,190.4000000000001,188.7166666666667
1991,2,240.3,1991-02-01,0.8660254037844386,0.5000000000000001,0.8768115942028986,210.90000000000006,194.42499999999998
1991,3,197.0,1991-03-01,1.0,6.123233995736766e-17,0.8768115942028986,210.8666666666667,194.86666666666667
1991,4,197.6,1991-04-01,0.8660254037844387,-0.4999999999999998,0.8768115942028986,211.6333333333334,195.52499999999998
1991,5,166.9,1991-05-01,0.4999999999999999,-0.8660254037844387,0.8768115942028986,187.16666666666674,194.83333333333334
1991,6,224.7,1991-06-01,1.2246467991473532e-16,-1.0,0.8768115942028986,196.40000000000006,200.78333333333333
1991,7,240.2,1991-07-01,-0.4999999999999997,-0.8660254037844388,0.8768115942028986,210.60000000000005,204.875
1991,8,240.8,1991-08-01,-0.8660254037844385,-0.5000000000000004,0.8768115942028986,235.23333333333338,203.93333333333337
1991,9,168.9,1991-09-01,-1.0,-1.8369701987210294e-16,0.8768115942028986,216.6333333333334,203.91666666666666
1991,10,197.1,1991-10-01,-0.8660254037844386,0.5000000000000001,0.8768115942028986,202.26666666666674,203.72500000000002
1991,11,159.5,1991-11-01,-0.5000000000000004,0.8660254037844384,0.8768115942028986,175.16666666666674,202.11666666666667
1991,12,212.6,1991-12-01,-2.4492935982947064e-16,1.0,0.8768115942028986,189.73333333333338,203.40833333333333
1992,1,198.3,1992-01-01,0.4999999999999999,0.8660254037844387,0.8804347826086957,190.1333333333334,203.6583333333333
1992,2,230.7,1992-02-01,0.8660254037844386,0.5000000000000001,0.8804347826086957,213.8666666666667,202.85833333333335
1992,3,151.0,1992-03-01,1.0,6.123233995736766e-17,0.8804347826086957,193.33333333333337,199.025
1992,4,142.2,1992-04-01,0.8660254037844387,-0.4999999999999998,0.8804347826086957,174.6333333333334,194.40833333333333
1992,5,94.3,1992-05-01,0.4999999999999999,-0.8660254037844387,0.8804347826086957,129.1666666666667,188.35833333333335
1992,6,98.5,1992-06-01,1.2246467991473532e-16,-1.0,0.8804347826086957,111.66666666666673,177.84166666666667
1992,7,114.2,1992-07-01,-0.4999999999999997,-0.8660254037844388,0.8804347826086957,102.33333333333339,167.34166666666667
1992,8,91.9,1992-08-01,-0.8660254037844385,-0.5000000000000004,0.8804347826086957,101.53333333333337,154.93333333333334
1992,9,94.0,1992-09-01,-1.0,-1.8369701987210294e-16,0.8804347826086957,100.03333333333337,148.69166666666666
1992,10,133.4,1992-10-01,-0.8660254037844386,0.5000000000000001,0.8804347826086957,106.4333333333334,143.38333333333335
1992,11,129.6,1992-11-01,-0.5000000000000004,0.8660254037844384,0.8804347826086957,119.00000000000006,140.89166666666668
1992,12,122.0,1992-12-01,-2.4492935982947064e-16,1.0,0.8804347826086957,128.3333333333334,133.34166666666667
1993,1,81.4,1993-01-01,0.4999999999999999,0.8660254037844387,0.8840579710144928,111.00000000000006,123.60000000000001
1993,2,127.8,1993-02-01,0.8660254037844386,0.5000000000000001,0.8840579710144928,110.40000000000005,115.02499999999999
1993,3,102.4,1993-03-01,1.0,6.123233995736766e-17,0.8840579710144928,103.86666666666673,110.97499999999998
1993,4,94.4,1993-04-01,0.8660254037844387,-0.4999999999999998,0.8840579710144928,108.20000000000006,106.99166666666667
1993,5,78.8,1993-05-01,0.4999999999999999,-0.8660254037844387,0.8840579710144928,91.86666666666672,105.69999999999999
1993,6,69.6,1993-06-01,1.2246467991473532e-16,-1.0,0.8840579710144928,80.9333333333334,103.29166666666667
1993,7,80.4,1993-07-01,-0.4999999999999997,-0.8660254037844388,0.8840579710144928,76.26666666666672,100.47500000000001
1993,8,62.5,1993-08-01,-0.8660254037844385,-0.5000000000000004,0.8840579710144928,70.83333333333339,98.02499999999999
1993,9,31.2,1993-09-01,-1.0,-1.8369701987210294e-16,0.8840579710144928,58.03333333333339,92.79166666666667
1993,10,71.1,1993-10-01,-0.8660254037844386,0.5000000000000001,0.8840579710144928,54.933333333333394,87.60000000000001
1993,11,48.2,1993-11-01,-0.5000000000000004,0.8660254037844384,0.8840579710144928,50.16666666666672,80.81666666666666
1993,12,68.4,1993-12-01,-2.4492935982947064e-16,1.0,0.8840579710144928,62.56666666666672,76.35000000000001
1994,1,84.9,1994-01-01,0.4999999999999999,0.8660254037844387,0.8876811594202898,67.16666666666673,76.64166666666667
1994,2,54.9,1994-02-01,0.8660254037844386,0.5000000000000001,0.8876811594202898,69.40000000000006,70.56666666666666
1994,3,47.5,1994-03-01,1.0,6.123233995736766e-17,0.8876811594202898,62.433333333333394,65.99166666666666
1994,4,27.4,1994-04-01,0.8660254037844387,-0.4999999999999998,0.8876811594202898,43.26666666666673,60.40833333333333
1994,5,29.8,1994-05-01,0.4999999999999999,-0.8660254037844387,0.8876811594202898,34.900000000000055,56.324999999999996
1994,6,39.7,1994-06-01,1.2246467991473532e-16,-1.0,0.8876811594202898,32.30000000000006,53.833333333333336
1994,7,50.6,1994-07-01,-0.4999999999999997,-0.8660254037844388,0.8876811594202898,40.03333333333339,51.349999999999994
1994,8,34.3,1994-08-01,-0.8660254037844385,-0.5000000000000004,0.8876811594202898,41.53333333333339,49.00000000000001
1994,9,40.5,1994-09-01,-1.0,-1.8369701987210294e-16,0.8876811594202898,41.800000000000054,49.775000000000006
1994,10,67.1,1994-10-01,-0.8660254037844386,0.5000000000000001,0.8876811594202898,47.30000000000005,49.44166666666666
1994,11,29.5,1994-11-01,-0.5000000000000004,0.8660254037844384,0.8876811594202898,45.70000000000005,47.883333333333326
1994,12,32.2,1994-12-01,-2.4492935982947064e-16,1.0,0.8876811594202898,42.933333333333394,44.86666666666667
1995,1,32.6,1995-01-01,0.4999999999999999,0.8660254037844387,0.8913043478260869,31.433333333333394,40.50833333333333
1995,2,45.8,1995-02-01,0.8660254037844386,0.5000000000000001,0.8913043478260869,36.866666666666724,39.75
1995,3,46.3,1995-03-01,1.0,6.123233995736766e-17,0.8913043478260869,41.56666666666672,39.65
1995,4,21.6,1995-04-01,0.8660254037844387,-0.4999999999999998,0.8913043478260869,37.900000000000055,39.166666666666664
1995,5,19.4,1995-05-01,0.4999999999999999,-0.8660254037844387,0.8913043478260869,29.100000000000062,38.3
1995,6,22.5,1995-06-01,1.2246467991473532e-16,-1.0,0.8913043478260869,21.166666666666725,36.86666666666667
1995,7,20.4,1995-07-01,-0.4999999999999997,-0.8660254037844388,0.8913043478260869,20.766666666666723,34.35
1995,8,18.2,1995-08-01,-0.8660254037844385,-0.5000000000000004,0.8913043478260869,20.36666666666672,33.00833333333333
1995,9,15.7,1995-09-01,-1.0,-1.8369701987210294e-16,0.8913043478260869,18.100000000000055,30.941666666666666
1995,10,30.6,1995-10-01,-0.8660254037844386,0.5000000000000001,0.8913043478260869,21.500000000000057,27.900000000000002
1995,11,14.0,1995-11-01,-0.5000000000000004,0.8660254037844384,0.8913043478260869,20.100000000000055,26.60833333333333
1995,12,14.9,1995-12-01,-2.4492935982947064e-16,1.0,0.8913043478260869,19.83333333333339,25.166666666666668
1996,1,13.3,1996-01-01,0.4999999999999999,0.8660254037844387,0.894927536231884,14.066666666666725,23.558333333333334
1996,2,7.7,1996-02-01,0.8660254037844386,0.5000000000000001,0.894927536231884,11.966666666666724,20.383333333333333
1996,3,12.6,1996-03-01,1.0,6.123233995736766e-17,0.894927536231884,11.200000000000058,17.575
1996,4,6.8,1996-04-01,0.8660254037844387,-0.4999999999999998,0.894927536231884,9.03333333333339,16.341666666666665
1996,5,7.6,1996-05-01,0.4999999999999999,-0.8660254037844387,0.894927536231884,9.000000000000055,15.358333333333333
1996,6,16.5,1996-06-01,1.2246467991473532e-16,-1.0,0.894927536231884,10.300000000000056,14.858333333333333
1996,7,11.8,1996-07-01,-0.4999999999999997,-0.8660254037844388,0.894927536231884,11.966666666666724,14.141666666666666
1996,8,19.7,1996-08-01,-0.8660254037844385,-0.5000000000000004,0.894927536231884,16.000000000000057,14.266666666666666
1996,9,3.0,1996-09-01,-1.0,-1.8369701987210294e-16,0.894927536231884,11.500000000000057,13.208333333333334
1996,10,0.7,1996-10-01,-0.8660254037844386,0.5000000000000001,0.894927536231884,7.800000000000057,10.716666666666667
1996,11,24.9,1996-11-01,-0.5000000000000004,0.8660254037844384,0.894927536231884,9.53333333333339,11.625
1996,12,14.0,1996-12-01,-2.4492935982947064e-16,1.0,0.894927536231884,13.200000000000054,11.549999999999999
1997,1,7.4,1997-01-01,0.4999999999999999,0.8660254037844387,0.8985507246376812,15.433333333333389,11.058333333333332
1997,2,11.0,1997-02-01,0.8660254037844386,0.5000000000000001,0.8985507246376812,10.800000000000056,11.333333333333334
1997,3,12.1,1997-03-01,1.0,6.123233995736766e-17,0.8985507246376812,10.166666666666723,11.291666666666666
1997,4,23.0,1997-04-01,0.8660254037844387,-0.4999999999999998,0.8985507246376812,15.366666666666724,12.641666666666666
1997,5,25.4,1997-05-01,0.4999999999999999,-0.8660254037844387,0.8985507246376812,20.166666666666725,14.125
1997,6,20.8,1997-06-01,1.2246467991473532e-16,-1.0,0.8985507246376812,23.066666666666723,14.483333333333333
1997,7,12.9,1997-07-01,-0.4999999999999997,-0.8660254037844388,0.8985507246376812,19.700000000000056,14.575000000000001
1997,8,35.7,1997-08-01,-0.8660254037844385,-0.5000000000000004,0.8985507246376812,23.133333333333393,15.908333333333331
1997,9,59.7,1997-09-01,-1.0,-1.8369701987210294e-16,0.8985507246376812,36.10000000000006,20.633333333333333
1997,10,32.8,1997-10-01,-0.8660254037844386,0.5000000000000001,0.8985507246376812,42.733333333333384,23.308333333333334
1997,11,50.4,1997-11-01,-0.5000000000000004,0.8660254037844384,0.8985507246376812,47.63333333333339,25.433333333333334
1997,12,55.5,1997-12-01,-2.4492935982947064e-16,1.0,0.8985507246376812,46.233333333333384,28.891666666666666
1998,1,44.5,1998-01-01,0.4999999999999999,0.8660254037844387,0.9021739130434784,50.13333333333339,31.983333333333334
1998,2,50.2,1998-02-01,0.8660254037844386,0.5000000000000001,0.9021739130434784,50.06666666666672,35.25
1998,3,82.0,1998-03-01,1.0,6.123233995736766e-17,0.9021739130434784,58.900000000000055,41.074999999999996
1998,4,70.6,1998-04-01,0.8660254037844387,-0.4999999999999998,0.9021739130434784,67.60000000000005,45.041666666666664
1998,5,74.0,1998-05-01,0.4999999999999999,-0.8660254037844387,0.9021739130434784,75.53333333333339,49.09166666666667
1998,6,90.5,1998-06-01,1.2246467991473532e-16,-1.0,0.9021739130434784,78.36666666666672,54.9
1998,7,96.7,1998-07-01,-0.4999999999999997,-0.8660254037844388,0.9021739130434784,87.06666666666672,61.88333333333333
1998,8,121.1,1998-08-01,-0.8660254037844385,-0.5000000000000004,0.9021739130434784,102.76666666666672,69.0
1998,9,132.0,1998-09-01,-1.0,-1.8369701987210294e-16,0.9021739130434784,116.60000000000007,75.02499999999999
1998,10,78.5,1998-10-01,-0.8660254037844386,0.5000000000000001,0.9021739130434784,110.5333333333334,78.83333333333333
1998,11,97.3,1998-11-01,-0.5000000000000004,0.8660254037844384,0.9021739130434784,102.60000000000007,82.74166666666666
1998,12,119.2,1998-12-01,-2.4492935982947064e-16,1.0,0.9021739130434784,98.33333333333339,88.05
1999,1,86.0,1999-01-01,0.4999999999999999,0.8660254037844387,0.9057971014492754,100.83333333333339,91.50833333333333
1999,2,98.0,1999-02-01,0.8660254037844386,0.5000000000000001,0.9057971014492754,101.06666666666672,95.49166666666666
1999,3,103.5,1999-03-01,1.0,6.123233995736766e-17,0.9057971014492754,95.83333333333339,97.28333333333332
1999,4,93.6,1999-04-01,0.8660254037844387,-0.4999999999999998,0.9057971014492754,98.36666666666672,99.2
1999,5,149.6,1999-05-01,0.4999999999999999,-0.8660254037844387,0.9057971014492754,115.56666666666672,105.5
1999,6,207.2,1999-06-01,1.2246467991473532e-16,-1.0,0.9057971014492754,150.13333333333338,115.22500000000001
1999,7,173.5,1999-07-01,-0.4999999999999997,-0.8660254037844388,0.9057971014492754,176.76666666666674,121.625
1999,8,142.3,1999-08-01,-0.8660254037844385,-0.5000000000000004,0.9057971014492754,174.3333333333334,123.39166666666667
1999,9,106.3,1999-09-01,-1.0,-1.8369701987210294e-16,0.9057971014492754,140.70000000000007,121.25
1999,10,168.7,1999-10-01,-0.8660254037844386,0.5000000000000001,0.9057971014492754,139.10000000000005,128.76666666666668
1999,11,188.3,1999-11-01,-0.5000000000000004,0.8660254037844384,0.9057971014492754,154.4333333333334,136.35
1999,12,116.8,1999-12-01,-2.4492935982947064e-16,1.0,0.9057971014492754,157.9333333333334,136.15
2000,1,133.1,2000-01-01,0.4999999999999999,0.8660254037844387,0.9094202898550724,146.06666666666672,140.07500000000002
2000,2,165.7,2000-02-01,0.8660254037844386,0.5000000000000001,0.9094202898550724,138.5333333333334,145.71666666666667
2000,3,217.7,2000-03-01,1.0,6.123233995736766e-17,0.9094202898550724,172.1666666666667,155.23333333333332
2000,4,191.5,2000-04-01,0.8660254037844387,-0.4999999999999998,0.9094202898550724,191.63333333333335,163.39166666666665
2000,5,165.9,2000-05-01,0.4999999999999999,-0.8660254037844387,0.9094202898550724,191.70000000000005,164.75
2000,6,188.0,2000-06-01,1.2246467991473532e-16,-1.0,0.9094202898550724,181.80000000000007,163.15
2000,7,244.3,2000-07-01,-0.4999999999999997,-0.8660254037844388,0.9094202898550724,199.40000000000006,169.04999999999998
2000,8,180.5,2000-08-01,-0.8660254037844385,-0.5000000000000004,0.9094202898550724,204.26666666666674,172.23333333333335
2000,9,156.0,2000-09-01,-1.0,-1.8369701987210294e-16,0.9094202898550724,193.60000000000005,176.375
2000,10,141.6,2000-10-01,-0.8660254037844386,0.5000000000000001,0.9094202898550724,159.3666666666667,174.11666666666667
2000,11,158.1,2000-11-01,-0.5000000000000004,0.8660254037844384,0.9094202898550724,151.90000000000006,171.6
2000,12,143.3,2000-12-01,-2.4492935982947064e-16,1.0,0.9094202898550724,147.6666666666667,173.80833333333337
2001,1,142.6,2001-01-01,0.4999999999999999,0.8660254037844387,0.9130434782608696,148.00000000000006,174.6
2001,2,121.5,2001-02-01,0.8660254037844386,0.5000000000000001,0.9130434782608696,135.80000000000007,170.91666666666666
2001,3,165.8,2001-03-01,1.0,6.123233995736766e-17,0.9130434782608696,143.30000000000004,166.59166666666667
2001,4,161.7,2001-04-01,0.8660254037844387,-0.4999999999999998,0.9130434782608696,149.6666666666667,164.10833333333335
2001,5,142.1,2001-05-01,0.4999999999999999,-0.8660254037844387,0.9130434782608696,156.5333333333334,162.125
2001,6,202.9,2001-06-01,1.2246467991473532e-16,-1.0,0.9130434782608696,168.90000000000006,163.36666666666667
2001,7,123.0,2001-07-01,-0.4999999999999997,-0.8660254037844388,0.9130434782608696,156.00000000000006,153.25833333333333
2001,8,161.5,2001-08-01,-0.8660254037844385,-0.5000000000000004,0.9130434782608696,162.46666666666673,151.67499999999998
2001,9,238.2,2001-09-01,-1.0,-1.8369701987210294e-16,0.9130434782608696,174.23333333333338,158.525
2001,10,194.1,2001-10-01,-0.8660254037844386,0.5000000000000001,0.9130434782608696,197.9333333333334,162.9
2001,11,176.6,2001-11-01,-0.5000000000000004,0.8660254037844384,0.9130434782608696,202.9666666666667,164.44166666666666
2001,12,213.4,2001-12-01,-2.4492935982947064e-16,1.0,0.9130434782608696,194.70000000000005,170.28333333333333
2002,1,184.6,2002-01-01,0.4999999999999999,0.8660254037844387,0.9166666666666666,191.5333333333334,173.78333333333333
2002,2,170.2,2002-02-01,0.8660254037844386,0.5000000000000001,0.9166666666666666,189.40000000000006,177.84166666666667
2002,3,147.1,2002-03-01,1.0,6.123233995736766e-17,0.9166666666666666,167.30000000000007,176.28333333333333
2002,4,186.9,2002-04-01,0.8660254037844387,-0.4999999999999998,0.9166666666666666,168.06666666666672,178.38333333333333
2002,5,187.5,2002-05-01,0.4999999999999999,-0.8660254037844387,0.9166666666666666,173.8333333333334,182.16666666666666
2002,6,128.8,2002-06-01,1.2246467991473532e-16,-1.0,0.9166666666666666,167.73333333333338,175.99166666666665
2002,7,161.0,2002-07-01,-0.4999999999999997,-0.8660254037844388,0.9166666666666666,159.10000000000005,179.1583333333333
2002,8,175.6,2002-08-01,-0.8660254037844385,-0.5000000000000004,0.9166666666666666,155.1333333333334,180.33333333333334
2002,9,187.9,2002-09-01,-1.0,-1.8369701987210294e-16,0.9166666666666666,174.8333333333334,176.14166666666665
2002,10,151.2,2002-10-01,-0.8660254037844386,0.5000000000000001,0.9166666666666666,171.56666666666672,172.56666666666663
2002,11,147.2,2002-11-01,-0.5000000000000004,0.8660254037844384,0.9166666666666666,162.10000000000005,170.11666666666667
2002,12,135.3,2002-12-01,-2.4492935982947064e-16,1.0,0.9166666666666666,144.56666666666672,163.60833333333332
2003,1,133.5,2003-01-01,0.4999999999999999,0.8660254037844387,0.9202898550724636,138.6666666666667,159.35
2003,2,75.7,2003-02-01,0.8660254037844386,0.5000000000000001,0.9202898550724636,114.83333333333339,151.475
2003,3,100.7,2003-03-01,1.0,6.123233995736766e-17,0.9202898550724636,103.30000000000007,147.60833333333332
2003,4,97.9,2003-04-01,0.8660254037844387,-0.4999999999999998,0.9202898550724636,91.4333333333334,140.19166666666666
2003,5,86.8,2003-05-01,0.4999999999999999,-0.8660254037844387,0.9202898550724636,95.1333333333334,131.79999999999998
2003,6,118.7,2003-06-01,1.2246467991473532e-16,-1.0,0.9202898550724636,101.1333333333334,130.95833333333334
2003,7,128.3,2003-07-01,-0.4999999999999997,-0.8660254037844388,0.9202898550724636,111.26666666666672,128.23333333333332
2003,8,115.4,2003-08-01,-0.8660254037844385,-0.5000000000000004,0.9202898550724636,120.80000000000007,123.21666666666668
2003,9,78.5,2003-09-01,-1.0,-1.8369701987210294e-16,0.9202898550724636,107.40000000000005,114.10000000000001
2003,10,97.8,2003-10-01,-0.8660254037844386,0.5000000000000001,0.9202898550724636,97.23333333333339,109.64999999999999
2003,11,82.9,2003-11-01,-0.5000000000000004,0.8660254037844384,0.9202898550724636,86.40000000000005,104.29166666666667
2003,12,72.2,2003-12-01,-2.4492935982947064e-16,1.0,0.9202898550724636,84.30000000000005,99.03333333333335
2004,1,60.6,2004-01-01,0.4999999999999999,0.8660254037844387,0.9239130434782608,71.90000000000006,92.95833333333333
2004,2,74.6,2004-02-01,0.8660254037844386,0.5000000000000001,0.9239130434782608,69.1333333333334,92.86666666666666
2004,3,74.8,2004-03-01,1.0,6.123233995736766e-17,0.9239130434782608,70.00000000000006,90.70833333333333
2004,4,59.2,2004-04-01,0.8660254037844387,-0.4999999999999998,0.9239130434782608,69.53333333333339,87.48333333333333
2004,5,72.8,2004-05-01,0.4999999999999999,-0.8660254037844387,0.9239130434782608,68.9333333333334,86.31666666666666
2004,6,66.5,2004-06-01,1.2246467991473532e-16,-1.0,0.9239130434782608,66.16666666666673,81.96666666666667
2004,7,83.8,2004-07-01,-0.4999999999999997,-0.8660254037844388,0.9239130434782608,74.36666666666672,78.25833333333333
2004,8,69.7,2004-08-01,-0.8660254037844385,-0.5000000000000004,0.9239130434782608,73.33333333333339,74.45
2004,9,48.8,2004-09-01,-1.0,-1.8369701987210294e-16,0.9239130434782608,67.4333333333334,71.975
2004,10,74.2,2004-10-01,-0.8660254037844386,0.5000000000000001,0.9239130434782608,64.23333333333339,70.00833333333334
2004,11,70.1,2004-11-01,-0.5000000000000004,0.8660254037844384,0.9239130434782608,64.36666666666672,68.94166666666668
2004,12,28.9,2004-12-01,-2.4492935982947064e-16,1.0,0.9239130434782608,57.7333333333334,65.33333333333333
2005,1,48.1,2005-01-01,0.4999999999999999,0.8660254037844387,0.927536231884058,49.03333333333339,64.29166666666667
2005,2,43.5,2005-02-01,0.8660254037844386,0.5000000000000001,0.927536231884058,40.16666666666672,61.70000000000001
2005,3,39.6,2005-03-01,1.0,6.123233995736766e-17,0.927536231884058,43.733333333333384,58.76666666666666
2005,4,38.7,2005-04-01,0.8660254037844387,-0.4999999999999998,0.927536231884058,40.60000000000006,57.05833333333334
2005,5,61.9,2005-05-01,0.4999999999999999,-0.8660254037844387,0.927536231884058,46.733333333333384,56.15
2005,6,56.8,2005-06-01,1.2246467991473532e-16,-1.0,0.927536231884058,52.466666666666725,55.34166666666667
2005,7,62.4,2005-07-01,-0.4999999999999997,-0.8660254037844388,0.927536231884058,60.366666666666724,53.55833333333334
2005,8,60.5,2005-08-01,-0.8660254037844385,-0.5000000000000004,0.927536231884058,59.900000000000055,52.791666666666664
2005,9,37.2,2005-09-01,-1.0,-1.8369701987210294e-16,0.927536231884058,53.366666666666724,51.824999999999996
2005,10,13.2,2005-10-01,-0.8660254037844386,0.5000000000000001,0.927536231884058,36.96666666666672,46.74166666666667
2005,11,27.5,2005-11-01,-0.5000000000000004,0.8660254037844384,0.927536231884058,25.966666666666725,43.19166666666667
2005,12,59.3,2005-12-01,-2.4492935982947064e-16,1.0,0.927536231884058,33.33333333333339,45.724999999999994
2006,1,20.9,2006-01-01,0.4999999999999999,0.8660254037844387,0.9311594202898552,35.900000000000055,43.458333333333336
2006,2,5.7,2006-02-01,0.8660254037844386,0.5000000000000001,0.9311594202898552,28.633333333333386,40.30833333333333
2006,3,17.3,2006-03-01,1.0,6.123233995736766e-17,0.9311594202898552,14.63333333333339,38.449999999999996
2006,4,50.3,2006-04-01,0.8660254037844387,-0.4999999999999998,0.9311594202898552,24.43333333333339,39.416666666666664
2006,5,37.2,2006-05-01,0.4999999999999999,-0.8660254037844387,0.9311594202898552,34.93333333333339,37.358333333333334
2006,6,24.5,2006-06-01,1.2246467991473532e-16,-1.0,0.9311594202898552,37.33333333333339,34.666666666666664
2006,7,22.2,2006-07-01,-0.4999999999999997,-0.8660254037844388,0.9311594202898552,27.966666666666725,31.316666666666663
2006,8,20.8,2006-08-01,-0.8660254037844385,-0.5000000000000004,0.9311594202898552,22.500000000000057,28.00833333333333
2006,9,23.7,2006-09-01,-1.0,-1.8369701987210294e-16,0.9311594202898552,22.23333333333339,26.88333333333333
2006,10,14.9,2006-10-01,-0.8660254037844386,0.5000000000000001,0.9311594202898552,19.800000000000058,27.025000000000002
2006,11,35.7,2006-11-01,-0.5000000000000004,0.8660254037844384,0.9311594202898552,24.766666666666726,27.708333333333332
2006,12,22.3,2006-12-01,-2.4492935982947064e-16,1.0,0.9311594202898552,24.300000000000058,24.625
2007,1,29.3,2007-01-01,0.4999999999999999,0.8660254037844387,0.9347826086956522,29.100000000000062,25.325000000000003
2007,2,18.4,2007-02-01,0.8660254037844386,0.5000000000000001,0.9347826086956522,23.33333333333339,26.383333333333336
2007,3,7.2,2007-03-01,1.0,6.123233995736766e-17,0.9347826086956522,18.300000000000058,25.541666666666668
2007,4,5.4,2007-04-01,0.8660254037844387,-0.4999999999999998,0.9347826086956522,10.33333333333339,21.8
2007,5,19.5,2007-05-01,0.4999999999999999,-0.8660254037844387,0.9347826086956522,10.700000000000058,20.325
2007,6,21.3,2007-06-01,1.2246467991473532e-16,-1.0,0.9347826086956522,15.400000000000057,20.058333333333334
2007,7,15.1,2007-07-01,-0.4999999999999997,-0.8660254037844388,0.9347826086956522,18.633333333333393,19.466666666666665
2007,8,9.8,2007-08-01,-0.8660254037844385,-0.5000000000000004,0.9347826086956522,15.400000000000057,18.55
2007,9,4.0,2007-09-01,-1.0,-1.8369701987210294e-16,0.9347826086956522,9.63333333333339,16.908333333333335
2007,10,1.5,2007-10-01,-0.8660254037844386,0.5000000000000001,0.9347826086956522,5.100000000000057,15.79166666666667
2007,11,2.8,2007-11-01,-0.5000000000000004,0.8660254037844384,0.9347826086956522,2.766666666666724,13.049999999999999
2007,12,17.3,2007-12-01,-2.4492935982947064e-16,1.0,0.9347826086956522,7.200000000000057,12.633333333333333
2008,1,4.1,2008-01-01,0.4999999999999999,0.8660254037844387,0.9384057971014492,8.066666666666725,10.533333333333333
2008,2,2.9,2008-02-01,0.8660254037844386,0.5000000000000001,0.9384057971014492,8.100000000000056,9.241666666666667
2008,3,15.5,2008-03-01,1.0,6.123233995736766e-17,0.9384057971014492,7.500000000000057,9.933333333333334
2008,4,3.6,2008-04-01,0.8660254037844387,-0.4999999999999998,0.9384057971014492,7.33333333333339,9.783333333333333
2008,5,4.6,2008-05-01,0.4999999999999999,-0.8660254037844387,0.9384057971014492,7.900000000000056,8.541666666666666
2008,6,5.2,2008-06-01,1.2246467991473532e-16,-1.0,0.9384057971014492,4.466666666666723,7.199999999999999
2008,7,0.6,2008-07-01,-0.4999999999999997,-0.8660254037844388,0.9384057971014492,3.4666666666667236,5.991666666666667
2008,8,0.3,2008-08-01,-0.8660254037844385,-0.5000000000000004,0.9384057971014492,2.0333333333333905,5.2
2008,9,1.2,2008-09-01,-1.0,-1.8369701987210294e-16,0.9384057971014492,0.7000000000000567,4.966666666666666
2008,10,4.2,2008-10-01,-0.8660254037844386,0.5000000000000001,0.9384057971014492,1.9000000000000565,5.191666666666666
2008,11,6.6,2008-11-01,-0.5000000000000004,0.8660254037844384,0.9384057971014492,4.000000000000057,5.508333333333333
2008,12,1.0,2008-12-01,-2.4492935982947064e-16,1.0,0.9384057971014492,3.9333333333333904,4.15
2009,1,1.3,2009-01-01,0.4999999999999999,0.8660254037844387,0.9420289855072465,2.9666666666667236,3.9166666666666665
2009,2,1.2,2009-02-01,0.8660254037844386,0.5000000000000001,0.9420289855072465,1.1666666666667236,3.7750000000000004
2009,3,0.6,2009-03-01,1.0,6.123233995736766e-17,0.9420289855072465,1.0333333333333903,2.533333333333333
2009,4,1.2,2009-04-01,0.8660254037844387,-0.4999999999999998,0.9420289855072465,1.0000000000000568,2.333333333333333
2009,5,2.9,2009-05-01,0.4999999999999999,-0.8660254037844387,0.9420289855072465,1.5666666666667233,2.191666666666667
2009,6,6.3,2009-06-01,1.2246467991473532e-16,-1.0,0.9420289855072465,3.466666666666723,2.283333333333333
2009,7,5.5,2009-07-01,-0.4999999999999997,-0.8660254037844388,0.9420289855072465,4.900000000000056,2.6916666666666664
2009,8,0.0,2009-08-01,-0.8660254037844385,-0.5000000000000004,0.9420289855072465,3.9333333333333904,2.6666666666666665
2009,9,7.1,2009-09-01,-1.0,-1.8369701987210294e-16,0.9420289855072465,4.200000000000056,3.158333333333333
2009,10,7.7,2009-10-01,-0.8660254037844386,0.5000000000000001,0.9420289855072465,4.9333333333333895,3.4500000000000006
2009,11,6.9,2009-11-01,-0.5000000000000004,0.8660254037844384,0.9420289855072465,7.23333333333339,3.475
2009,12,16.3,2009-12-01,-2.4492935982947064e-16,1.0,0.9420289855072465,10.300000000000056,4.75
2010,1,19.5,2010-01-01,0.4999999999999999,0.8660254037844387,0.9456521739130436,14.233333333333391,6.266666666666667
2010,2,28.5,2010-02-01,0.8660254037844386,0.5000000000000001,0.9456521739130436,21.433333333333394,8.541666666666666
2010,3,24.0,2010-03-01,1.0,6.123233995736766e-17,0.9456521739130436,24.000000000000057,10.491666666666667
2010,4,10.4,2010-04-01,0.8660254037844387,-0.4999999999999998,0.9456521739130436,20.966666666666722,11.258333333333333
2010,5,13.9,2010-05-01,0.4999999999999999,-0.8660254037844387,0.9456521739130436,16.100000000000055,12.174999999999999
2010,6,18.8,2010-06-01,1.2246467991473532e-16,-1.0,0.9456521739130436,14.366666666666724,13.216666666666669
2010,7,25.2,2010-07-01,-0.4999999999999997,-0.8660254037844388,0.9456521739130436,19.300000000000058,14.858333333333334
2010,8,29.6,2010-08-01,-0.8660254037844385,-0.5000000000000004,0.9456521739130436,24.53333333333339,17.325
2010,9,36.4,2010-09-01,-1.0,-1.8369701987210294e-16,0.9456521739130436,30.40000000000006,19.76666666666667
2010,10,33.6,2010-10-01,-0.8660254037844386,0.5000000000000001,0.9456521739130436,33.20000000000005,21.925
2010,11,34.4,2010-11-01,-0.5000000000000004,0.8660254037844384,0.9456521739130436,34.80000000000006,24.21666666666667
2010,12,24.5,2010-12-01,-2.4492935982947064e-16,1.0,0.9456521739130436,30.83333333333339,24.900000000000002
2011,1,27.3,2011-01-01,0.4999999999999999,0.8660254037844387,0.9492753623188406,28.73333333333339,25.55
2011,2,48.3,2011-02-01,0.8660254037844386,0.5000000000000001,0.9492753623188406,33.366666666666724,27.2
2011,3,78.6,2011-03-01,1.0,6.123233995736766e-17,0.9492753623188406,51.400000000000055,31.75
2011,4,76.1,2011-04-01,0.8660254037844387,-0.4999999999999998,0.9492753623188406,67.66666666666673,37.224999999999994
2011,5,58.2,2011-05-01,0.4999999999999999,-0.8660254037844387,0.9492753623188406,70.96666666666671,40.916666666666664
2011,6,56.1,2011-06-01,1.2246467991473532e-16,-1.0,0.9492753623188406,63.466666666666725,44.025
2011,7,64.5,2011-07-01,-0.4999999999999997,-0.8660254037844388,0.9492753623188406,59.60000000000006,47.300000000000004
2011,8,65.8,2011-08-01,-0.8660254037844385,-0.5000000000000004,0.9492753623188406,62.13333333333338,50.31666666666666
2011,9,120.1,2011-09-01,-1.0,-1.8369701987210294e-16,0.9492753623188406,83.46666666666671,57.291666666666664
2011,10,125.7,2011-10-01,-0.8660254037844386,0.5000000000000001,0.9492753623188406,103.86666666666672,64.96666666666665
2011,11,139.1,2011-11-01,-0.5000000000000004,0.8660254037844384,0.9492753623188406,128.30000000000004,73.69166666666666
2011,12,109.3,2011-12-01,-2.4492935982947064e-16,1.0,0.9492753623188406,124.70000000000006,80.75833333333334
2012,1,94.4,2012-01-01,0.4999999999999999,0.8660254037844387,0.9528985507246376,114.26666666666672,86.35000000000001
2012,2,47.8,2012-02-01,0.8660254037844386,0.5000000000000001,0.9528985507246376,83.83333333333339,86.30833333333334
2012,3,86.6,2012-03-01,1.0,6.123233995736766e-17,0.9528985507246376,76.26666666666672,86.97500000000001
2012,4,85.9,2012-04-01,0.8660254037844387,-0.4999999999999998,0.9528985507246376,73.43333333333338,87.79166666666667
2012,5,96.5,2012-05-01,0.4999999999999999,-0.8660254037844387,0.9528985507246376,89.66666666666673,90.98333333333333
2012,6,92.0,2012-06-01,1.2246467991473532e-16,-1.0,0.9528985507246376,91.46666666666674,93.97500000000001
2012,7,100.1,2012-07-01,-0.4999999999999997,-0.8660254037844388,0.9528985507246376,96.20000000000005,96.94166666666668
2012,8,94.8,2012-08-01,-0.8660254037844385,-0.5000000000000004,0.9528985507246376,95.63333333333338,99.35833333333333
2012,9,93.7,2012-09-01,-1.0,-1.8369701987210294e-16,0.9528985507246376,96.20000000000005,97.15833333333335
2012,10,76.5,2012-10-01,-0.8660254037844386,0.5000000000000001,0.9528985507246376,88.33333333333339,93.05833333333332
2012,11,87.6,2012-11-01,-0.5000000000000004,0.8660254037844384,0.9528985507246376,85.9333333333334,88.76666666666667
2012,12,56.8,2012-12-01,-2.4492935982947064e-16,1.0,0.9528985507246376,73.63333333333338,84.39166666666667
2013,1,96.1,2013-01-01,0.4999999999999999,0.8660254037844387,0.9565217391304348,80.16666666666673,84.53333333333333
2013,2,60.9,2013-02-01,0.8660254037844386,0.5000000000000001,0.9565217391304348,71.26666666666672,85.625
2013,3,78.3,2013-03-01,1.0,6.123233995736766e-17,0.9565217391304348,78.4333333333334,84.93333333333334
2013,4,107.3,2013-04-01,0.8660254037844387,-0.4999999999999998,0.9565217391304348,82.16666666666673,86.71666666666665
2013,5,120.2,2013-05-01,0.4999999999999999,-0.8660254037844387,0.9565217391304348,101.9333333333334,88.69166666666666
2013,6,76.7,2013-06-01,1.2246467991473532e-16,-1.0,0.9565217391304348,101.40000000000005,87.41666666666667
2013,7,86.2,2013-07-01,-0.4999999999999997,-0.8660254037844388,0.9565217391304348,94.36666666666672,86.25833333333333
2013,8,91.8,2013-08-01,-0.8660254037844385,-0.5000000000000004,0.9565217391304348,84.90000000000005,86.00833333333334
2013,9,54.5,2013-09-01,-1.0,-1.8369701987210294e-16,0.9565217391304348,77.50000000000006,82.74166666666666
2013,10,114.4,2013-10-01,-0.8660254037844386,0.5000000000000001,0.9565217391304348,86.90000000000005,85.89999999999999
2013,11,113.9,2013-11-01,-0.5000000000000004,0.8660254037844384,0.9565217391304348,94.26666666666672,88.09166666666665
2013,12,124.2,2013-12-01,-2.4492935982947064e-16,1.0,0.9565217391304348,117.50000000000006,93.70833333333333
2014,1,117.0,2014-01-01,0.4999999999999999,0.8660254037844387,0.960144927536232,118.36666666666673,95.45
2014,2,146.1,2014-02-01,0.8660254037844386,0.5000000000000001,0.960144927536232,129.10000000000005,102.55
2014,3,128.7,2014-03-01,1.0,6.123233995736766e-17,0.960144927536232,130.60000000000005,106.75
2014,4,112.5,2014-04-01,0.8660254037844387,-0.4999999999999998,0.960144927536232,129.10000000000005,107.18333333333334
2014,5,112.5,2014-05-01,0.4999999999999999,-0.8660254037844387,0.960144927536232,117.90000000000005,106.54166666666667
2014,6,102.9,2014-06-01,1.2246467991473532e-16,-1.0,0.960144927536232,109.30000000000007,108.72500000000001
2014,7,100.2,2014-07-01,-0.4999999999999997,-0.8660254037844388,0.960144927536232,105.20000000000006,109.89166666666667
2014,8,106.9,2014-08-01,-0.8660254037844385,-0.5000000000000004,0.960144927536232,103.33333333333339,111.14999999999999
2014,9,130.0,2014-09-01,-1.0,-1.8369701987210294e-16,0.960144927536232,112.36666666666672,117.44166666666666
2014,10,90.0,2014-10-01,-0.8660254037844386,0.5000000000000001,0.960144927536232,108.96666666666674,115.40833333333332
2014,11,103.6,2014-11-01,-0.5000000000000004,0.8660254037844384,0.960144927536232,107.86666666666672,114.55000000000001
2014,12,112.9,2014-12-01,-2.4492935982947064e-16,1.0,0.960144927536232,102.1666666666667,113.60833333333333
2015,1,93.0,2015-01-01,0.4999999999999999,0.8660254037844387,0.9637681159420288,103.1666666666667,111.60833333333333
2015,2,66.7,2015-02-01,0.8660254037844386,0.5000000000000001,0.9637681159420288,90.86666666666672,104.99166666666666
2015,3,54.5,2015-03-01,1.0,6.123233995736766e-17,0.9637681159420288,71.40000000000005,98.80833333333334
2015,4,75.3,2015-04-01,0.8660254037844387,-0.4999999999999998,0.9637681159420288,65.50000000000004,95.70833333333333
2015,5,88.8,2015-05-01,0.4999999999999999,-0.8660254037844387,0.9637681159420288,72.86666666666672,93.73333333333333
2015,6,66.5,2015-06-01,1.2246467991473532e-16,-1.0,0.9637681159420288,76.86666666666672,90.69999999999999
2015,7,65.8,2015-07-01,-0.4999999999999997,-0.8660254037844388,0.9637681159420288,73.70000000000005,87.83333333333333
2015,8,64.4,2015-08-01,-0.8660254037844385,-0.5000000000000004,0.9637681159420288,65.5666666666667,84.29166666666667
2015,9,78.6,2015-09-01,-1.0,-1.8369701987210294e-16,0.9637681159420288,69.60000000000005,80.00833333333333
2015,10,63.6,2015-10-01,-0.8660254037844386,0.5000000000000001,0.9637681159420288,68.86666666666672,77.80833333333332
2015,11,62.2,2015-11-01,-0.5000000000000004,0.8660254037844384,0.9637681159420288,68.13333333333338,74.35833333333333
2015,12,58.0,2015-12-01,-2.4492935982947064e-16,1.0,0.9637681159420288,61.266666666666715,69.78333333333335
2016,1,57.0,2016-01-01,0.4999999999999999,0.8660254037844387,0.967391304347826,59.06666666666672,66.78333333333335
2016,2,56.4,2016-02-01,0.8660254037844386,0.5000000000000001,0.967391304347826,57.13333333333338,65.925
2016,3,54.1,2016-03-01,1.0,6.123233995736766e-17,0.967391304347826,55.83333333333338,65.89166666666667
2016,4,37.9,2016-04-01,0.8660254037844387,-0.4999999999999998,0.967391304347826,49.46666666666672,62.775000000000006
2016,5,51.5,2016-05-01,0.4999999999999999,-0.8660254037844387,0.967391304347826,47.83333333333338,59.666666666666664
2016,6,20.5,2016-06-01,1.2246467991473532e-16,-1.0,0.967391304347826,36.63333333333338,55.833333333333336
2016,7,32.4,2016-07-01,-0.4999999999999997,-0.8660254037844388,0.967391304347826,34.80000000000005,53.050000000000004
2016,8,50.2,2016-08-01,-0.8660254037844385,-0.5000000000000004,0.967391304347826,34.36666666666671,51.866666666666674
2016,9,44.6,2016-09-01,-1.0,-1.8369701987210294e-16,0.967391304347826,42.40000000000005,49.03333333333334
2016,10,33.4,2016-10-01,-0.8660254037844386,0.5000000000000001,0.967391304347826,42.733333333333384,46.51666666666667
2016,11,21.4,2016-11-01,-0.5000000000000004,0.8660254037844384,0.967391304347826,33.133333333333375,43.11666666666667
2016,12,18.5,2016-12-01,-2.4492935982947064e-16,1.0,0.967391304347826,24.43333333333338,39.825
2017,1,26.1,2017-01-01,0.4999999999999999,0.8660254037844387,0.9710144927536232,22.000000000000046,37.25
2017,2,26.4,2017-02-01,0.8660254037844386,0.5000000000000001,0.9710144927536232,23.666666666666714,34.75
2017,3,17.7,2017-03-01,1.0,6.123233995736766e-17,0.9710144927536232,23.40000000000005,31.71666666666667
2017,4,32.3,2017-04-01,0.8660254037844387,-0.4999999999999998,0.9710144927536232,25.466666666666715,31.25
2017,5,18.9,2017-05-01,0.4999999999999999,-0.8660254037844387,0.9710144927536232,22.966666666666715,28.53333333333333
2017,6,19.2,2017-06-01,1.2246467991473532e-16,-1.0,0.9710144927536232,23.46666666666671,28.424999999999997
2017,7,17.8,2017-07-01,-0.4999999999999997,-0.8660254037844388,0.9710144927536232,18.63333333333338,27.208333333333332
2017,8,32.6,2017-08-01,-0.8660254037844385,-0.5000000000000004,0.9710144927536232,23.200000000000045,25.74166666666667
2017,9,43.7,2017-09-01,-1.0,-1.8369701987210294e-16,0.9710144927536232,31.366666666666713,25.666666666666668
2017,10,13.2,2017-10-01,-0.8660254037844386,0.5000000000000001,0.9710144927536232,29.833333333333382,23.983333333333334
2017,11,5.7,2017-11-01,-0.5000000000000004,0.8660254037844384,0.9710144927536232,20.866666666666713,22.674999999999997
2017,12,8.2,2017-12-01,-2.4492935982947064e-16,1.0,0.9710144927536232,9.03333333333338,21.816666666666666
2018,1,6.8,2018-01-01,0.4999999999999999,0.8660254037844387,0.9746376811594204,6.900000000000047,20.208333333333332
2018,2,10.7,2018-02-01,0.8660254037844386,0.5000000000000001,0.9746376811594204,8.566666666666714,18.900000000000002
2018,3,2.5,2018-03-01,1.0,6.123233995736766e-17,0.9746376811594204,6.666666666666714,17.633333333333333
2018,4,8.9,2018-04-01,0.8660254037844387,-0.4999999999999998,0.9746376811594204,7.366666666666714,15.683333333333335
2018,5,13.1,2018-05-01,0.4999999999999999,-0.8660254037844387,0.9746376811594204,8.166666666666714,15.200000000000001
2018,6,15.6,2018-06-01,1.2246467991473532e-16,-1.0,0.9746376811594204,12.533333333333381,14.899999999999999
2018,7,1.6,2018-07-01,-0.4999999999999997,-0.8660254037844388,0.9746376811594204,10.100000000000048,13.550000000000002
2018,8,8.7,2018-08-01,-0.8660254037844385,-0.5000000000000004,0.9746376811594204,8.63333333333338,11.558333333333332
2018,9,3.3,2018-09-01,-1.0,-1.8369701987210294e-16,0.9746376811594204,4.53333333333338,8.191666666666666
2018,10,4.9,2018-10-01,-0.8660254037844386,0.5000000000000001,0.9746376811594204,5.63333333333338,7.5
2018,11,4.9,2018-11-01,-0.5000000000000004,0.8660254037844384,0.9746376811594204,4.366666666666714,7.433333333333333
2018,12,3.1,2018-12-01,-2.4492935982947064e-16,1.0,0.9746376811594204,4.300000000000048,7.008333333333334
2019,1,7.7,2019-01-01,0.4999999999999999,0.8660254037844387,0.9782608695652174,5.2333333333333805,7.083333333333333
2019,2,0.8,2019-02-01,0.8660254037844386,0.5000000000000001,0.9782608695652174,3.8666666666667147,6.258333333333334
2019,3,9.4,2019-03-01,1.0,6.123233995736766e-17,0.9782608695652174,5.966666666666714,6.833333333333333
2019,4,9.1,2019-04-01,0.8660254037844387,-0.4999999999999998,0.9782608695652174,6.433333333333381,6.8500000000000005
2019,5,9.9,2019-05-01,0.4999999999999999,-0.8660254037844387,0.9782608695652174,9.466666666666713,6.583333333333333
2019,6,1.2,2019-06-01,1.2246467991473532e-16,-1.0,0.9782608695652174,6.733333333333381,5.383333333333334
2019,7,0.9,2019-07-01,-0.4999999999999997,-0.8660254037844388,0.9782608695652174,4.000000000000047,5.325
2019,8,0.5,2019-08-01,-0.8660254037844385,-0.5000000000000004,0.9782608695652174,0.8666666666667141,4.641666666666667
2019,9,1.1,2019-09-01,-1.0,-1.8369701987210294e-16,0.9782608695652174,0.8333333333333807,4.458333333333333
2019,10,0.4,2019-10-01,-0.8660254037844386,0.5000000000000001,0.9782608695652174,0.6666666666667141,4.083333333333333
2019,11,0.5,2019-11-01,-0.5000000000000004,0.8660254037844384,0.9782608695652174,0.6666666666667141,3.716666666666667
2019,12,1.5,2019-12-01,-2.4492935982947064e-16,1.0,0.9782608695652174,0.8000000000000475,3.5833333333333335
2020,1,6.2,2020-01-01,0.4999999999999999,0.8660254037844387,0.9818840579710144,2.733333333333381,3.4583333333333335
2020,2,0.2,2020-02-01,0.8660254037844386,0.5000000000000001,0.9818840579710144,2.633333333333381,3.4083333333333337
2020,3,1.5,2020-03-01,1.0,6.123233995736766e-17,0.9818840579710144,2.633333333333381,2.75
2020,4,5.2,2020-04-01,0.8660254037844387,-0.4999999999999998,0.9818840579710144,2.3000000000000473,2.4250000000000003
2020,5,0.2,2020-05-01,0.4999999999999999,-0.8660254037844387,0.9818840579710144,2.3000000000000473,1.616666666666667
2020,6,5.8,2020-06-01,1.2246467991473532e-16,-1.0,0.9818840579710144,3.7333333333333805,2.0
2020,7,6.1,2020-07-01,-0.4999999999999997,-0.8660254037844388,0.9818840579710144,4.03333333333338,2.433333333333333
2020,8,7.5,2020-08-01,-0.8660254037844385,-0.5000000000000004,0.9818840579710144,6.466666666666714,3.016666666666667
2020,9,0.6,2020-09-01,-1.0,-1.8369701987210294e-16,0.9818840579710144,4.7333333333333805,2.9749999999999996
2020,10,14.6,2020-10-01,-0.8660254037844386,0.5000000000000001,0.9818840579710144,7.5666666666667135,4.158333333333333
2020,11,34.5,2020-11-01,-0.5000000000000004,0.8660254037844384,0.9818840579710144,16.566666666666716,6.991666666666667
2020,12,23.1,2020-12-01,-2.4492935982947064e-16,1.0,0.9818840579710144,24.066666666666716,8.791666666666666
2021,1,10.4,2021-01-01,0.4999999999999999,0.8660254037844387,0.9855072463768116,22.666666666666718,9.141666666666667
2021,2,8.2,2021-02-01,0.8660254037844386,0.5000000000000001,0.9855072463768116,13.90000000000005,9.808333333333332
2021,3,17.2,2021-03-01,1.0,6.123233995736766e-17,0.9855072463768116,11.933333333333382,11.116666666666665
2021,4,24.5,2021-04-01,0.8660254037844387,-0.4999999999999998,0.9855072463768116,16.633333333333383,12.725
2021,5,21.2,2021-05-01,0.4999999999999999,-0.8660254037844387,0.9855072463768116,20.966666666666715,14.475
2021,6,25.0,2021-06-01,1.2246467991473532e-16,-1.0,0.9855072463768116,23.566666666666716,16.075
2021,7,34.3,2021-07-01,-0.4999999999999997,-0.8660254037844388,0.9855072463768116,26.833333333333382,18.425
2021,8,22.0,2021-08-01,-0.8660254037844385,-0.5000000000000004,0.9855072463768116,27.100000000000048,19.633333333333336
2021,9,51.3,2021-09-01,-1.0,-1.8369701987210294e-16,0.9855072463768116,35.86666666666671,23.85833333333333
2021,10,37.4,2021-10-01,-0.8660254037844386,0.5000000000000001,0.9855072463768116,36.90000000000004,25.758333333333336
2021,11,34.8,2021-11-01,-0.5000000000000004,0.8660254037844384,0.9855072463768116,41.166666666666714,25.783333333333335
2021,12,67.5,2021-12-01,-2.4492935982947064e-16,1.0,0.9855072463768116,46.56666666666672,29.48333333333333
2022,1,55.3,2022-01-01,0.4999999999999999,0.8660254037844387,0.9891304347826086,52.53333333333338,33.225
2022,2,60.9,2022-02-01,0.8660254037844386,0.5000000000000001,0.9891304347826086,61.233333333333384,37.61666666666667
2022,3,78.6,2022-03-01,1.0,6.123233995736766e-17,0.9891304347826086,64.93333333333338,42.73333333333333
2022,4,84.0,2022-04-01,0.8660254037844387,-0.4999999999999998,0.9891304347826086,74.50000000000006,47.69166666666666
2022,5,96.5,2022-05-01,0.4999999999999999,-0.8660254037844387,0.9891304347826086,86.36666666666672,53.96666666666667
2022,6,70.3,2022-06-01,1.2246467991473532e-16,-1.0,0.9891304347826086,83.60000000000007,57.74166666666667
2022,7,91.4,2022-07-01,-0.4999999999999997,-0.8660254037844388,0.9891304347826086,86.06666666666672,62.5
2022,8,74.6,2022-08-01,-0.8660254037844385,-0.5000000000000004,0.9891304347826086,78.76666666666672,66.88333333333333
2022,9,96.0,2022-09-01,-1.0,-1.8369701987210294e-16,0.9891304347826086,87.33333333333339,70.60833333333333
2022,10,95.5,2022-10-01,-0.8660254037844386,0.5000000000000001,0.9891304347826086,88.70000000000006,75.45
2022,11,80.5,2022-11-01,-0.5000000000000004,0.8660254037844384,0.9891304347826086,90.66666666666673,79.25833333333333
2022,12,112.8,2022-12-01,-2.4492935982947064e-16,1.0,0.9891304347826086,96.26666666666672,83.03333333333333
2023,1,144.4,2023-01-01,0.4999999999999999,0.8660254037844387,0.9927536231884058,112.56666666666672,90.45833333333333
2023,2,111.3,2023-02-01,0.8660254037844386,0.5000000000000001,0.9927536231884058,122.83333333333339,94.65833333333332
2023,3,123.3,2023-03-01,1.0,6.123233995736766e-17,0.9927536231884058,126.33333333333339,98.38333333333333
2023,4,97.6,2023-04-01,0.8660254037844387,-0.4999999999999998,0.9927536231884058,110.73333333333339,99.51666666666667
2023,5,137.4,2023-05-01,0.4999999999999999,-0.8660254037844387,0.9927536231884058,119.4333333333334,102.925
2023,6,160.5,2023-06-01,1.2246467991473532e-16,-1.0,0.9927536231884058,131.8333333333334,110.44166666666666
2023,7,160.0,2023-07-01,-0.4999999999999997,-0.8660254037844388,0.9927536231884058,152.6333333333334,116.15833333333332
2023,8,114.8,2023-08-01,-0.8660254037844385,-0.5000000000000004,0.9927536231884058,145.10000000000005,119.50833333333334
2023,9,134.2,2023-09-01,-1.0,-1.8369701987210294e-16,0.9927536231884058,136.3333333333334,122.69166666666666
2023,10,99.9,2023-10-01,-0.8660254037844386,0.5000000000000001,0.9927536231884058,116.30000000000007,123.05833333333334
2023,11,107.1,2023-11-01,-0.5000000000000004,0.8660254037844384,0.9927536231884058,113.73333333333339,125.27499999999999
2023,12,113.5,2023-12-01,-2.4492935982947064e-16,1.0,0.9927536231884058,106.83333333333339,125.33333333333333
2024,1,126.0,2024-01-01,0.4999999999999999,0.8660254037844387,0.9963768115942028,115.53333333333337,123.8
2024,2,123.0,2024-02-01,0.8660254037844386,0.5000000000000001,0.9963768115942028,120.83333333333339,124.77499999999999
2024,3,103.7,2024-03-01,1.0,6.123233995736766e-17,0.9963768115942028,117.56666666666672,123.14166666666667
2024,4,137.0,2024-04-01,0.8660254037844387,-0.4999999999999998,0.9963768115942028,121.23333333333339,126.425
2024,5,172.1,2024-05-01,0.4999999999999999,-0.8660254037844387,0.9963768115942028,137.60000000000005,129.31666666666666
2024,6,164.1,2024-06-01,1.2246467991473532e-16,-1.0,0.9963768115942028,157.73333333333338,129.61666666666667
2024,7,196.8,2024-07-01,-0.4999999999999997,-0.8660254037844388,0.9963768115942028,177.66666666666674,132.68333333333334
2024,8,216.0,2024-08-01,-0.8660254037844385,-0.5000000000000004,0.9963768115942028,192.30000000000004,141.11666666666665
2024,9,141.1,2024-09-01,-1.0,-1.8369701987210294e-16,0.9963768115942028,184.6333333333334,141.69166666666666
2024,10,165.8,2024-10-01,-0.8660254037844386,0.5000000000000001,0.9963768115942028,174.30000000000007,147.18333333333334
2024,11,154.1,2024-11-01,-0.5000000000000004,0.8660254037844384,0.9963768115942028,153.6666666666667,151.1
2024,12,154.6,2024-12-01,-2.4492935982947064e-16,1.0,0.9963768115942028,158.16666666666674,154.525
2025,1,137.0,2025-01-01,0.4999999999999999,0.8660254037844387,1.0,148.56666666666672,155.44166666666666
2025,2,155.7,2025-02-01,0.8660254037844386,0.5000000000000001,1.0,149.10000000000005,158.16666666666666
2025,3,134.2,2025-03-01,1.0,6.123233995736766e-17,1.0,142.30000000000004,160.70833333333334
2025,4,141.4,2025-04-01,0.8660254037844387,-0.4999999999999998,1.0,143.7666666666667,161.07500000000002
2025,5,78.5,2025-05-01,0.4999999999999999,-0.8660254037844387,1.0,118.03333333333337,153.275
2025,6,114.6,2025-06-01,1.2246467991473532e-16,-1.0,1.0,111.50000000000006,149.15
2025,7,125.6,2025-07-01,-0.4999999999999997,-0.8660254037844388,1.0,106.23333333333339,143.21666666666667
2025,8,133.5,2025-08-01,-0.8660254037844385,-0.5000000000000004,1.0,124.56666666666672,136.34166666666667
2025,9,129.8,2025-09-01,-1.0,-1.8369701987210294e-16,1.0,129.63333333333338,135.4
2025,10,114.6,2025-10-01,-0.8660254037844386,0.5000000000000001,1.0,125.96666666666674,131.13333333333333
