date,month_sin,month_cos,residual,ssn_smooth,m4_envelope
1749-02-01,0.8660254037844386,0.5000000000000001,5.789396002633097,123.31428571428572,117.52488971165262
1749-03-01,1.0,6.123233995736766e-17,5.7689684769863305,123.7125,117.94353152301368
1749-04-01,0.8660254037844387,-0.4999999999999998,5.705319849992122,123.94444444444444,118.23912459445232
1749-05-01,0.4999999999999999,-0.8660254037844387,19.565623677930716,137.98,118.41437632206927
1749-06-01,1.2246467991473532e-16,-1.0,19.87318093092101,138.34545454545454,118.47227361453353
1749-07-01,-0.4999999999999997,-0.8660254037844388,18.583945819123983,137.0,118.41605418087602
1749-08-01,-0.8660254037844385,-0.5000000000000004,17.943129167708562,136.19230769230768,118.24917852459912
1749-09-01,-1.0,-1.8369701987210292e-16,21.63238954793691,139.6076923076923,117.9753027597554
1749-10-01,-0.8660254037844386,0.5000000000000001,24.355593806423997,141.95384615384617,117.59825234742218
1749-11-01,-0.5000000000000004,0.8660254037844384,29.23184931896462,146.35384615384615,117.12199683488153
1749-12-01,-2.4492935982947064e-16,1.0,31.726297412109787,148.27692307692308,116.5506256648133
1750-01-01,0.4999999999999999,0.8660254037844387,32.62705950746442,148.5153846153846,115.88832510792017
1750-02-01,0.8660254037844386,0.5000000000000001,34.42987440961598,149.56923076923076,115.13935635961478
1750-03-01,1.0,6.123233995736766e-17,38.45350363185349,152.76153846153846,114.30803482968497
1750-04-01,0.8660254037844387,-0.4999999999999998,38.05513551065954,151.45384615384614,113.3987106431866
1750-05-01,0.4999999999999999,-0.8660254037844387,37.47655733115083,149.8923076923077,112.41575036115687
1750-06-01,1.2246467991473532e-16,-1.0,27.86724930971279,139.23076923076923,111.36351992105644
1750-07-01,-0.4999999999999997,-0.8660254037844388,27.038246595528307,137.2846153846154,110.24636878908709
1750-08-01,-0.8660254037844385,-0.5000000000000004,24.3929231518824,133.46153846153845,109.06861530965605
1750-09-01,-1.0,-1.8369701987210292e-16,21.703928307254102,129.53846153846155,107.83453323120744
1750-10-01,-0.8660254037844386,0.5000000000000001,18.7824298483915,125.33076923076922,106.54833938237772
1750-11-01,-0.5000000000000004,0.8660254037844384,16.578125224407188,121.79230769230769,105.2141824679005
1750-12-01,-2.4492935982947064e-16,1.0,12.917713204012955,116.75384615384617,103.83613294983321
1751-01-01,0.4999999999999999,0.8660254037844387,10.01259525430487,112.43076923076924,102.41817397646437
1751-02-01,0.8660254037844386,0.5000000000000001,8.189652835219661,109.15384615384616,100.9641933186265
1751-03-01,1.0,6.123233995736766e-17,-0.516437809507579,98.96153846153847,99.47797627104605
1751-04-01,0.8660254037844387,-0.4999999999999998,-7.71704562860657,90.24615384615385,97.96319947476042
1751-05-01,0.4999999999999999,-0.8660254037844387,-10.946502538553716,85.47692307692309,96.4234256154768
1751-06-01,1.2246467991473532e-16,-1.0,-11.862098951999883,83.0,94.86209895199988
1751-07-01,-0.4999999999999997,-0.8660254037844388,-15.467157013088524,77.81538461538462,93.28254162847314
1751-08-01,-0.8660254037844385,-0.5000000000000004,-16.441796877968642,75.24615384615385,91.68795072412249
1751-09-01,-1.0,-1.8369701987210292e-16,-11.312165225196466,78.76923076923077,90.08139599442724
1751-10-01,-0.8660254037844386,0.5000000000000001,-7.90427979659907,80.56153846153846,88.46581825813753
1751-11-01,-0.5000000000000004,0.8660254037844384,-5.8594130006602825,80.98461538461538,86.84402838527566
1751-12-01,-2.4492935982947064e-16,1.0,-6.9417837652521115,78.27692307692308,85.2187068421752
1752-01-01,0.4999999999999999,0.8660254037844387,-1.761634519924968,81.83076923076922,83.59240375069419
1752-02-01,0.8660254037844386,0.5000000000000001,-4.8829240353509675,77.08461538461539,81.96753941996636
1752-03-01,1.0,6.123233995736766e-17,-7.4540976180919785,72.89230769230768,80.34640531039966
1752-04-01,0.8660254037844387,-0.4999999999999998,-2.87731923722977,75.85384615384615,78.73116539107592
1752-05-01,0.4999999999999999,-0.8660254037844387,0.5761421467744867,77.7,77.12385785322552
1752-06-01,1.2246467991473532e-16,-1.0,3.6505259328885558,79.17692307692307,75.52639714403452
1752-07-01,-0.4999999999999997,-0.8660254037844388,5.236346790256718,79.17692307692307,73.94057628666636
1752-08-01,-0.8660254037844385,-0.5000000000000004,6.424238238275493,78.79230769230769,72.3680694540322
1752-09-01,-1.0,-1.8369701987210292e-16,7.435719080636289,78.24615384615385,70.81043476551756
1752-10-01,-0.8660254037844386,0.5000000000000001,4.746267337841616,74.0153846153846,69.26911727754299
1752-11-01,-0.5000000000000004,0.8660254037844384,3.285317090264371,71.03076923076922,67.74545214050485
1752-12-01,-2.4492935982947064e-16,1.0,1.1977936421682074,67.43846153846154,66.24066789629333
1753-01-01,0.4999999999999999,0.8660254037844387,0.428725492404638,65.18461538461538,64.75588989221075
1753-02-01,0.8660254037844386,0.5000000000000001,-3.1613745579408246,60.13076923076923,63.29214378871006
1753-03-01,1.0,6.123233995736766e-17,-1.8811283707009565,59.96923076923077,61.850359139931726
1753-04-01,0.8660254037844387,-0.4999999999999998,-0.7313730275335217,59.7,60.431373027533525
1753-05-01,0.4999999999999999,-0.8660254037844387,-2.7513183451636323,56.284615384615385,59.03593372977902
1753-06-01,1.2246467991473532e-16,-1.0,-5.34162748619292,52.32307692307692,57.66470440926984
1753-07-01,-0.4999999999999997,-0.8660254037844388,-9.125959111767301,47.19230769230769,56.318266804074995
1753-08-01,-0.8660254037844385,-0.5000000000000004,-13.058663369861748,41.93846153846153,54.99712490832328
1753-09-01,-1.0,-1.8369701987210292e-16,-15.64786247573501,38.05384615384615,53.70170862958116
1753-10-01,-0.8660254037844386,0.5000000000000001,-18.48622356538312,33.94615384615385,52.43237741153697
1753-11-01,-0.5000000000000004,0.8660254037844384,-19.458654580884687,31.73076923076923,51.18942381165392
1753-12-01,-2.4492935982947064e-16,1.0,-19.43461548607432,30.53846153846154,49.97307702453586
1754-01-01,0.4999999999999999,0.8660254037844387,-19.89889095815963,28.884615384615383,48.78350634277501
1754-02-01,0.8660254037844386,0.5000000000000001,-19.982363009555296,27.638461538461538,47.620824548016834
1754-03-01,1.0,6.123233995736766e-17,-22.792783533580106,23.692307692307693,46.4850912258878
1754-04-01,0.8660254037844387,-0.4999999999999998,-22.184008306977788,23.192307692307693,45.37631599928548
1754-05-01,0.4999999999999999,-0.8660254037844387,-22.61753859840708,21.676923076923075,44.294461675330155
1754-06-01,1.2246467991473532e-16,-1.0,-23.58560114817697,19.653846153846153,43.23944730202312
1754-07-01,-0.4999999999999997,-0.8660254037844388,-22.11115113135235,20.1,42.21115113135235
1754-08-01,-0.8660254037844385,-0.5000000000000004,-19.670951947768394,21.53846153846154,41.209413486229934
1754-09-01,-1.0,-1.8369701987210292e-16,-18.210962606166337,22.023076923076925,40.23403952924326
1754-10-01,-0.8660254037844386,0.5000000000000001,-16.646340393290078,22.638461538461538,39.284801931751616
1754-11-01,-0.5000000000000004,0.8660254037844384,-17.476828057750797,20.884615384615383,38.36144344236618
1754-12-01,-2.4492935982947064e-16,1.0,-19.23291012354512,18.23076923076923,37.46367935431435
1755-01-01,0.4999999999999999,0.8660254037844387,-20.68350756392055,15.907692307692306,36.59119987161286
1755-02-01,0.8660254037844386,0.5000000000000001,0.8532707010997918,13.907692307692308,13.054421606592516
1755-03-01,1.0,6.123233995736766e-17,1.5606804051670782,14.615384615384615,13.054704210217537
1755-04-01,0.8660254037844387,-0.4999999999999998,3.543520058518544,16.6,13.056479941481458
1755-05-01,0.4999999999999999,-0.8660254037844387,1.3143998849129588,14.376923076923077,13.062523192010119
1755-06-01,1.2246467991473532e-16,-1.0,2.168712257678804,15.246153846153845,13.077441588475041
1755-07-01,-0.4999999999999997,-0.8660254037844388,3.1999804148430346,16.307692307692307,13.107711892849272
1755-08-01,-0.8660254037844385,-0.5000000000000004,2.746149355030836,15.907692307692308,13.161542952661472
1755-09-01,-1.0,-1.8369701987210292e-16,1.912916341006012,15.161538461538463,13.24862212053245
1755-10-01,-0.8660254037844386,0.5000000000000001,2.120210257627974,15.5,13.379789742372026
1755-11-01,-0.5000000000000004,0.8660254037844384,2.702554357938199,16.26923076923077,13.56667641129257
1755-12-01,-2.4492935982947064e-16,1.0,4.101747455763787,17.923076923076923,13.821329467313136
1756-01-01,0.4999999999999999,0.8660254037844387,4.2287669239859085,18.384615384615383,14.155848460629475
1756-02-01,0.8660254037844386,0.5000000000000001,3.525648530068562,18.107692307692307,14.582043777623745
1756-03-01,1.0,6.123233995736766e-17,4.104256448922682,19.215384615384615,15.111128166461933
1756-04-01,0.8660254037844387,-0.4999999999999998,3.008091132642706,18.76153846153846,15.753447328895755
1756-05-01,0.4999999999999999,-0.8660254037844387,1.3817470759048156,17.900000000000002,16.518252924095187
1756-06-01,1.2246467991473532e-16,-1.0,0.8249424027215824,18.23846153846154,17.413519135739957
1756-07-01,-0.4999999999999997,-0.8660254037844388,-0.961186894574066,17.484615384615385,18.44580227918945
1756-08-01,-0.8660254037844385,-0.5000000000000004,-1.0201416805206733,18.6,19.620141680520675
1756-09-01,-1.0,-1.8369701987210292e-16,0.11384698777379398,21.053846153846152,20.939999166072358
1756-10-01,-0.8660254037844386,0.5000000000000001,1.800458413723721,24.207692307692305,22.407233893968584
1756-11-01,-0.5000000000000004,0.8660254037844384,3.862506502499521,27.884615384615383,24.022108882115862
1756-12-01,-2.4492935982947064e-16,1.0,2.1397515297628935,27.923076923076923,25.78332539331403
1757-01-01,0.4999999999999999,0.8660254037844387,1.7888417890350503,29.476923076923075,27.688081287888025
1757-02-01,0.8660254037844386,0.5000000000000001,5.860158177673696,35.59230769230769,29.732149514633996
1757-03-01,1.0,6.123233995736766e-17,7.951565407068642,39.861538461538466,31.909973054469823
1757-04-01,0.8660254037844387,-0.4999999999999998,8.300611780020851,42.51538461538462,34.21477283536377
1757-05-01,0.4999999999999999,-0.8660254037844387,12.338257693574526,48.97692307692307,36.638665383348545
1757-06-01,1.2246467991473532e-16,-1.0,11.919520444652726,51.0923076923077,39.17278724765497
1757-07-01,-0.4999999999999997,-0.8660254037844388,12.900268781582035,54.707692307692305,41.80742352611027
1757-08-01,-0.8660254037844385,-0.5000000000000004,15.037092658909387,59.56923076923077,44.532138110321384
1757-09-01,-1.0,-1.8369701987210292e-16,15.802557977179191,63.138461538461534,47.33590356128234
1757-10-01,-0.8660254037844386,0.5000000000000001,18.838925037021667,69.04615384615384,50.207228809132175
1757-11-01,-0.5000000000000004,0.8660254037844384,18.011870704618232,71.14615384615385,53.13428314153562
1757-12-01,-2.4492935982947064e-16,1.0,15.9257540303133,72.03076923076924,56.10501520045594
1758-01-01,0.4999999999999999,0.8660254037844387,16.923503285947945,76.03076923076922,59.10726594482128
1758-02-01,0.8660254037844386,0.5000000000000001,15.655740629171788,77.78461538461539,62.128874755443604
1758-03-01,1.0,6.123233995736766e-17,14.06529886520272,79.22307692307693,65.15777805787421
1758-04-01,0.8660254037844387,-0.4999999999999998,10.779438443009752,78.96153846153847,68.18210001852871
1758-05-01,0.4999999999999999,-0.8660254037844387,9.11745727804066,80.3076923076923,71.19023502965165
1758-06-01,1.2246467991473532e-16,-1.0,3.359847390674929,77.53076923076922,74.1709218400943
1758-07-01,-0.4999999999999997,-0.8660254037844388,2.317459918514089,79.43076923076923,77.11330931225514
1758-08-01,-0.8660254037844385,-0.5000000000000004,0.23913995428911505,80.24615384615385,80.00701389186473
1758-09-01,-1.0,-1.8369701987210292e-16,-3.2652458907491564,79.57692307692308,82.84216896767224
1758-10-01,-0.8660254037844386,0.5000000000000001,-6.294081758299143,79.31538461538463,85.60946637368377
1758-11-01,-0.5000000000000004,0.8660254037844384,-11.969421117835793,76.33076923076923,88.30019034860503
1758-12-01,-2.4492935982947064e-16,1.0,-14.113936624460692,76.79230769230769,90.90624431676838
1759-01-01,0.4999999999999999,0.8660254037844387,-15.85863243172841,77.56153846153846,93.42017089326687
1759-02-01,0.8660254037844386,0.5000000000000001,-14.773627082898926,81.06153846153846,95.83516554443739
1759-03-01,1.0,6.123233995736766e-17,-12.14508435434928,86.0,98.14508435434928
1759-04-01,0.8660254037844387,-0.4999999999999998,-14.705984821158168,85.63846153846154,100.34444635961971
1759-05-01,0.4999999999999999,-0.8660254037844387,-15.682277073542949,86.74615384615385,102.4284309196968
1759-06-01,1.2246467991473532e-16,-1.0,-15.854409050192416,88.53846153846153,104.39287058865395
1759-07-01,-0.4999999999999997,-0.8660254037844388,-14.580393794544037,91.65384615384616,106.2342399483902
1759-08-01,-0.8660254037844385,-0.5000000000000004,-14.857333160415962,93.09230769230768,107.94964085272365
1759-09-01,-1.0,-1.8369701987210292e-16,-12.506015287159187,97.03076923076922,109.53678451792841
1759-10-01,-0.8660254037844386,0.5000000000000001,-12.486278570758842,98.5076923076923,110.99397087845114
1759-11-01,-0.5000000000000004,0.8660254037844384,-10.604680992066108,101.71538461538461,112.32006560745072
1759-12-01,-2.4492935982947064e-16,1.0,-11.891398257884532,101.62307692307692,113.51447518096145
1760-01-01,0.4999999999999999,0.8660254037844387,-10.900197265434912,103.67692307692307,114.57712034235799
1760-02-01,0.8660254037844386,0.5000000000000001,-8.677639070046709,106.83076923076922,115.50840830081593
1760-03-01,1.0,6.123233995736766e-17,-10.75535782013489,105.55384615384615,116.30920397398104
1760-04-01,0.8660254037844387,-0.4999999999999998,-14.842339022933416,102.13846153846154,116.98080056139496
1760-05-01,0.4999999999999999,-0.8660254037844387,-15.386428173191078,102.13846153846154,117.52488971165262
1760-06-01,1.2246467991473532e-16,-1.0,-13.920454599936761,104.02307692307691,117.94353152301368
1760-07-01,-0.4999999999999997,-0.8660254037844388,-12.546816902144627,105.6923076923077,118.23912459445232
1760-08-01,-0.8660254037844385,-0.5000000000000004,-9.683607091300047,108.73076923076923,118.41437632206927
1760-09-01,-1.0,-1.8369701987210292e-16,-7.026119768379672,111.44615384615386,118.47227361453353
1760-10-01,-0.8660254037844386,0.5000000000000001,-7.354515719337542,111.06153846153848,118.41605418087602
1760-11-01,-0.5000000000000004,0.8660254037844384,-0.918409293829896,117.33076923076922,118.24917852459912
1760-12-01,-2.4492935982947064e-16,1.0,2.855466471013827,120.83076923076922,117.9753027597554
1761-01-01,0.4999999999999999,0.8660254037844387,9.101747652577842,126.70000000000002,117.59825234742218
1761-02-01,0.8660254037844386,0.5000000000000001,12.793387780503096,129.91538461538462,117.12199683488153
1761-03-01,1.0,6.123233995736766e-17,16.580143565955936,133.13076923076923,116.5506256648133
1761-04-01,0.8660254037844387,-0.4999999999999998,20.750136430541374,136.63846153846154,115.88832510792017
1761-05-01,0.4999999999999999,-0.8660254037844387,26.51448979423138,141.65384615384616,115.13935635961478
1761-06-01,1.2246467991473532e-16,-1.0,25.591965170315035,139.9,114.30803482968497
1761-07-01,-0.4999999999999997,-0.8660254037844388,24.293597049121075,137.69230769230768,113.3987106431866
1761-08-01,-0.8660254037844385,-0.5000000000000004,25.63040348499696,138.04615384615383,112.41575036115687
1761-09-01,-1.0,-1.8369701987210292e-16,20.8749416174051,132.23846153846154,111.36351992105644
1761-10-01,-0.8660254037844386,0.5000000000000001,19.361323518605218,129.6076923076923,110.24636878908709
1761-11-01,-0.5000000000000004,0.8660254037844384,16.46215392111317,125.53076923076922,109.06861530965605
1761-12-01,-2.4492935982947064e-16,1.0,13.834697538023335,121.66923076923078,107.83453323120744
1762-01-01,0.4999999999999999,0.8660254037844387,6.720891386853069,113.26923076923079,106.54833938237772
1762-02-01,0.8660254037844386,0.5000000000000001,4.670432916714887,109.88461538461539,105.2141824679005
1762-03-01,1.0,6.123233995736766e-17,3.156174742474491,106.9923076923077,103.83613294983321
1762-04-01,0.8660254037844387,-0.4999999999999998,0.5510567927664027,102.96923076923078,102.41817397646437
1762-05-01,0.4999999999999999,-0.8660254037844387,0.6127297582965809,101.57692307692308,100.9641933186265
1762-06-01,1.2246467991473532e-16,-1.0,0.4989468058770399,99.97692307692309,99.47797627104605
1762-07-01,-0.4999999999999997,-0.8660254037844388,3.35987744831651,101.32307692307693,97.96319947476042
1762-08-01,-0.8660254037844385,-0.5000000000000004,3.3765743845232095,99.80000000000001,96.4234256154768
1762-09-01,-1.0,-1.8369701987210292e-16,-0.00825279815371971,94.85384615384616,94.86209895199988
1762-10-01,-0.8660254037844386,0.5000000000000001,-0.07484932078082807,93.20769230769231,93.28254162847314
1762-11-01,-0.5000000000000004,0.8660254037844384,-2.003335339507089,89.6846153846154,91.68795072412249
1762-12-01,-2.4492935982947064e-16,1.0,-0.9198575328887699,89.16153846153847,90.08139599442724
1763-01-01,0.4999999999999999,0.8660254037844387,-2.2427413350606002,86.22307692307693,88.46581825813753
1763-02-01,0.8660254037844386,0.5000000000000001,-1.5517206929679759,85.29230769230769,86.84402838527566
1763-03-01,1.0,6.123233995736766e-17,0.12744700397864506,85.34615384615384,85.2187068421752
1763-04-01,0.8660254037844387,-0.4999999999999998,-1.0924037506941886,82.5,83.59240375069419
1763-05-01,0.4999999999999999,-0.8660254037844387,-0.5444624968894374,81.42307692307692,81.96753941996636
1763-06-01,1.2246467991473532e-16,-1.0,-1.0310206950150587,79.3153846153846,80.34640531039966
1763-07-01,-0.4999999999999997,-0.8660254037844388,-1.6619346218451483,77.06923076923077,78.73116539107592
1763-08-01,-0.8660254037844385,-0.5000000000000004,0.35306522369755555,77.47692307692307,77.12385785322552
1763-09-01,-1.0,-1.8369701987210292e-16,3.0120643944270142,78.53846153846153,75.52639714403452
1763-10-01,-0.8660254037844386,0.5000000000000001,4.620962174872105,78.56153846153846,73.94057628666636
1763-11-01,-0.5000000000000004,0.8660254037844384,7.655007469044719,80.02307692307691,72.3680694540322
1763-12-01,-2.4492935982947064e-16,1.0,8.866488311405519,79.67692307692307,70.81043476551756
1764-01-01,0.4999999999999999,0.8660254037844387,9.66165195322624,78.93076923076923,69.26911727754299
1764-02-01,0.8660254037844386,0.5000000000000001,8.085317090264368,75.83076923076922,67.74545214050485
1764-03-01,1.0,6.123233995736766e-17,9.805485949860511,76.04615384615384,66.24066789629333
1764-04-01,0.8660254037844387,-0.4999999999999998,6.151802415481569,70.90769230769232,64.75588989221075
1764-05-01,0.4999999999999999,-0.8660254037844387,5.0078562112899405,68.3,63.29214378871006
1764-06-01,1.2246467991473532e-16,-1.0,1.9342562446836524,63.78461538461538,61.850359139931726
1764-07-01,-0.4999999999999997,-0.8660254037844388,-1.439065335225834,58.99230769230769,60.431373027533525
1764-08-01,-0.8660254037844385,-0.5000000000000004,-4.3667029605482455,54.66923076923077,59.03593372977902
1764-09-01,-1.0,-1.8369701987210292e-16,-7.441627486192914,50.223076923076924,57.66470440926984
1764-10-01,-0.8660254037844386,0.5000000000000001,-8.425959111767298,47.892307692307696,56.318266804074995
1764-11-01,-0.5000000000000004,0.8660254037844384,-8.920201831400199,46.07692307692308,54.99712490832328
1764-12-01,-2.4492935982947064e-16,1.0,-10.740170168042702,42.96153846153846,53.70170862958116
1765-01-01,0.4999999999999999,0.8660254037844387,-9.855454334613889,42.57692307692308,52.43237741153697
1765-02-01,0.8660254037844386,0.5000000000000001,-8.650962273192377,42.53846153846154,51.18942381165392
1765-03-01,1.0,6.123233995736766e-17,-9.226923178382009,40.74615384615385,49.97307702453586
1765-04-01,0.8660254037844387,-0.4999999999999998,-9.860429419698093,38.92307692307692,48.78350634277501
1765-05-01,0.4999999999999999,-0.8660254037844387,-10.497747624939912,37.12307692307692,47.620824548016834
1765-06-01,1.2246467991473532e-16,-1.0,-11.02355276434934,35.46153846153846,46.4850912258878
1765-07-01,-0.4999999999999997,-0.8660254037844388,-11.668623691593176,33.707692307692305,45.37631599928548
1765-08-01,-0.8660254037844385,-0.5000000000000004,-12.256000136868614,32.03846153846154,44.294461675330155
1765-09-01,-1.0,-1.8369701987210292e-16,-9.839447302023117,33.400000000000006,43.23944730202312
1765-10-01,-0.8660254037844386,0.5000000000000001,-11.249612669813892,30.96153846153846,42.21115113135235
1765-11-01,-0.5000000000000004,0.8660254037844384,-9.632490409306858,31.576923076923077,41.209413486229934
1765-12-01,-2.4492935982947064e-16,1.0,-10.86480876001249,29.36923076923077,40.23403952924326
1766-01-01,0.4999999999999999,0.8660254037844387,-12.054032700982386,27.23076923076923,39.284801931751616
1766-02-01,0.8660254037844386,0.5000000000000001,-14.076828057750795,24.284615384615385,38.36144344236618
1766-03-01,1.0,6.123233995736766e-17,-16.43291012354512,21.03076923076923,37.46367935431435
1766-04-01,0.8660254037844387,-0.4999999999999998,-16.97581525622824,19.615384615384617,36.59119987161286
1766-05-01,0.4999999999999999,-0.8660254037844387,6.617738072174893,18.553846153846152,11.936108081671259
1766-06-01,1.2246467991473532e-16,-1.0,7.2166431698434685,19.22307692307692,12.006433753233452
1766-07-01,-0.4999999999999997,-0.8660254037844388,8.836069840814302,21.069230769230767,12.233160928416465
1766-08-01,-0.8660254037844385,-0.5000000000000004,10.663376276128458,23.376923076923074,12.713546800794616
1766-09-01,-1.0,-1.8369701987210292e-16,13.948821472978633,27.484615384615385,13.535793911636752
1766-10-01,-0.8660254037844386,0.5000000000000001,12.234727255271636,27.00769230769231,14.772965052420673
1766-11-01,-0.5000000000000004,0.8660254037844384,13.581102882419358,30.06153846153846,16.480435579119103
1766-12-01,-2.4492935982947064e-16,1.0,12.19692744542349,30.892307692307693,18.695380246884202
1767-01-01,0.4999999999999999,0.8660254037844387,11.877907433135682,33.315384615384616,21.437477182248934
1767-02-01,0.8660254037844386,0.5000000000000001,13.412745291742034,38.12307692307692,24.71033163133489
1767-03-01,1.0,6.123233995736766e-17,14.581316411540897,43.08461538461539,28.503298973074493
1767-04-01,0.8660254037844387,-0.4999999999999998,15.391120874483235,48.184615384615384,32.79349451013215
1767-05-01,0.4999999999999999,-0.8660254037844387,17.01369061278561,54.56153846153847,37.54784784875286
1767-06-01,1.2246467991473532e-16,-1.0,17.93643112257579,60.66153846153846,42.72510733896267
1767-07-01,-0.4999999999999997,-0.8660254037844388,16.78380524854012,65.06153846153846,48.27773321299834
1767-08-01,-0.8660254037844385,-0.5000000000000004,15.869435423128678,70.02307692307691,54.153641499948236
1767-09-01,-1.0,-1.8369701987210292e-16,11.81760713598267,72.11538461538461,60.297777479401944
1767-10-01,-0.8660254037844386,0.5000000000000001,5.423413765634393,72.07692307692308,66.65350931128869
1767-11-01,-0.5000000000000004,0.8660254037844384,4.659236056615356,77.82307692307693,73.16384086646157
1767-12-01,-2.4492935982947064e-16,1.0,4.150628311600812,83.92307692307692,79.77244861147611
1768-01-01,0.4999999999999999,0.8660254037844387,-0.024551338744728923,86.4,86.42455133874473
1768-02-01,0.8660254037844386,0.5000000000000001,-0.9137779146776097,92.15384615384616,93.06762406852377
1768-03-01,1.0,6.123233995736766e-17,-3.136584329721913,96.51538461538462,99.65196894510653
1768-04-01,0.8660254037844387,-0.4999999999999998,-5.115772063492514,101.01538461538462,106.13115667887713
1768-05-01,0.4999999999999999,-0.8660254037844387,-5.4854291780449955,106.97692307692309,112.46235225496808
1768-06-01,1.2246467991473532e-16,-1.0,-4.314230702909825,114.29230769230769,118.60653839521751
1768-07-01,-0.4999999999999997,-0.8660254037844388,-7.5901882042724935,116.93846153846154,124.52864974273403
1768-08-01,-0.8660254037844385,-0.5000000000000004,-11.889937721354173,118.3076923076923,130.19763002904648
1768-09-01,-1.0,-1.8369701987210292e-16,-17.509500575178905,118.07692307692308,135.58642365210198
1768-10-01,-0.8660254037844386,0.5000000000000001,-16.133450653512014,124.53846153846153,140.67191219197355
1768-11-01,-0.5000000000000004,0.8660254037844384,-16.934805459637772,128.5,145.43480545963777
1768-12-01,-2.4492935982947064e-16,1.0,-19.22103420351138,130.63846153846154,149.85949574197292
1769-01-01,0.4999999999999999,0.8660254037844387,-18.010806071577775,135.92307692307693,153.9338829946547
1769-02-01,0.8660254037844386,0.5000000000000001,-13.04917785914634,144.6,157.64917785914633
1769-03-01,1.0,6.123233995736766e-17,-5.884303935548644,155.1153846153846,160.99968855093326
1769-04-01,0.8660254037844387,-0.4999999999999998,1.8250954174252456,165.80769230769232,163.98259689026708
1769-05-01,0.4999999999999999,-0.8660254037844387,8.217656587571241,174.8153846153846,166.59772802781336
1769-06-01,1.2246467991473532e-16,-1.0,8.71422070411657,177.56153846153848,168.8473177574219
1769-07-01,-0.4999999999999997,-0.8660254037844388,5.825757754758541,176.56153846153845,170.7357807067799
1769-08-01,-0.8660254037844385,-0.5000000000000004,13.084364001058844,185.35384615384615,172.2694821527873
1769-09-01,-1.0,-1.8369701987210292e-16,13.935791972278537,187.3923076923077,173.45651572002916
1769-10-01,-0.8660254037844386,0.5000000000000001,11.378126599586437,185.6846153846154,174.30648878502896
1769-11-01,-0.5000000000000004,0.8660254037844384,7.4389137462750625,182.26923076923077,174.8303170229557
1769-12-01,-2.4492935982947064e-16,1.0,8.467663113917268,183.5076923076923,175.04002919377504
1770-01-01,0.4999999999999999,0.8660254037844387,10.536032416585272,185.48461538461535,174.94858296803008
1770-02-01,0.8660254037844386,0.5000000000000001,11.899538434215174,186.46923076923076,174.5696923350156
1770-03-01,1.0,6.123233995736766e-17,10.513102316138173,184.43076923076922,173.91766691463104
1770-04-01,0.8660254037844387,-0.4999999999999998,5.63119823312573,178.63846153846154,173.0072633053358
1770-05-01,0.4999999999999999,-0.8660254037844387,3.4464515588286986,175.3,171.8535484411713
1770-06-01,1.2246467991473532e-16,-1.0,-1.0410055669746896,169.43076923076922,170.4717747977439
1770-07-01,-0.4999999999999997,-0.8660254037844388,-9.192651792903177,159.6846153846154,168.87726717751858
1770-08-01,-0.8660254037844385,-0.5000000000000004,-14.808397639188314,152.27692307692308,167.0853207161114
1770-09-01,-1.0,-1.8369701987210292e-16,-25.118801988713727,139.9923076923077,165.11110968102142
1770-10-01,-0.8660254037844386,0.5000000000000001,-24.923452734000307,138.04615384615386,162.96960658015416
1770-11-01,-0.5000000000000004,0.8660254037844384,-9.590895672868896,151.0846153846154,160.6755110574843
1770-12-01,-2.4492935982947064e-16,1.0,-0.8201111023199417,157.42307692307693,158.24318802539688
1771-01-01,0.4999999999999999,0.8660254037844387,-0.2635375428603197,155.42307692307693,155.68661446593725
1771-02-01,0.8660254037844386,0.5000000000000001,-4.173180478678972,148.84615384615384,153.0193343248328
1771-03-01,1.0,6.123233995736766e-17,-4.600574767512001,145.65384615384616,150.25442092135816
1771-04-01,0.8660254037844387,-0.4999999999999998,-3.5967539949657237,143.80769230769232,147.40444630265804
1771-05-01,0.4999999999999999,-0.8660254037844387,-1.1737646742238041,143.30769230769232,144.48145698191612
1771-06-01,1.2246467991473532e-16,-1.0,-2.8661862840355354,138.6307692307692,141.49695551480474
1771-07-01,-0.4999999999999997,-0.8660254037844388,-0.008041233249343804,138.45384615384614,138.4618873870955
1771-08-01,-0.8660254037844385,-0.5000000000000004,10.090290369498234,145.47692307692307,135.38663270742484
1771-09-01,-1.0,-1.8369701987210292e-16,11.257459316146367,143.53846153846155,132.28100222231518
1771-10-01,-0.8660254037844386,0.5000000000000001,20.22268588181754,149.37692307692308,129.15423719510554
1771-11-01,-0.5000000000000004,0.8660254037844384,19.908064207135297,145.92307692307693,126.01501271594164
1771-12-01,-2.4492935982947064e-16,1.0,10.782402117841983,133.65384615384616,122.87144403600418
1772-01-01,0.4999999999999999,0.8660254037844387,8.507365993098645,128.23846153846154,119.73109554536289
1772-02-01,0.8660254037844386,0.5000000000000001,10.168238729303624,126.76923076923077,116.60099203992715
1772-03-01,1.0,6.123233995736766e-17,12.258521897469265,125.74615384615385,113.48763194868458
1772-04-01,0.8660254037844387,-0.4999999999999998,12.426074705511652,122.82307692307693,110.39700221756527
1772-05-01,0.4999999999999999,-0.8660254037844387,11.811559275472277,119.14615384615384,107.33459457068156
1772-06-01,1.2246467991473532e-16,-1.0,10.263807875989102,114.56923076923076,104.30542289324165
1772-07-01,-0.4999999999999997,-0.8660254037844388,7.985958496983059,109.30000000000001,101.31404150301695
1772-08-01,-0.8660254037844385,-0.5000000000000004,1.7123589781338637,100.07692307692308,98.36456409878922
1772-09-01,-1.0,-1.8369701987210292e-16,-0.46068319465595664,95.0,95.46068319465596
1772-10-01,-0.8660254037844386,0.5000000000000001,2.625079362362527,95.23076923076923,92.6056898684067
1772-11-01,-0.5000000000000004,0.8660254037844384,-1.1255705934522808,88.67692307692309,89.80249367037537
1772-12-01,-2.4492935982947064e-16,1.0,0.39251128992583517,87.44615384615385,87.05364255622801
1773-01-01,0.4999999999999999,0.8660254037844387,-0.6690350307615915,83.6923076923077,84.36134272306928
1773-02-01,0.8660254037844386,0.5000000000000001,-6.312093627676234,75.41538461538461,81.72747824306084
1773-03-01,1.0,6.123233995736766e-17,-7.192091940934262,71.96153846153847,79.15363040247273
1773-04-01,0.8660254037844387,-0.4999999999999998,-7.787250512917822,68.85384615384615,76.64109666676397
1773-05-01,0.4999999999999999,-0.8660254037844387,-10.167832280873583,64.02307692307693,74.19090920395051
1773-06-01,1.2246467991473532e-16,-1.0,-10.103852909207717,61.7,71.80385290920772
1773-07-01,-0.4999999999999997,-0.8660254037844388,-9.988175191112724,59.4923076923077,69.48048288342042
1773-08-01,-0.8660254037844385,-0.5000000000000004,-6.34421825035097,60.876923076923084,67.22114132727405
1773-09-01,-1.0,-1.8369701987210292e-16,-0.7259738205322606,64.3,65.02597382053226
1773-10-01,-0.8660254037844386,0.5000000000000001,0.4589011904365705,63.353846153846156,62.894944963409586
1773-11-01,-0.5000000000000004,0.8660254037844384,4.887531251906168,65.71538461538461,60.82785336347844
1773-12-01,-2.4492935982947064e-16,1.0,5.275654042614349,64.1,58.824345957385646
1774-01-01,0.4999999999999999,0.8660254037844387,5.823760645840039,62.70769230769231,56.88393166185227
1774-02-01,0.8660254037844386,0.5000000000000001,4.994005646973264,60.0,55.005994353026736
1774-03-01,1.0,6.123233995736766e-17,6.194810207308265,59.38461538461539,53.18980517730712
1774-04-01,0.8660254037844387,-0.4999999999999998,5.988542722793881,57.42307692307692,51.43453420028304
1774-05-01,0.4999999999999999,-0.8660254037844387,6.58381551956856,56.323076923076925,49.739261403508365
1774-06-01,1.2246467991473532e-16,-1.0,4.535474497011002,52.638461538461534,48.10298704145053
1774-07-01,-0.4999999999999997,-0.8660254037844388,1.1368970883418683,47.661538461538456,46.52464137319659
1774-08-01,-0.8660254037844385,-0.5000000000000004,-3.341555323834939,41.661538461538456,45.003093785373395
1774-09-01,-1.0,-1.8369701987210292e-16,-8.775622862751199,34.761538461538464,43.53716132428966
1774-10-01,-0.8660254037844386,0.5000000000000001,-13.064078195021494,29.06153846153846,42.125616656559956
1774-11-01,-0.5000000000000004,0.8660254037844384,-16.82104163230352,23.946153846153848,40.76719547845737
1774-12-01,-2.4492935982947064e-16,1.0,-20.514449548834662,18.946153846153848,39.46060339498851
1775-01-01,0.4999999999999999,0.8660254037844387,-22.781445367138627,15.423076923076923,38.20452229021555
1775-02-01,0.8660254037844386,0.5000000000000001,-22.805308518382546,14.192307692307692,36.99761621069024
1775-03-01,1.0,6.123233995736766e-17,-22.08469063019011,13.753846153846155,35.838536784036265
1775-04-01,0.8660254037844387,-0.4999999999999998,-21.27208204089111,13.453846153846154,34.725928194737264
1775-05-01,0.4999999999999999,-0.8660254037844387,-20.05843173907794,13.600000000000001,33.65843173907794
1775-06-01,1.2246467991473532e-16,-1.0,4.571257398293972,12.346153846153847,7.7748964478598745
1775-07-01,-0.4999999999999997,-0.8660254037844388,5.774045731074674,13.569230769230769,7.795185038156095
1775-08-01,-0.8660254037844385,-0.5000000000000004,6.599899576894645,14.492307692307692,7.892408115413048
1775-09-01,-1.0,-1.8369701987210292e-16,7.138480164547694,15.3,8.161519835452307
1775-10-01,-0.8660254037844386,0.5000000000000001,7.885790829766739,16.607692307692307,8.721901477925568
1775-11-01,-0.5000000000000004,0.8660254037844384,6.904510598640254,16.607692307692307,9.703181709052053
1775-12-01,-2.4492935982947064e-16,1.0,7.313570263372167,18.546153846153846,11.232583582781679
1776-01-01,0.4999999999999999,0.8660254037844387,3.6751710525057355,17.099999999999998,13.424828947494262
1776-02-01,0.8660254037844386,0.5000000000000001,3.6944048448745512,20.069230769230767,16.374825924356216
1776-03-01,1.0,6.123233995736766e-17,0.9547122016865188,21.10769230769231,20.152980106005792
1776-04-01,0.8660254037844387,-0.4999999999999998,-0.256638583602836,24.54615384615385,24.802792429756686
1776-05-01,0.4999999999999999,-0.8660254037844387,-2.024955526484259,28.315384615384612,30.34034014186887
1776-06-01,1.2246467991473532e-16,-1.0,-5.247539529480086,31.50769230769231,36.755231837172396
1776-07-01,-0.4999999999999997,-0.8660254037844388,-7.7511165889388565,36.26153846153846,44.01265505047731
1776-08-01,-0.8660254037844385,-0.5000000000000004,-13.902332585387072,38.153846153846146,52.05617873923322
1776-09-01,-1.0,-1.8369701987210292e-16,-19.141792571596795,41.66923076923077,60.81102334082757
1776-10-01,-0.8660254037844386,0.5000000000000001,-17.07986972618896,53.107692307692304,70.18756203388126
1776-11-01,-0.5000000000000004,0.8660254037844384,-19.477172683862698,60.6076923076923,80.084864991555
1776-12-01,-2.4492935982947064e-16,1.0,-20.878757351678004,69.51538461538462,90.39414196706262
1777-01-01,0.4999999999999999,0.8660254037844387,-21.748130518070283,79.25384615384615,101.00197667191644
1777-02-01,0.8660254037844386,0.5000000000000001,-18.308663508858203,93.48461538461538,111.79327889347358
1777-03-01,1.0,6.123233995736766e-17,-17.369291943529447,105.28461538461536,122.65390732814481
1777-04-01,0.8660254037844387,-0.4999999999999998,-16.58832269417053,116.88461538461539,133.47293807878592
1777-05-01,0.4999999999999999,-0.8660254037844387,-12.390725039311803,131.75384615384615,144.14457119315796
1777-06-01,1.2246467991473532e-16,-1.0,-7.131219526538757,147.43846153846152,154.56968106500028
1777-07-01,-0.4999999999999997,-0.8660254037844388,0.38143499610353615,165.03846153846155,164.657026542358
1777-08-01,-0.8660254037844385,-0.5000000000000004,-1.039528341491632,173.28461538461536,174.324143726107
1777-09-01,-1.0,-1.8369701987210292e-16,2.28666619406539,185.7846153846154,183.49794919055
1777-10-01,-0.8660254037844386,0.5000000000000001,7.2618389135462,199.37692307692308,192.11508416337688
1777-11-01,-0.5000000000000004,0.8660254037844384,17.639507004107315,217.76153846153844,200.12203145743112
1777-12-01,-2.4492935982947064e-16,1.0,21.994193776662627,229.4692307692308,207.47503699256816
1778-01-01,0.4999999999999999,0.8660254037844387,24.59859466487694,238.73846153846156,214.13986687358462
1778-02-01,0.8660254037844386,0.5000000000000001,24.416262862891614,244.5076923076923,220.0914294448007
1778-03-01,1.0,6.123233995736766e-17,26.84824873476967,252.1615384615385,225.31328972676883
1778-04-01,0.8660254037844387,-0.4999999999999998,27.502898677943364,257.29999999999995,229.7971013220566
1778-05-01,0.4999999999999999,-0.8660254037844387,29.373406226410964,262.9153846153846,233.54197838897363
1778-06-01,1.2246467991473532e-16,-1.0,21.10771073124758,257.6615384615385,236.55382773029092
1778-07-01,-0.4999999999999997,-0.8660254037844388,13.355341489671076,252.2,238.8446585103289
1778-08-01,-0.8660254037844385,-0.5000000000000004,10.283499955416062,250.7153846153846,240.43188465996855
1778-09-01,-1.0,-1.8369701987210292e-16,10.493136530722097,251.83076923076925,241.33763270004715
1778-10-01,-0.8660254037844386,0.5000000000000001,11.658088305898929,253.24615384615385,241.58806554025492
1778-11-01,-0.5000000000000004,0.8660254037844384,11.387269187195272,252.60000000000002,241.21273081280475
1778-12-01,-2.4492935982947064e-16,1.0,-3.6977866423879107,236.54615384615389,240.2439404885418
1779-01-01,0.4999999999999999,0.8660254037844387,-5.839263824481179,232.87692307692308,238.71618690140426
1779-02-01,0.8660254037844386,0.5000000000000001,-9.042521950315063,227.62307692307692,236.66559887339199
1779-03-01,1.0,6.123233995736766e-17,-10.221748072748255,223.90769230769232,234.12944038044057
1779-04-01,0.8660254037844387,-0.4999999999999998,-13.353345428551648,217.7923076923077,231.14565312085935
1779-05-01,0.4999999999999999,-0.8660254037844387,-15.3832126619711,212.3692307692308,227.7524434312019
1779-06-01,1.2246467991473532e-16,-1.0,-16.787913227225545,207.20000000000002,223.98791322722556
1779-07-01,-0.4999999999999997,-0.8660254037844388,-17.17434940146245,202.71538461538464,219.8897340168471
1779-08-01,-0.8660254037844385,-0.5000000000000004,-14.925631755153148,200.56923076923078,215.49486252438393
1779-09-01,-1.0,-1.8369701987210292e-16,-18.954680683024378,191.8846153846154,210.83929606763976
1779-10-01,-0.8660254037844386,0.5000000000000001,-17.027096297953875,188.93076923076922,205.9578655287231
1779-11-01,-0.5000000000000004,0.8660254037844384,-16.799448159028856,184.08461538461538,200.88406354364423
1779-12-01,-2.4492935982947064e-16,1.0,-18.22682847012635,177.42307692307693,195.64990539320328
1780-01-01,0.4999999999999999,0.8660254037844387,-16.416589228575816,173.86923076923074,190.28581999780656
1780-02-01,0.8660254037844386,0.5000000000000001,-18.259029930268497,166.56153846153848,184.82056839180697
1780-03-01,1.0,6.123233995736766e-17,-15.06580245449905,164.21538461538464,179.28118706988369
1780-04-01,0.8660254037844387,-0.4999999999999998,-13.839107496977391,159.85384615384615,173.69295365082354
1780-05-01,0.4999999999999999,-0.8660254037844387,-16.433218539568685,151.64615384615385,168.07937238572254
1780-06-01,1.2246467991473532e-16,-1.0,-17.908330987922056,144.55384615384617,162.46217714176822
1780-07-01,-0.4999999999999997,-0.8660254037844388,-13.753657306189353,143.1076923076923,156.86134961388166
1780-08-01,-0.8660254037844385,-0.5000000000000004,-7.587458342104497,143.7076923076923,151.2951506497968
1780-09-01,-1.0,-1.8369701987210292e-16,-7.8417011770626175,137.93846153846155,145.78016271552417
1780-10-01,-0.8660254037844386,0.5000000000000001,-6.200572443327076,134.13076923076923,140.3313416740963
1780-11-01,-0.5000000000000004,0.8660254037844384,0.41484687883945526,135.37692307692308,134.96207619808362
1780-12-01,-2.4492935982947064e-16,1.0,4.469592870666304,134.15384615384616,129.68425328317986
1781-01-01,0.4999999999999999,0.8660254037844387,7.78397921810739,132.2923076923077,124.50832847420031
1781-02-01,0.8660254037844386,0.5000000000000001,10.28736967623233,129.73076923076923,119.4433995545369
1781-03-01,1.0,6.123233995736766e-17,10.748871261927874,125.24615384615385,114.49728258422597
1781-04-01,0.8660254037844387,-0.4999999999999998,7.0541799313775755,116.73076923076923,109.67658929939165
1781-05-01,0.4999999999999999,-0.8660254037844387,10.46704114760503,115.45384615384614,104.98680500624111
1781-06-01,1.2246467991473532e-16,-1.0,11.844556861345964,112.27692307692307,100.4323662155771
1781-07-01,-0.4999999999999997,-0.8660254037844388,15.660185708233357,111.67692307692307,96.01673736868972
1781-08-01,-0.8660254037844385,-0.5000000000000004,12.088283128372836,103.83076923076922,91.74248610239638
1781-09-01,-1.0,-1.8369701987210292e-16,11.388643410048857,99.0,87.61135658995114
1781-10-01,-0.8660254037844386,0.5000000000000001,13.837197885866757,97.46153846153847,83.62434057567171
1781-11-01,-0.5000000000000004,0.8660254037844384,15.887484974563932,95.66923076923078,79.78174579466685
1781-12-01,-2.4492935982947064e-16,1.0,11.032123080117756,87.11538461538461,76.08326153526686
1782-01-01,0.4999999999999999,0.8660254037844387,6.810440377447165,79.33846153846154,72.52802116101438
1782-02-01,0.8660254037844386,0.5000000000000001,6.439184692118772,75.55384615384615,69.11466146172738
1782-03-01,1.0,6.123233995736766e-17,5.612467404238259,71.45384615384616,65.8413787496079
1782-04-01,0.8660254037844387,-0.4999999999999998,5.186326035258119,67.8923076923077,62.70598165704958
1782-05-01,0.4999999999999999,-0.8660254037844387,8.724828602658533,68.43076923076923,59.705940628110696
1782-06-01,1.2246467991473532e-16,-1.0,6.846181258621407,63.684615384615384,56.83843412599398
1782-07-01,-0.4999999999999997,-0.8660254037844388,8.661146856824047,62.76153846153847,54.100391604714424
1782-08-01,-0.8660254037844385,-0.5000000000000004,9.311466685154045,60.800000000000004,51.48853331484596
1782-09-01,-1.0,-1.8369701987210292e-16,10.415977584178627,59.415384615384625,48.999407031206
1782-10-01,-0.8660254037844386,0.5000000000000001,11.670578195070433,58.3,46.629421804929564
1782-11-01,-0.5000000000000004,0.8660254037844384,11.617428838353675,55.99230769230769,44.374878853954016
1782-12-01,-2.4492935982947064e-16,1.0,10.029538746727049,52.26153846153847,42.23199971481142
1783-01-01,0.4999999999999999,0.8660254037844387,11.326125137957945,51.52307692307692,40.196951785118976
1783-02-01,0.8660254037844386,0.5000000000000001,11.072590147910248,49.33846153846154,38.26587139055129
1783-03-01,1.0,6.123233995736766e-17,9.572807795048888,46.00769230769231,36.43488451264342
1783-04-01,0.8660254037844387,-0.4999999999999998,7.969105454479305,42.66923076923077,34.70012531475147
1783-05-01,0.4999999999999999,-0.8660254037844387,8.55763201227218,41.61538461538461,33.057752603112434
1783-06-01,1.2246467991473532e-16,-1.0,7.419112564674247,38.92307692307692,31.503964358402673
1783-07-01,-0.4999999999999997,-0.8660254037844388,6.711143375475231,36.74615384615385,30.03501047067862
1783-08-01,-0.8660254037844385,-0.5000000000000004,5.529719269663396,34.176923076923075,28.64720380725968
1783-09-01,-1.0,-1.8369701987210292e-16,3.2861471839430543,30.62307692307692,27.336929739133865
1783-10-01,-0.8660254037844386,0.5000000000000001,2.383961137652147,28.484615384615385,26.100654246963238
1783-11-01,-0.5000000000000004,0.8660254037844384,0.6881462002208032,25.62307692307692,24.934930722856116
1783-12-01,-2.4492935982947064e-16,1.0,-0.0056363480949173095,23.830769230769228,23.836405578864145
1784-01-01,0.4999999999999999,0.8660254037844387,-1.4325919985114233,21.369230769230764,22.801822767742188
1784-02-01,0.8660254037844386,0.5000000000000001,-3.3049503928837645,18.52307692307692,21.828027315960686
1784-03-01,1.0,6.123233995736766e-17,-3.6658141171961844,17.246153846153845,20.91196796335003
1784-04-01,0.8660254037844387,-0.4999999999999998,-4.089160536607595,15.961538461538462,20.050698998146057
1784-05-01,0.4999999999999999,-0.8660254037844387,-2.1259967552588463,17.115384615384617,19.241381370643463
1784-06-01,1.2246467991473532e-16,-1.0,-1.4966677785766223,16.984615384615385,18.481283163192007
1784-07-01,-0.4999999999999997,-0.8660254037844388,-1.2985487196950771,16.46923076923077,17.767779488925846
1784-08-01,-0.8660254037844385,-0.5000000000000004,8.057179022049736,15.823076923076922,7.765897901027186
1784-09-01,-1.0,-1.8369701987210292e-16,7.472907193391338,15.953846153846152,8.480938960454814
1784-10-01,-0.8660254037844386,0.5000000000000001,6.648860744176666,16.56153846153846,9.912677717361795
1784-11-01,-0.5000000000000004,0.8660254037844384,5.810274459810147,17.93076923076923,12.120494770959082
1784-12-01,-2.4492935982947064e-16,1.0,5.419156027742755,20.53076923076923,15.111613203026476
1785-01-01,0.4999999999999999,0.8660254037844387,5.16928913184438,24.03076923076923,18.86148009892485
1785-02-01,0.8660254037844386,0.5000000000000001,2.4978843270267816,25.823076923076922,23.32519259605014
1785-03-01,1.0,6.123233995736766e-17,0.19366501991799723,28.638461538461538,28.44479651854354
1785-04-01,0.8660254037844387,-0.4999999999999998,-0.7465874836113073,33.40769230769231,34.154279791303615
1785-05-01,0.4999999999999999,-0.8660254037844387,-2.8446636874551103,37.53846153846154,40.38312522591665
1785-06-01,1.2246467991473532e-16,-1.0,-8.19735656273167,38.86153846153846,47.05889502427013
1785-07-01,-0.4999999999999997,-0.8660254037844388,-12.270669780883125,41.83846153846154,54.10913131934466
1785-08-01,-0.8660254037844385,-0.5000000000000004,-14.355064098600216,47.107692307692304,61.46275640629252
1785-09-01,-1.0,-1.8369701987210292e-16,-16.851097767426033,52.199999999999996,69.05109776742603
1785-10-01,-0.8660254037844386,0.5000000000000001,-14.81631897684764,61.99230769230769,76.80862666915533
1785-11-01,-0.5000000000000004,0.8660254037844384,-12.865783067723996,71.8076923076923,84.6734753754163
1785-12-01,-2.4492935982947064e-16,1.0,-15.872397232597578,76.71538461538462,92.5877818479822
1786-01-01,0.4999999999999999,0.8660254037844387,-16.51328400655167,83.98461538461538,100.49789939116705
1786-02-01,0.8660254037844386,0.5000000000000001,-17.52373117765991,90.83076923076922,108.35450040842913
1786-03-01,1.0,6.123233995736766e-17,-13.551058807300834,102.56153846153848,116.11259726883931
1786-04-01,0.8660254037844387,-0.4999999999999998,-10.869960133718479,112.86153846153846,123.73149859525694
1786-05-01,0.4999999999999999,-0.8660254037844387,-9.497792588029,121.67692307692309,131.1747156649521
1786-06-01,1.2246467991473532e-16,-1.0,-7.440600005173792,130.9692307692308,138.40983077440458
1786-07-01,-0.4999999999999997,-0.8660254037844388,-0.6698756283473699,144.73846153846154,145.4083371668089
1786-08-01,-0.8660254037844385,-0.5000000000000004,1.416080147472428,153.56153846153848,152.14545831406605
1786-09-01,-1.0,-1.8369701987210292e-16,0.06927788547349678,158.66923076923078,158.59995288375728
1786-10-01,-0.8660254037844386,0.5000000000000001,4.107627930305085,168.8615384615385,164.7539105312334
1786-11-01,-0.5000000000000004,0.8660254037844384,4.607457318447075,175.2,170.5925426815529
1786-12-01,-2.4492935982947064e-16,1.0,-0.01935627831983311,176.0846153846154,176.10397166293524
1787-01-01,0.4999999999999999,0.8660254037844387,3.6517483410346188,184.93076923076922,181.2790208897346
1787-02-01,0.8660254037844386,0.5000000000000001,5.773607141679861,191.8846153846154,186.11100824293553
1787-03-01,1.0,6.123233995736766e-17,9.958301814371907,200.55384615384614,190.59554433947423
1787-04-01,0.8660254037844387,-0.4999999999999998,11.661970690257789,206.3923076923077,194.7303370020499
1787-05-01,0.4999999999999999,-0.8660254037844387,11.615766305368027,210.1307692307692,198.51500292540118
1787-06-01,1.2246467991473532e-16,-1.0,15.618343496563654,217.56923076923078,201.95088727266713
1787-07-01,-0.4999999999999997,-0.8660254037844388,15.774492897682364,220.8153846153846,205.04089171770224
1787-08-01,-0.8660254037844385,-0.5000000000000004,12.31838103876811,220.1076923076923,207.7893112689242
1787-09-01,-1.0,-1.8369701987210292e-16,14.682935323130295,224.8846153846154,210.2016800614851
1787-10-01,-0.8660254037844386,0.5000000000000001,15.299989202280926,227.58461538461538,212.28462618233445
1787-11-01,-0.5000000000000004,0.8660254037844384,11.715802968591703,225.76153846153844,214.04573549294673
1787-12-01,-2.4492935982947064e-16,1.0,12.75272951252353,228.24615384615385,215.49342433363032
1788-01-01,0.4999999999999999,0.8660254037844387,17.032409840728604,233.66923076923075,216.63682092850215
1788-02-01,0.8660254037844386,0.5000000000000001,17.21434474109222,234.70000000000002,217.4856552589078
1788-03-01,1.0,6.123233995736766e-17,17.13445825142213,235.18461538461537,218.05015713319324
1788-04-01,0.8660254037844387,-0.4999999999999998,14.882114772570304,233.22307692307692,218.3409621505066
1788-05-01,0.4999999999999999,-0.8660254037844387,6.861743996577502,225.23076923076923,218.36902523419172
1788-06-01,1.2246467991473532e-16,-1.0,5.546766297265037,223.69230769230768,218.14554139504264
1788-07-01,-0.4999999999999997,-0.8660254037844388,-1.6818733750986326,216.0,217.68187337509863
1788-08-01,-0.8660254037844385,-0.5000000000000004,-2.620255048596988,214.3692307692308,216.98948581782778
1788-09-01,-1.0,-1.8369701987210292e-16,-2.8875779173583282,213.19230769230768,216.079885609666
1788-10-01,-0.8660254037844386,0.5000000000000001,-4.333798809470039,210.63076923076926,214.9645680402393
1788-11-01,-0.5000000000000004,0.8660254037844384,-1.10112227977541,212.55384615384614,213.65496843362155
1788-12-01,-2.4492935982947064e-16,1.0,1.2914272436965462,213.45384615384611,212.16241891014957
1789-01-01,0.4999999999999999,0.8660254037844387,-1.8134945625832302,208.68461538461537,210.4981099471986
1789-02-01,0.8660254037844386,0.5000000000000001,-4.919210263702212,203.75384615384615,208.67305641754837
1789-03-01,1.0,6.123233995736766e-17,-6.0211447182994675,200.6769230769231,206.69806779522256
1789-04-01,0.8660254037844387,-0.4999999999999998,-10.483722230697708,194.10000000000002,204.58372223069773
1789-05-01,0.4999999999999999,-0.8660254037844387,-9.271113440690556,193.06923076923078,202.34034420992134
1789-06-01,1.2246467991473532e-16,-1.0,-1.6779855244636224,198.3,199.97798552446363
1789-07-01,-0.4999999999999997,-0.8660254037844388,-2.5987169854990952,194.90769230769232,197.5064092931914
1789-08-01,-0.8660254037844385,-0.5000000000000004,1.703384749503698,196.63846153846154,194.93507678895784
1789-09-01,-1.0,-1.8369701987210292e-16,0.6499400862355742,192.92307692307693,192.27313683684136
1789-10-01,-0.8660254037844386,0.5000000000000001,0.06289012896615986,189.59230769230768,189.52941756334153
1789-11-01,-0.5000000000000004,0.8660254037844384,-1.0047279808888163,185.7076923076923,186.71242028858111
1789-12-01,-2.4492935982947064e-16,1.0,-2.2841615197486647,181.54615384615389,183.83031536590255
1790-01-01,0.4999999999999999,0.8660254037844387,-5.8447859390873305,175.04615384615389,180.89093978524122
1790-02-01,0.8660254037844386,0.5000000000000001,-6.701796368266912,171.20000000000002,177.90179636826693
1790-03-01,1.0,6.123233995736766e-17,-6.9700543944802575,167.89999999999998,174.87005439448023
1790-04-01,0.8660254037844387,-0.4999999999999998,-7.456397662055764,164.34615384615384,171.8025515082096
1790-05-01,0.4999999999999999,-0.8660254037844387,-5.34425830523125,163.36153846153846,168.7057967667697
1790-06-01,1.2246467991473532e-16,-1.0,-9.916743930663046,155.66923076923075,165.5859746998938
1790-07-01,-0.4999999999999997,-0.8660254037844388,-14.825873336873599,147.62307692307692,162.44895025995052
1790-08-01,-0.8660254037844385,-0.5000000000000004,-16.938736089849783,142.36153846153846,159.30027455138824
1790-09-01,-1.0,-1.8369701987210292e-16,-20.64519123632897,135.49999999999997,156.14519123632894
1790-10-01,-0.8660254037844386,0.5000000000000001,-19.93479736741716,133.05384615384617,152.98864352126333
1790-11-01,-0.5000000000000004,0.8660254037844384,-19.389127791232568,130.44615384615383,149.8352816373864
1790-12-01,-2.4492935982947064e-16,1.0,-19.935624580423564,126.75384615384615,146.68947073426972
1791-01-01,0.4999999999999999,0.8660254037844387,-19.370683728693166,124.1846153846154,143.55529911330856
1791-02-01,0.8660254037844386,0.5000000000000001,-19.621202118332064,120.8153846153846,140.43658673371667
1791-03-01,1.0,6.123233995736766e-17,-19.152278545171242,118.1846153846154,137.33689392978664
1791-04-01,0.8660254037844387,-0.4999999999999998,-18.074914899088554,116.1846153846154,134.25953028370395
1791-05-01,0.4999999999999999,-0.8660254037844387,-17.238332834181392,113.96923076923076,131.20756360341215
1791-06-01,1.2246467991473532e-16,-1.0,-16.26844434450635,111.91538461538462,128.18382895989097
1791-07-01,-0.4999999999999997,-0.8660254037844388,-15.32170697351502,109.86923076923077,125.19093774274579
1791-08-01,-0.8660254037844385,-0.5000000000000004,-13.47744054337997,108.75384615384615,122.23128669722612
1791-09-01,-1.0,-1.8369701987210292e-16,-10.422451525102062,108.88461538461539,119.30706690971745
1791-10-01,-0.8660254037844386,0.5000000000000001,-7.3125804046958365,109.10769230769232,116.42027271238815
1791-11-01,-0.5000000000000004,0.8660254037844384,-6.418864327201078,107.15384615384616,113.57271048104724
1791-12-01,-2.4492935982947064e-16,1.0,-5.235238072617662,105.53076923076924,110.7660073033869
1792-01-01,0.4999999999999999,0.8660254037844387,-4.832388728430004,103.16923076923078,108.00161949766078
1792-02-01,0.8660254037844386,0.5000000000000001,-3.5193025029671077,101.76153846153846,105.28084096450557
1792-03-01,1.0,6.123233995736766e-17,1.2028809506417844,103.8076923076923,102.60481135705052
1792-04-01,0.8660254037844387,-0.4999999999999998,2.8716297894523137,102.84615384615384,99.97452405670153
1792-05-01,0.4999999999999999,-0.8660254037844387,4.855319902112967,102.24615384615383,97.39083394404086
1792-06-01,1.2246467991473532e-16,-1.0,5.97630427461182,100.83076923076925,94.85446495615743
1792-07-01,-0.4999999999999997,-0.8660254037844388,7.180136422714881,99.54615384615386,92.36601742343898
1792-08-01,-0.8660254037844385,-0.5000000000000004,9.235563281125522,99.16153846153847,89.92597518041295
1792-09-01,-1.0,-1.8369701987210292e-16,10.534518322589435,98.06923076923077,87.53471244664134
1792-10-01,-0.8660254037844386,0.5000000000000001,11.59211490966382,96.78461538461539,85.19250047495157
1792-11-01,-0.5000000000000004,0.8660254037844384,10.885101419167668,93.78461538461539,82.89951396544772
1792-12-01,-2.4492935982947064e-16,1.0,11.72108583214191,92.37692307692308,80.65583724478117
1793-01-01,0.4999999999999999,0.8660254037844387,12.500068250440506,90.96153846153847,78.46147021109796
1793-02-01,0.8660254037844386,0.5000000000000001,12.52981980024444,88.84615384615384,76.3163340459094
1793-03-01,1.0,6.123233995736766e-17,10.010492535893107,84.23076923076923,74.22027669487612
1793-04-01,0.8660254037844387,-0.4999999999999998,10.519229572157514,82.6923076923077,72.17307812015018
1793-05-01,0.4999999999999999,-0.8660254037844387,10.594775441734754,80.76923076923077,70.17445532749602
1793-06-01,1.2246467991473532e-16,-1.0,11.099009751160509,79.32307692307693,68.22406717191642
1793-07-01,-0.4999999999999997,-0.8660254037844388,11.593865669438912,77.91538461538462,66.32151894594571
1793-08-01,-0.8660254037844385,-0.5000000000000004,11.910556321774095,76.37692307692308,64.46636675514898
1793-09-01,-1.0,-1.8369701987210292e-16,11.534186006622946,74.1923076923077,62.65812168568475
1793-10-01,-0.8660254037844386,0.5000000000000001,9.819130846326821,70.71538461538462,60.8962537690578
1793-11-01,-0.5000000000000004,0.8660254037844384,11.881342712130383,71.06153846153846,59.18019574940808
1793-12-01,-2.4492935982947064e-16,1.0,12.16757641806182,69.67692307692309,57.50934665886127
1794-01-01,0.4999999999999999,0.8660254037844387,12.509232485703343,68.3923076923077,55.88307520660435
1794-02-01,0.8660254037844386,0.5000000000000001,12.814661627931066,67.11538461538461,54.30072298745355
1794-03-01,1.0,6.123233995736766e-17,12.023007868861619,64.78461538461539,52.761607515753774
1794-04-01,0.8660254037844387,-0.4999999999999998,14.096513371047692,65.36153846153846,51.26502509049077
1794-05-01,0.4999999999999999,-0.8660254037844387,18.166669579408996,67.97692307692309,49.81025349751409
1794-06-01,1.2246467991473532e-16,-1.0,20.534214676006563,68.93076923076923,48.396554554762666
1794-07-01,-0.4999999999999997,-0.8660254037844388,18.792208109028337,65.81538461538462,47.02317650635628
1794-08-01,-0.8660254037844385,-0.5000000000000004,19.472182190167317,65.16153846153846,45.68935627137114
1794-09-01,-1.0,-1.8369701987210292e-16,16.744139985406257,61.138461538461534,44.39432155305528
1794-10-01,-0.8660254037844386,0.5000000000000001,15.516553339685032,58.65384615384615,43.13729281416112
1794-11-01,-0.5000000000000004,0.8660254037844384,17.074822568321892,58.99230769230769,41.9174851239858
1794-12-01,-2.4492935982947064e-16,1.0,13.312043963547339,54.04615384615385,40.73410988260651
1795-01-01,0.4999999999999999,0.8660254037844387,10.790546649232517,50.37692307692308,39.58637642769056
1795-02-01,0.8660254037844386,0.5000000000000001,9.941891086244837,48.41538461538461,38.47349352913977
1795-03-01,1.0,6.123233995736766e-17,7.620713838678192,45.01538461538461,37.39467077670642
1795-04-01,0.8660254037844387,-0.4999999999999998,9.743187826722348,46.092307692307685,36.34911986558534
1795-05-01,0.4999999999999999,-0.8660254037844387,10.310098061299996,45.646153846153844,35.33605578485385
1795-06-01,1.2246467991473532e-16,-1.0,4.9606867018934935,39.315384615384616,34.35469791349112
1795-07-01,-0.4999999999999997,-0.8660254037844388,2.1418828175848503,35.54615384615385,33.404271028569
1795-08-01,-0.8660254037844385,-0.5000000000000004,3.3698399237845322,35.85384615384615,32.48400623006162
1795-09-01,-1.0,-1.8369701987210292e-16,1.160704367267435,32.753846153846155,31.59314178657872
1795-10-01,-0.8660254037844386,0.5000000000000001,4.469076093819012,35.199999999999996,30.730923906180983
1795-11-01,-0.5000000000000004,0.8660254037844384,5.611084871399804,35.50769230769231,29.896607436292506
1795-12-01,-2.4492935982947064e-16,1.0,3.302851195727584,32.39230769230769,29.089456496580105
1796-01-01,0.4999999999999999,0.8660254037844387,5.337408797626921,33.646153846153844,28.308745048526923
1796-02-01,0.8660254037844386,0.5000000000000001,4.630857979329974,32.184615384615384,27.55375740528541
1796-03-01,1.0,6.123233995736766e-17,4.430057468591464,31.253846153846155,26.82378868525469
1796-04-01,0.8660254037844387,-0.4999999999999998,4.812624018078992,30.93076923076923,26.118145212690237
1796-05-01,0.4999999999999999,-0.8660254037844387,4.071547439175404,29.50769230769231,25.436144868516905
1796-06-01,1.2246467991473532e-16,-1.0,2.176728759461433,26.95384615384615,24.777117394384717
1796-07-01,-0.4999999999999997,-0.8660254037844388,2.3519030394321945,26.49230769230769,24.140404652875496
1796-08-01,-0.8660254037844385,-0.5000000000000004,0.6823314610501257,24.207692307692305,23.52536084664218
1796-09-01,-1.0,-1.8369701987210292e-16,-1.2621219299070248,21.66923076923077,22.931352699137793
1796-10-01,-0.8660254037844386,0.5000000000000001,-2.1885288302399992,20.16923076923077,22.357759599470768
1796-11-01,-0.5000000000000004,0.8660254037844384,-4.757819867651367,17.046153846153846,21.803973713805213
1796-12-01,-2.4492935982947064e-16,1.0,-5.4924769886881535,15.77692307692308,21.269400065611233
1797-01-01,0.4999999999999999,0.8660254037844387,-5.284225817727933,15.46923076923077,20.753456586958702
1797-02-01,0.8660254037844386,0.5000000000000001,-7.463266450634199,12.792307692307693,20.255574142941892
1797-03-01,1.0,6.123233995736766e-17,-6.4444273004480905,13.330769230769231,19.775196531217322
1797-04-01,0.8660254037844387,-0.4999999999999998,-7.457934304691744,11.853846153846153,19.311780458537896
1797-05-01,0.4999999999999999,-0.8660254037844387,-7.672487803761259,11.192307692307692,18.86479549606895
1797-06-01,1.2246467991473532e-16,-1.0,-7.933724015179003,10.5,18.433724015179003
1797-07-01,-0.4999999999999997,-0.8660254037844388,-7.918061105307615,10.100000000000001,18.018061105307616
1797-08-01,-0.8660254037844385,-0.5000000000000004,-8.848083706195968,8.76923076923077,17.61731447542674
1797-09-01,-1.0,-1.8369701987210292e-16,-7.40792741745147,9.823076923076924,17.231004340528393
1797-10-01,-0.8660254037844386,0.5000000000000001,-7.4125094483380085,9.446153846153846,16.858663294491855
1797-11-01,-0.5000000000000004,0.8660254037844384,-7.569066939837681,8.930769230769231,16.499836170606912
1797-12-01,-2.4492935982947064e-16,1.0,-8.161772198648327,7.992307692307692,16.15407989095602
1798-01-01,0.4999999999999999,0.8660254037844387,-9.251732536557434,6.56923076923077,15.820963305788204
1798-02-01,0.8660254037844386,0.5000000000000001,-9.100067023949896,6.4,15.500067023949896
1798-03-01,1.0,6.123233995736766e-17,-9.252521696912089,5.938461538461539,15.190983235373627
1798-04-01,0.8660254037844387,-0.4999999999999998,3.7413959751059007,5.4,1.6586040248940994
1798-05-01,0.4999999999999999,-0.8660254037844387,4.456617344363728,6.115384615384615,1.6587672710208865
1798-06-01,1.2246467991473532e-16,-1.0,4.978534746451927,6.638461538461538,1.659926792009611
1798-07-01,-0.4999999999999997,-0.8660254037844388,4.79732403342287,6.461538461538462,1.6642144281155915
1798-08-01,-0.8660254037844385,-0.5000000000000004,6.147618744490623,7.823076923076924,1.6754581785863003
1798-09-01,-1.0,-1.8369701987210292e-16,8.392958104643343,10.092307692307692,1.6993495876643487
1798-10-01,-0.8660254037844386,0.5000000000000001,7.833513785207194,9.576923076923077,1.7434092917158823
1798-11-01,-0.5000000000000004,0.8660254037844384,8.675511647524134,10.492307692307692,1.8167960447835587
1798-12-01,-2.4492935982947064e-16,1.0,9.923841344494296,11.853846153846153,1.9300048093518565
1799-01-01,0.4999999999999999,0.8660254037844387,10.028581916978974,12.123076923076923,2.0944950060979486
1799-02-01,0.8660254037844386,0.5000000000000001,9.800793167905955,12.123076923076923,2.3222837551709676
1799-03-01,1.0,6.123233995736766e-17,9.112929236117896,11.738461538461538,2.6255323023436414
1799-04-01,0.8660254037844387,-0.4999999999999998,9.006929437677718,12.023076923076925,3.0161474853992076
1799-05-01,0.4999999999999999,-0.8660254037844387,8.671508694562121,12.176923076923078,3.505414382360957
1799-06-01,1.2246467991473532e-16,-1.0,7.573251751083564,11.676923076923076,4.103671325839512
1799-07-01,-0.4999999999999997,-0.8660254037844388,6.472273398595183,11.292307692307691,4.820034293712508
1799-08-01,-0.8660254037844385,-0.5000000000000004,6.6147488125346525,12.276923076923076,5.662174264388423
1799-09-01,-1.0,-1.8369701987210292e-16,5.810005452888545,12.446153846153846,6.636148393265302
1799-10-01,-0.8660254037844386,0.5000000000000001,1.9152547119307606,9.661538461538461,7.7462837496077
1799-11-01,-0.5000000000000004,0.8660254037844384,0.22796615371307638,9.223076923076924,8.995110769363848
1799-12-01,-2.4492935982947064e-16,1.0,0.8243498574968111,11.207692307692307,10.383342450195496
1800-01-01,0.4999999999999999,0.8660254037844387,0.6285669728060004,12.538461538461538,11.909894565655538
1800-02-01,0.8660254037844386,0.5000000000000001,1.1972890312509463,14.76923076923077,13.571941737979824
1800-03-01,1.0,6.123233995736766e-17,0.8811498235342974,16.24615384615385,15.365004022619551
1800-04-01,0.8660254037844387,-0.4999999999999998,0.5400182539048295,17.823076923076925,17.283058669172096
1800-05-01,0.4999999999999999,-0.8660254037844387,-0.7417488098648946,18.576923076923077,19.31867188678797
1800-06-01,1.2246467991473532e-16,-1.0,1.906085050942032,23.369230769230764,21.463145718288732
1800-07-01,-0.4999999999999997,-0.8660254037844388,2.0240937475315484,25.73076923076923,23.70667548323768
1800-08-01,-0.8660254037844385,-0.5000000000000004,2.523024802726301,28.561538461538458,26.038513658812157
1800-09-01,-1.0,-1.8369701987210292e-16,2.768248109106665,31.21538461538461,28.447136506277946
1800-10-01,-0.8660254037844386,0.5000000000000001,2.487282105408447,33.4076923076923,30.920410202283854
1800-11-01,-0.5000000000000004,0.8660254037844384,4.061938623712955,37.5076923076923,33.44575368397935
1800-12-01,-2.4492935982947064e-16,1.0,4.858934914979088,40.86923076923077,36.01029585425168
1801-01-01,0.4999999999999999,0.8660254037844387,3.714359405320238,42.31538461538461,38.60102521006437
1801-02-01,0.8660254037844386,0.5000000000000001,3.379685037476598,44.584615384615375,41.20493034713878
1801-03-01,1.0,6.123233995736766e-17,2.5677929227834397,46.37692307692308,43.80913015413964
1801-04-01,0.8660254037844387,-0.4999999999999998,2.675930240175312,49.07692307692308,46.40099283674777
1801-05-01,0.4999999999999999,-0.8660254037844387,3.631756794567309,52.60000000000001,48.9682432054327
1801-06-01,1.2246467991473532e-16,-1.0,5.931711310495871,57.43076923076923,51.49905792027336
1801-07-01,-0.4999999999999997,-0.8660254037844388,4.440928310580304,58.42307692307692,53.982148612496616
1801-08-01,-0.8660254037844385,-0.5000000000000004,4.57778238783753,60.98461538461538,56.40683299677785
1801-09-01,-1.0,-1.8369701987210292e-16,3.7369057475203675,62.5,58.76309425247963
1801-10-01,-0.8660254037844386,0.5000000000000001,2.9968324505702313,64.03846153846153,61.0416290878913
1801-11-01,-0.5000000000000004,0.8660254037844384,2.466114988623943,65.69999999999999,63.233885011376046
1801-12-01,-2.4492935982947064e-16,1.0,2.167912580569279,67.5,65.33208741943072
1802-01-01,0.4999999999999999,0.8660254037844387,2.3245889774871387,69.65384615384616,67.32925717635902
1802-02-01,0.8660254037844386,0.5000000000000001,2.3577036710562567,71.57692307692308,69.21921940586682
1802-03-01,1.0,6.123233995736766e-17,2.2572419101791468,73.25384615384615,70.99660424366701
1802-04-01,0.8660254037844387,-0.4999999999999998,1.2431596857099407,73.89999999999999,72.65684031429005
1802-05-01,0.4999999999999999,-0.8660254037844387,-0.04998785062507238,74.14615384615385,74.19614169677892
1802-06-01,1.2246467991473532e-16,-1.0,-0.15764298086429562,75.45384615384616,75.61148913471045
1802-07-01,-0.4999999999999997,-0.8660254037844388,-1.2159908431788438,75.68461538461538,76.90060622779423
1802-08-01,-0.8660254037844385,-0.5000000000000004,-1.992700547538675,76.06923076923077,78.06193131676945
1802-09-01,-1.0,-1.8369701987210292e-16,-5.2638165111423945,73.83076923076922,79.09458574191162
1802-10-01,-0.8660254037844386,0.5000000000000001,-8.190646811801244,71.8076923076923,79.99833911949355
1802-11-01,-0.5000000000000004,0.8660254037844384,-8.673572241186761,72.1,80.77357224118676
1802-12-01,-2.4492935982947064e-16,1.0,-10.344315082750384,71.07692307692308,81.42123815967346
1803-01-01,0.4999999999999999,0.8660254037844387,-10.573591211341466,71.36923076923077,81.94282198057223
1803-02-01,0.8660254037844386,0.5000000000000001,-12.755684452319727,69.58461538461539,82.34029983693512
1803-03-01,1.0,6.123233995736766e-17,-13.631482094110055,68.9846153846154,82.61609747872545
1803-04-01,0.8660254037844387,-0.4999999999999998,-13.465356558696584,69.3076923076923,82.77304886638889
1803-05-01,0.4999999999999999,-0.8660254037844387,-11.906662807665882,70.90769230769232,82.8143551153582
1803-06-01,1.2246467991473532e-16,-1.0,-10.105082559000465,72.63846153846154,82.743544097462
1803-07-01,-0.4999999999999997,-0.8660254037844388,-10.525969427585935,72.03846153846153,82.56443096604747
1803-08-01,-0.8660254037844385,-0.5000000000000004,-10.458002911328094,71.82307692307693,82.28107983440502
1803-09-01,-1.0,-1.8369701987210292e-16,-10.43622834044524,71.46153846153847,81.8977668019837
1803-10-01,-0.8660254037844386,0.5000000000000001,-7.257406028480162,74.16153846153847,81.41894449001863
1803-11-01,-0.5000000000000004,0.8660254037844384,-5.6107466791786464,75.23846153846154,80.84920821764018
1803-12-01,-2.4492935982947064e-16,1.0,-6.170186998252248,74.02307692307693,80.19326392132918
1804-01-01,0.4999999999999999,0.8660254037844387,-6.2251286639531145,73.23076923076923,79.45589789472234
1804-02-01,0.8660254037844386,0.5000000000000001,-6.08040994069664,72.56153846153846,78.6419484022351
1804-03-01,1.0,6.123233995736766e-17,-2.77166381408081,74.98461538461538,77.75627919869619
1804-04-01,0.8660254037844387,-0.4999999999999998,0.3577834934229003,77.16153846153846,76.80375496811556
1804-05-01,0.4999999999999999,-0.8660254037844387,2.2338582453338205,78.02307692307691,75.7892186777431
1804-06-01,1.2246467991473532e-16,-1.0,4.459452248297723,79.17692307692307,74.71747082862535
1804-07-01,-0.4999999999999997,-0.8660254037844388,7.2529032753318035,80.84615384615384,73.59325057082204
1804-08-01,-0.8660254037844385,-0.5000000000000004,8.271089052116238,80.6923076923077,72.42121864019146
1804-09-01,-1.0,-1.8369701987210292e-16,9.886365628231928,81.0923076923077,71.20594206407577
1804-10-01,-0.8660254037844386,0.5000000000000001,9.794273270957945,79.74615384615385,69.9518805751959
1804-11-01,-0.5000000000000004,0.8660254037844384,9.598163795057374,78.26153846153846,68.66337466648109
1804-12-01,-2.4492935982947064e-16,1.0,11.824595554938739,79.16923076923078,67.34463521429204
1805-01-01,0.4999999999999999,0.8660254037844387,13.5310346373344,79.53076923076924,65.99973459343484
1805-02-01,0.8660254037844386,0.5000000000000001,16.552016180224925,81.1846153846154,64.63259920439047
1805-03-01,1.0,6.123233995736766e-17,18.10684282264924,81.35384615384615,63.24700333119691
1805-04-01,0.8660254037844387,-0.4999999999999998,16.48420498345839,78.33076923076923,61.846564247310845
1805-05-01,0.4999999999999999,-0.8660254037844387,15.165261513552231,75.6,60.43473848644776
1805-06-01,1.2246467991473532e-16,-1.0,13.669796188855955,72.68461538461538,59.01481919575943
1805-07-01,-0.4999999999999997,-0.8660254037844388,12.4023732026399,69.99230769230769,57.58993448966779
1805-08-01,-0.8660254037844385,-0.5000000000000004,9.798491737383536,65.96153846153847,56.16304672415493
1805-09-01,-1.0,-1.8369701987210292e-16,9.763047386766594,64.5,54.736952613233406
1805-10-01,-0.8660254037844386,0.5000000000000001,8.147254349920402,61.46153846153846,53.31428411161806
1805-11-01,-0.5000000000000004,0.8660254037844384,8.140951548230497,60.03846153846154,51.89750999023104
1805-12-01,-2.4492935982947064e-16,1.0,7.834138889048006,58.323076923076925,50.48893803402892
1806-01-01,0.4999999999999999,0.8660254037844387,7.8862052822234645,56.97692307692308,49.090717794699614
1806-02-01,0.8660254037844386,0.5000000000000001,7.818233089092928,55.52307692307692,47.70484383398399
1806-03-01,1.0,6.123233995736766e-17,6.78991752638715,53.123076923076916,46.333159396689766
1806-04-01,0.8660254037844387,-0.4999999999999998,5.9149472364604065,50.89230769230768,44.977360455847275
1806-05-01,0.4999999999999999,-0.8660254037844387,6.691769154898282,50.33076923076923,43.639000075870946
1806-06-01,1.2246467991473532e-16,-1.0,5.83435311083862,48.15384615384615,42.31949304300753
1806-07-01,-0.4999999999999997,-0.8660254037844388,3.7644946688690197,44.784615384615385,41.020120715746366
1806-08-01,-0.8660254037844385,-0.5000000000000004,1.6041177949396186,41.34615384615385,39.74203605121423
1806-09-01,-1.0,-1.8369701987210292e-16,0.29834661775637983,38.784615384615385,38.486268766859006
1806-10-01,-0.8660254037844386,0.5000000000000001,0.3924232462289865,37.64615384615385,37.253730599924864
1806-11-01,-0.5000000000000004,0.8660254037844384,-0.6682975534008264,35.37692307692308,36.045220630323904
1806-12-01,-2.4492935982947064e-16,1.0,-1.3306614047333056,33.53076923076923,34.861430635502536
1807-01-01,0.4999999999999999,0.8660254037844387,-1.8260273718560533,31.876923076923074,33.70295044877913
1807-02-01,0.8660254037844386,0.5000000000000001,-3.0010425261489893,29.569230769230767,32.57027329537976
1807-03-01,1.0,6.123233995736766e-17,-4.5330318522557285,26.93076923076923,31.463801083024958
1807-04-01,0.8660254037844387,-0.4999999999999998,-5.506926549484746,24.876923076923074,30.38384962640782
1807-05-01,0.4999999999999999,-0.8660254037844387,-7.584499941107062,21.746153846153845,29.330653787260907
1807-06-01,1.2246467991473532e-16,-1.0,-9.765910975466056,18.53846153846154,28.304372513927596
1807-07-01,-0.4999999999999997,-0.8660254037844388,-11.843555304899075,15.461538461538462,27.305093766437537
1807-08-01,-0.8660254037844385,-0.5000000000000004,-11.83283931503485,14.5,26.33283931503485
1807-09-01,-1.0,-1.8369701987210292e-16,-12.44910786346381,12.938461538461537,25.387569401925347
1807-10-01,-0.8660254037844386,0.5000000000000001,-11.184571873080758,13.284615384615384,24.46918725769614
1807-11-01,-0.5000000000000004,0.8660254037844384,-11.616005003885315,11.961538461538462,23.577543465423776
1807-12-01,-2.4492935982947064e-16,1.0,-10.304747859233693,12.407692307692308,22.712440166926
1808-01-01,0.4999999999999999,0.8660254037844387,-10.142865876166077,11.73076923076923,21.873635106935307
1808-02-01,0.8660254037844386,0.5000000000000001,-9.937768589104738,11.123076923076923,21.06084551218166
1808-03-01,1.0,6.123233995736766e-17,-9.189136418857478,11.084615384615384,20.273751803472862
1808-04-01,0.8660254037844387,-0.4999999999999998,-8.558154986013541,10.953846153846154,19.512001139859695
1808-05-01,0.4999999999999999,-0.8660254037844387,-7.4982877179502125,11.27692307692308,18.775210794873292
1808-06-01,1.2246467991473532e-16,-1.0,-5.539894442553621,12.523076923076925,18.062971365630546
1808-07-01,-0.4999999999999997,-0.8660254037844388,-3.9286959701695796,13.446153846153846,17.374849816323426
1808-08-01,-0.8660254037844385,-0.5000000000000004,-2.0873154351709537,14.623076923076923,16.710392358247876
1808-09-01,-1.0,-1.8369701987210292e-16,-1.907588707549527,14.161538461538461,16.069127169087988
1808-10-01,-0.8660254037844386,0.5000000000000001,-0.965951570047757,14.484615384615385,15.450566954663142
1808-11-01,-0.5000000000000004,0.8660254037844384,-1.692672895228407,13.161538461538461,14.854211356766868
1808-12-01,-2.4492935982947064e-16,1.0,-1.8641645957039028,12.415384615384616,14.279549211088518
1809-01-01,0.4999999999999999,0.8660254037844387,-3.0029837364346967,10.723076923076924,13.72606065951162
1809-02-01,0.8660254037844386,0.5000000000000001,-3.3086037367183057,9.884615384615385,13.19321912133369
1809-03-01,1.0,6.123233995736766e-17,-3.765108512769677,8.915384615384616,12.680493128154293
1809-04-01,0.8660254037844387,-0.4999999999999998,-4.771963411950695,7.415384615384616,12.187348027335311
1809-05-01,0.4999999999999999,-0.8660254037844387,-4.897862943669988,6.815384615384616,11.713247559054604
1809-06-01,1.2246467991473532e-16,-1.0,-5.788424542823278,5.46923076923077,11.257655312054048
1809-07-01,-0.4999999999999997,-0.8660254037844388,-6.927728370922001,3.892307692307693,10.820036063229693
1809-08-01,-0.8660254037844385,-0.5000000000000004,-7.4306262369976075,2.96923076923077,10.399857006228377
1809-09-01,-1.0,-1.8369701987210292e-16,-8.20428118189736,1.7923076923076924,9.996588874205052
1809-10-01,-0.8660254037844386,0.5000000000000001,-7.932783884937655,1.676923076923077,9.609706961860732
1809-11-01,-0.5000000000000004,0.8660254037844384,-7.884845897979604,1.353846153846154,9.238692051825758
1809-12-01,-2.4492935982947064e-16,1.0,-7.783031250379102,1.1,8.883031250379101
1810-01-01,0.4999999999999999,0.8660254037844387,-8.426834122019374,0.11538461538461539,8.542218737403989
1810-02-01,0.8660254037844386,0.5000000000000001,-8.13883335845302,0.07692307692307693,8.215756435376097
1810-03-01,1.0,6.123233995736766e-17,-7.84930844821792,0.05384615384615384,7.903154602064074
1810-04-01,0.8660254037844387,-0.4999999999999998,-7.6039323514958355,0.0,7.6039323514958355
1810-05-01,0.4999999999999999,-0.8660254037844387,-7.317618107609243,0.0,7.317618107609243
1810-06-01,1.2246467991473532e-16,-1.0,-7.043749994864154,0.0,7.043749994864154
1810-07-01,-0.4999999999999997,-0.8660254037844388,-6.781876169945726,0.0,6.781876169945726
1810-08-01,-0.8660254037844385,-0.5000000000000004,-0.9625166141296253,0.0,0.9625166141296253
1810-09-01,-1.0,-1.8369701987210292e-16,-0.9625166615235088,0.0,0.9625166615235088
1810-10-01,-0.8660254037844386,0.5000000000000001,-0.9625177089091064,0.0,0.9625177089091064
1810-11-01,-0.5000000000000004,0.8660254037844384,-0.9625264309713707,0.0,0.9625264309713707
1810-12-01,-2.4492935982947064e-16,1.0,-0.9625691337508349,0.0,0.9625691337508349
1811-01-01,0.4999999999999999,0.8660254037844387,-0.1165654592543327,0.8461538461538461,0.9627193054081788
1811-02-01,0.8660254037844386,0.5000000000000001,-0.11698718095013116,0.8461538461538461,0.9631410271039773
1811-03-01,1.0,6.123233995736766e-17,0.18969848014684598,1.1538461538461537,0.9641476736993078
1811-04-01,0.8660254037844387,-0.4999999999999998,0.9721886935020299,1.9384615384615385,0.9662728449595086
1811-05-01,0.4999999999999999,-0.8660254037844387,1.0681128924025964,2.0384615384615383,0.9703486460589419
1811-06-01,1.2246467991473532e-16,-1.0,1.1993376799065192,2.176923076923077,0.977585397016558
1811-07-01,-0.4999999999999997,-0.8660254037844388,2.633430364481479,3.623076923076923,0.9896465585954443
1811-08-01,-0.8660254037844385,-0.5000000000000004,2.8605177697205013,3.8692307692307697,1.0087129995102686
1811-09-01,-1.0,-1.8369701987210292e-16,2.9240069183582817,3.9615384615384617,1.03753154318018
1811-10-01,-0.8660254037844386,0.5000000000000001,2.882094599003832,3.9615384615384617,1.0794438625346299
1811-11-01,-0.5000000000000004,0.8660254037844384,2.9539146009238477,4.092307692307693,1.138393091383845
1811-12-01,-2.4492935982947064e-16,1.0,3.0426315963259807,4.2615384615384615,1.2189068652124808
1812-01-01,0.4999999999999999,0.8660254037844387,2.997020129697124,4.323076923076924,1.3260567933797995
1812-02-01,0.8660254037844386,0.5000000000000001,4.011527551630988,5.476923076923077,1.4653955252920892
1812-03-01,1.0,6.123233995736766e-17,4.503280289912224,6.1461538461538465,1.6428735562416228
1812-04-01,0.8660254037844387,-0.4999999999999998,4.473722841772069,6.338461538461539,1.8647386966894701
1812-05-01,0.4999999999999999,-0.8660254037844387,4.431809077348563,6.56923076923077,2.1374216918822064
1812-06-01,1.2246467991473532e-16,-1.0,5.29412663071676,7.761538461538462,2.4674118308217023
1812-07-01,-0.4999999999999997,-0.8660254037844388,4.761950383990252,7.6230769230769235,2.8611265390866714
1812-08-01,-0.8660254037844385,-0.5000000000000004,4.175221069685559,7.5,3.324778930314441
1812-09-01,-1.0,-1.8369701987210292e-16,3.635752877833351,7.5,3.864247122166649
1812-10-01,-0.8660254037844386,0.5000000000000001,5.053512706141452,9.538461538461538,4.484948832320086
1812-11-01,-0.5000000000000004,0.8660254037844384,5.054429459395948,10.246153846153845,5.1917243867578975
1812-12-01,-2.4492935982947064e-16,1.0,5.565115330201875,11.553846153846155,5.98873082364428
1813-01-01,0.4999999999999999,0.8660254037844387,6.851419944207626,13.73076923076923,6.879349286561604
1813-02-01,0.8660254037844386,0.5000000000000001,6.880046452771213,14.746153846153847,7.866107393382634
1813-03-01,1.0,6.123233995736766e-17,5.757074546726173,14.707692307692307,8.950617760966134
1813-04-01,0.8660254037844387,-0.4999999999999998,7.466466622625333,17.599999999999998,10.133533377374665
1813-05-01,0.4999999999999999,-0.8660254037844387,7.823941483110779,19.23846153846154,11.41452005535076
1813-06-01,1.2246467991473532e-16,-1.0,7.261600370665132,20.053846153846152,12.79224578318102
1813-07-01,-0.4999999999999997,-0.8660254037844388,7.343305888910386,21.607692307692307,14.264386418781921
1813-08-01,-0.8660254037844385,-0.5000000000000004,7.318506991925624,23.146153846153844,15.82764685422822
1813-09-01,-1.0,-1.8369701987210292e-16,5.076049640721184,22.553846153846152,17.477796513124968
1813-10-01,-0.8660254037844386,0.5000000000000001,6.15182062915094,25.361538461538466,19.209717832387526
1813-11-01,-0.5000000000000004,0.8660254037844384,2.9594568551800684,23.976923076923075,21.017466221743007
1813-12-01,-2.4492935982947064e-16,1.0,2.2825831909845924,25.176923076923075,22.894339885938482
1814-01-01,0.4999999999999999,0.8660254037844387,1.274734475079562,26.107692307692307,24.832957832612745
1814-02-01,0.8660254037844386,0.5000000000000001,-2.7714982148915617,24.053846153846152,26.825344368737714
1814-03-01,1.0,6.123233995736766e-17,-4.847633790309995,24.015384615384615,28.86301840569461
1814-04-01,0.8660254037844387,-0.4999999999999998,-6.406316711636723,24.53076923076923,30.937085942405954
1814-05-01,0.4999999999999999,-0.8660254037844387,-10.207564941649412,22.83076923076923,33.038334172418644
1814-06-01,1.2246467991473532e-16,-1.0,-11.888094990195018,23.26923076923077,35.15732575942579
1814-07-01,-0.4999999999999997,-0.8660254037844388,-13.384491941625651,23.900000000000002,37.28449194162565
1814-08-01,-0.8660254037844385,-0.5000000000000004,-14.225607869408986,25.184615384615388,39.41022325402437
1814-09-01,-1.0,-1.8369701987210292e-16,-14.517264487439824,27.00769230769231,41.524956795132134
1814-10-01,-0.8660254037844386,0.5000000000000001,-13.288489875940908,30.33076923076923,43.61925910671014
1814-11-01,-0.5000000000000004,0.8660254037844384,-17.153134648180828,28.530769230769234,45.68390387895006
1814-12-01,-2.4492935982947064e-16,1.0,-12.75609768195217,34.95384615384615,47.70994383579832
1815-01-01,0.4999999999999999,0.8660254037844387,-12.088776293590826,37.60000000000001,49.688776293590834
1815-02-01,0.8660254037844386,0.5000000000000001,-10.327586634066336,41.284615384615385,51.61220201868172
1815-03-01,1.0,6.123233995736766e-17,-8.441707903900642,45.03076923076923,53.47247713466987
1815-04-01,0.8660254037844387,-0.4999999999999998,-6.977742561251176,48.28461538461538,55.262357945866555
1815-05-01,0.4999999999999999,-0.8660254037844387,-6.398215572938746,50.57692307692308,56.975138649861826
1815-06-01,1.2246467991473532e-16,-1.0,-1.5585281616577689,57.04615384615385,58.60468200781162
1815-07-01,-0.4999999999999997,-0.8660254037844388,-2.3069815875639534,57.83846153846154,60.14544312602549
1815-08-01,-0.8660254037844385,-0.5000000000000004,2.607513423519322,64.2,61.59248657648068
1815-09-01,-1.0,-1.8369701987210292e-16,6.573887468263067,69.51538461538462,62.94149714712155
1815-10-01,-0.8660254037844386,0.5000000000000001,9.503523126810478,73.6923076923077,64.18878456549722
1815-11-01,-0.5000000000000004,0.8660254037844384,9.984102033514347,75.3153846153846,65.33128258187025
1815-12-01,-2.4492935982947064e-16,1.0,13.287303322918618,79.65384615384616,66.36654283092754
1816-01-01,0.4999999999999999,0.8660254037844387,10.168814546271634,77.46153846153847,67.29272391526683
1816-02-01,0.8660254037844386,0.5000000000000001,7.776039215001845,75.88461538461539,68.10857616961354
1816-03-01,1.0,6.123233995736766e-17,7.1481158885708,75.96153846153847,68.81342257296767
1816-04-01,0.8660254037844387,-0.4999999999999998,9.746709876490769,79.15384615384616,69.40713627735539
1816-05-01,0.4999999999999999,-0.8660254037844387,9.856038628829964,79.74615384615385,69.89011521732388
1816-06-01,1.2246467991473532e-16,-1.0,8.54443805316103,78.8076923076923,70.26325425453128
1816-07-01,-0.4999999999999997,-0.8660254037844388,4.618238548664863,75.14615384615385,70.52791529748899
1816-08-01,-0.8660254037844385,-0.5000000000000004,8.514104181580606,79.19999999999999,70.68589581841938
1816-09-01,-1.0,-1.8369701987210292e-16,11.968296139712592,82.70769230769231,70.73939616797972
1816-10-01,-0.8660254037844386,0.5000000000000001,5.955167781247056,76.64615384615385,70.6909860649068
1816-11-01,-0.5000000000000004,0.8660254037844384,1.2795063110298628,71.82307692307693,70.54357061204706
1816-12-01,-2.4492935982947064e-16,1.0,0.97656691362603,71.27692307692308,70.30035616329705
1817-01-01,0.4999999999999999,0.8660254037844387,2.127491354127443,72.0923076923077,69.96481633818026
1817-02-01,0.8660254037844386,0.5000000000000001,3.34395693204317,72.88461538461539,69.54065845257222
1817-03-01,1.0,6.123233995736766e-17,5.583594009539411,74.61538461538461,69.0317906058452
1817-04-01,0.8660254037844387,-0.4999999999999998,3.3269411324466205,71.76923076923077,68.44228963678415
1817-05-01,0.4999999999999999,-0.8660254037844387,0.4697837128370139,68.24615384615385,67.77637013331683
1817-06-01,1.2246467991473532e-16,-1.0,-0.03835465466032417,67.0,67.03835465466032
1817-07-01,-0.4999999999999997,-0.8660254037844388,1.4058162393464926,67.63846153846154,66.23264529911505
1817-08-01,-0.8660254037844385,-0.5000000000000004,0.4824571195437244,65.84615384615384,65.36369672661012
1817-09-01,-1.0,-1.8369701987210292e-16,-2.751375337733137,61.684615384615384,64.43599072234852
1817-10-01,-0.8660254037844386,0.5000000000000001,-9.677089289695054,53.77692307692307,63.45401236661812
1817-11-01,-0.5000000000000004,0.8660254037844384,-5.222227856092324,57.199999999999996,62.42222785609232
1817-12-01,-2.4492935982947064e-16,1.0,-2.1835255422442827,59.16153846153846,61.345064003782745
1818-01-01,0.4999999999999999,0.8660254037844387,-2.5961201974762105,57.63076923076923,60.22688942824544
1818-02-01,0.8660254037844386,0.5000000000000001,-3.8027666584436517,55.26923076923077,59.07199742767442
1818-03-01,1.0,6.123233995736766e-17,-5.046128982661045,52.83846153846154,57.88459052112258
1818-04-01,0.8660254037844387,-0.4999999999999998,-4.4764589349241675,52.19230769230769,56.66876662723186
1818-05-01,0.4999999999999999,-0.8660254037844387,-5.11312222509595,50.315384615384616,55.428506840480566
1818-06-01,1.2246467991473532e-16,-1.0,-4.252280140621778,49.91538461538461,54.16766475600639
1818-07-01,-0.4999999999999997,-0.8660254037844388,-2.4053419018525304,50.48461538461538,52.88995728646791
1818-08-01,-0.8660254037844385,-0.5000000000000004,-2.922033831167248,48.676923076923075,51.59895690809032
1818-09-01,-1.0,-1.8369701987210292e-16,-4.0134698833053335,46.284615384615385,50.29808526792072
1818-10-01,-0.8660254037844386,0.5000000000000001,-3.3752234649272665,45.61538461538461,48.99060808031188
1818-11-01,-0.5000000000000004,0.8660254037844384,-3.979631237673125,43.7,47.67963123767313
1818-12-01,-2.4492935982947064e-16,1.0,-4.991174981567305,41.37692307692308,46.36809805849038
1819-01-01,0.4999999999999999,0.8660254037844387,-4.3203260559713925,40.73846153846154,45.058787594432935
1819-02-01,0.8660254037844386,0.5000000000000001,-3.269698533338506,40.48461538461538,43.75431391795389
1819-03-01,1.0,6.123233995736766e-17,-4.110972465914585,38.34615384615385,42.45712631206843
1819-04-01,0.8660254037844387,-0.4999999999999998,-2.631048746419694,38.53846153846154,41.169510284881234
1819-05-01,0.4999999999999999,-0.8660254037844387,-2.2012816405471938,37.69230769230769,39.89358933285489
1819-06-01,1.2246467991473532e-16,-1.0,1.5686726213046285,40.2,38.631327378695374
1819-07-01,-0.4999999999999997,-0.8660254037844388,1.969314341840409,39.35384615384615,37.38453181200574
1819-08-01,-0.8660254037844385,-0.5000000000000004,2.4066813980716475,38.56153846153846,36.154857063466814
1819-09-01,-1.0,-1.8369701987210292e-16,1.533114430742252,36.47692307692308,34.94380864618083
1819-10-01,-0.8660254037844386,0.5000000000000001,4.724175476016754,38.47692307692308,33.752747600906325
1819-11-01,-0.5000000000000004,0.8660254037844384,7.063258560982007,39.646153846153844,32.58289528517184
1819-12-01,-2.4492935982947064e-16,1.0,7.080046165751806,38.51538461538461,31.435338449632805
1820-01-01,0.4999999999999999,0.8660254037844387,6.342811605353901,36.65384615384615,30.311034548492252
1820-02-01,0.8660254037844386,0.5000000000000001,6.719951996468282,35.93076923076923,29.210817234300947
1820-03-01,1.0,6.123233995736766e-17,5.110751855197673,33.246153846153845,28.135401990956172
1820-04-01,0.8660254037844387,-0.4999999999999998,5.399223522417536,32.48461538461538,27.085391862197845
1820-05-01,0.4999999999999999,-0.8660254037844387,3.9079475328970616,29.969230769230766,26.061283236333704
1820-06-01,1.2246467991473532e-16,-1.0,2.851912964098723,27.915384615384614,25.06347165128589
1820-07-01,-0.4999999999999997,-0.8660254037844388,2.676973181907016,26.76923076923077,24.092257587323754
1820-08-01,-0.8660254037844385,-0.5000000000000004,1.6983016281398378,24.846153846153847,23.14785221801401
1820-09-01,-1.0,-1.8369701987210292e-16,-0.06884463142806752,22.161538461538463,22.23038309296653
1820-10-01,-0.8660254037844386,0.5000000000000001,1.4139464249735703,22.753846153846155,21.339899728872584
1820-11-01,-0.5000000000000004,0.8660254037844384,0.008236296503000062,20.484615384615385,20.476379088112385
1820-12-01,-2.4492935982947064e-16,1.0,-2.685884772999131,16.953846153846154,19.639730926845285
1821-01-01,0.4999999999999999,0.8660254037844387,-2.92211068929225,15.907692307692308,18.829802996984558
1821-02-01,0.8660254037844386,0.5000000000000001,-4.146386088796444,13.900000000000002,18.046386088796446
1821-03-01,1.0,6.123233995736766e-17,-6.143065056895729,11.146153846153847,17.289218903049576
1821-04-01,0.8660254037844387,-0.4999999999999998,-3.6579927436763633,12.899999999999999,16.557992743676362
1821-05-01,0.4999999999999999,-0.8660254037844387,-3.536971408409178,12.315384615384614,15.852356023793792
1821-06-01,1.2246467991473532e-16,-1.0,-3.84114934890094,11.33076923076923,15.17191857967017
1821-07-01,-0.4999999999999997,-0.8660254037844388,-4.34702501958942,10.169230769230769,14.516255788820189
1821-08-01,-0.8660254037844385,-0.5000000000000004,-6.36952787448282,7.515384615384615,13.884912489867435
1821-09-01,-1.0,-1.8369701987210292e-16,-4.2312528569818255,9.046153846153846,13.277406703135672
1821-10-01,-0.8660254037844386,0.5000000000000001,-2.7086177675088745,9.984615384615383,12.693233152124257
1821-11-01,-0.5000000000000004,0.8660254037844384,-3.131866587092885,8.999999999999998,12.131866587092883
1821-12-01,-2.4492935982947064e-16,1.0,-2.0927649129342853,9.5,11.592764912934285
1822-01-01,0.4999999999999999,0.8660254037844387,-0.7907567397404147,10.284615384615384,11.075372124355798
1822-02-01,0.8660254037844386,0.5000000000000001,-0.3637364367432099,10.215384615384615,10.579121052127824
1822-03-01,1.0,6.123233995736766e-17,-0.5034359247970546,9.6,10.103435924797054
1822-04-01,0.8660254037844387,-0.4999999999999998,-0.5631193661939005,9.084615384615384,9.647734750809285
1822-05-01,0.4999999999999999,-0.8660254037844387,-2.5422007572180796,6.669230769230769,9.211431526448848
1822-06-01,1.2246467991473532e-16,-1.0,-2.6862459676918142,6.107692307692307,8.793938275384122
1822-07-01,-0.4999999999999997,-0.8660254037844388,-2.317743848995165,6.076923076923076,8.39466692591824
1822-08-01,-0.8660254037844385,-0.5000000000000004,-1.9361079553629041,6.076923076923076,8.01303103228598
1822-09-01,-1.0,-1.8369701987210292e-16,-1.6099858080573757,6.038461538461537,7.648447346518913
1822-10-01,-0.8660254037844386,0.5000000000000001,-3.3311064782945143,3.9692307692307693,7.300337247525284
1822-11-01,-0.5000000000000004,0.8660254037844384,-4.6681280341051155,2.3,6.968128034105115
1822-12-01,-2.4492935982947064e-16,1.0,-4.5358694732648885,2.1153846153846154,6.651254088649504
1823-01-01,0.4999999999999999,0.8660254037844387,-4.887619456721733,1.4615384615384612,6.349157918260195
1823-02-01,0.8660254037844386,0.5000000000000001,-5.615137233823123,0.4461538461538461,6.06129107997697
1823-03-01,1.0,6.123233995736766e-17,-5.602499612103506,0.18461538461538465,5.787114996718891
1823-04-01,0.8660254037844387,-0.4999999999999998,-5.341486285820999,0.18461538461538465,5.5261016704363835
1823-05-01,0.4999999999999999,-0.8660254037844387,-8.211184166195057,0.13846153846153847,8.349645704656595
1823-06-01,1.2246467991473532e-16,-1.0,-5.595803334586367,2.753846153846154,8.34964948843252
1823-07-01,-0.4999999999999997,-0.8660254037844388,-2.8266211432417467,5.523076923076923,8.34969806631867
1823-08-01,-0.8660254037844385,-0.5000000000000004,-1.4422796332388943,6.907692307692307,8.349971940931201
1823-09-01,-1.0,-1.8369701987210292e-16,-1.443271993191538,6.907692307692307,8.350964300883845
1823-10-01,-0.8660254037844386,0.5000000000000001,0.9616844104307436,9.315384615384614,8.35370020495387
1823-11-01,-0.5000000000000004,0.8660254037844384,1.3092615577549527,9.669230769230769,8.359969211475816
1823-12-01,-2.4492935982947064e-16,1.0,1.2966896507277923,9.669230769230769,8.372541118502976
1824-01-01,0.4999999999999999,0.8660254037844387,1.273890101161765,9.669230769230769,8.395340668069004
1824-02-01,0.8660254037844386,0.5000000000000001,1.351050812260162,9.784615384615385,8.433564572355223
1824-03-01,1.0,6.123233995736766e-17,3.9293453219518213,12.423076923076923,8.493731601125102
1824-04-01,0.8660254037844387,-0.4999999999999998,7.070183168890292,15.653846153846153,8.583662984955861
1824-05-01,0.4999999999999999,-0.8660254037844387,6.941450450000772,15.653846153846153,8.712395703845381
1824-06-01,1.2246467991473532e-16,-1.0,6.871503205110471,15.761538461538462,8.890035256427991
1824-07-01,-0.4999999999999997,-0.8660254037844388,4.664750397527943,13.792307692307691,9.127557294779749
1824-08-01,-0.8660254037844385,-0.5000000000000004,3.5788154200207547,13.015384615384615,9.43656919536386
1824-09-01,-1.0,-1.8369701987210292e-16,4.678648920917729,14.507692307692308,9.829043386774579
1824-10-01,-0.8660254037844386,0.5000000000000001,4.667581135496118,14.984615384615383,10.317034249119265
1824-11-01,-0.5000000000000004,0.8660254037844384,3.5722255722521368,14.484615384615385,10.912389812363248
1824-12-01,-2.4492935982947064e-16,1.0,4.473531528727188,16.099999999999998,11.62646847127281
1825-01-01,0.4999999999999999,0.8660254037844387,7.591668818891446,20.06153846153846,12.469869642647016
1825-02-01,0.8660254037844386,0.5000000000000001,9.90166031911571,23.353846153846153,13.452185834730443
1825-03-01,1.0,6.123233995736766e-17,10.610525616360809,25.192307692307693,14.581782075946885
1825-04-01,0.8660254037844387,-0.4999999999999998,8.688239016843529,24.55384615384616,15.86560713700263
1825-05-01,0.4999999999999999,-0.8660254037844387,5.521729695563163,22.83076923076923,17.309039535206068
1825-06-01,1.2246467991473532e-16,-1.0,6.738076179215888,25.653846153846153,18.915769974630265
1825-07-01,-0.4999999999999997,-0.8660254037844388,7.119971628879512,27.807692307692307,20.687720678812795
1825-08-01,-0.8660254037844385,-0.5000000000000004,6.859614353749162,29.484615384615385,22.625001030866223
1825-09-01,-1.0,-1.8369701987210292e-16,7.481794251019416,32.207692307692305,24.72589805667289
1825-10-01,-0.8660254037844386,0.5000000000000001,5.420792737288352,32.40769230769231,26.986899570403956
1825-11-01,-0.5000000000000004,0.8660254037844384,6.674175834455113,36.07692307692308,29.402747242467967
1825-12-01,-2.4492935982947064e-16,1.0,6.871945099896987,38.83846153846154,31.96651643856455
1826-01-01,0.4999999999999999,0.8660254037844387,8.930280597645861,43.599999999999994,34.66971940235413
1826-02-01,0.8660254037844386,0.5000000000000001,7.212956416256837,44.715384615384615,37.50242819912778
1826-03-01,1.0,6.123233995736766e-17,3.400432365242054,43.853846153846156,40.4534137886041
1826-04-01,0.8660254037844387,-0.4999999999999998,4.820471594581882,48.33076923076923,43.510297636187346
1826-05-01,0.4999999999999999,-0.8660254037844387,4.732595303750038,51.392307692307696,46.65971238855766
1826-06-01,1.2246467991473532e-16,-1.0,8.73560860619773,58.623076923076916,49.887468316879186
1826-07-01,-0.4999999999999997,-0.8660254037844388,7.059739082751683,60.23846153846154,53.17872245570986
1826-08-01,-0.8660254037844385,-0.5000000000000004,7.535698528310398,64.05384615384615,56.518147625535754
1826-09-01,-1.0,-1.8369701987210292e-16,9.248362727810367,69.13846153846154,59.890098810651175
1826-10-01,-0.8660254037844386,0.5000000000000001,7.044302260980331,70.32307692307693,63.278774662096595
1826-11-01,-0.5000000000000004,0.8660254037844384,7.793166262437637,74.46153846153847,66.66837219910083
1826-12-01,-2.4492935982947064e-16,1.0,7.533689992140054,77.57692307692308,70.04323308478303
1827-01-01,0.4999999999999999,0.8660254037844387,4.858173699348214,78.24615384615385,73.38798014680563
1827-02-01,0.8660254037844386,0.5000000000000001,1.704664595886527,78.3923076923077,76.68764309642117
1827-03-01,1.0,6.123233995736766e-17,-0.2585418969250668,79.66923076923078,79.92777266615585
1827-04-01,0.8660254037844387,-0.4999999999999998,1.336226596368732,84.43076923076923,83.0945426344005
1827-05-01,0.4999999999999999,-0.8660254037844387,-2.0517625093628595,84.12307692307694,86.1748394324398
1827-06-01,1.2246467991473532e-16,-1.0,-4.187108465462842,84.96923076923078,89.15633923469362
1827-07-01,-0.4999999999999997,-0.8660254037844388,-9.027572615544685,83.0,92.02757261554468
1827-08-01,-0.8660254037844385,-0.5000000000000004,-7.962592400607022,86.8153846153846,94.77797701599162
1827-09-01,-1.0,-1.8369701987210292e-16,-8.313322016237905,89.08461538461538,97.39793740085328
1827-10-01,-0.8660254037844386,0.5000000000000001,-10.36343098768873,89.51538461538462,99.87881560307335
1827-11-01,-0.5000000000000004,0.8660254037844384,-7.166815100682754,95.04615384615384,102.2129689468366
1827-12-01,-2.4492935982947064e-16,1.0,-3.9937588169250517,100.4,104.39375881692506
1828-01-01,0.4999999999999999,0.8660254037844387,-6.323242207090061,100.0923076923077,106.41554989939776
1828-02-01,0.8660254037844386,0.5000000000000001,-3.8044700905198,104.46923076923078,108.27370085975058
1828-03-01,1.0,6.123233995736766e-17,-5.9183934045969835,104.04615384615386,109.96454725075084
1828-04-01,0.8660254037844387,-0.4999999999999998,-6.785377454713085,104.70000000000002,111.4853774547131
1828-05-01,0.4999999999999999,-0.8660254037844387,-8.019017850261136,104.81538461538463,112.83440246564577
1828-06-01,1.2246467991473532e-16,-1.0,-9.372258768518734,104.63846153846154,114.01072030698028
1828-07-01,-0.4999999999999997,-0.8660254037844388,-10.775814323502175,104.23846153846155,115.01427586196372
1828-08-01,-0.8660254037844385,-0.5000000000000004,-12.045816867648199,103.80000000000001,115.84581686764821
1828-09-01,-1.0,-1.8369701987210292e-16,-11.68376986798421,104.82307692307693,116.50684679106114
1828-10-01,-0.8660254037844386,0.5000000000000001,-8.338036807272147,108.66153846153847,116.99957526881062
1828-11-01,-0.5000000000000004,0.8660254037844384,-7.865328288651995,109.46153846153847,117.32686675019046
1828-12-01,-2.4492935982947064e-16,1.0,-9.984495632131413,107.50769230769232,117.49218793982374
1829-01-01,0.4999999999999999,0.8660254037844387,-10.90724689763475,106.5923076923077,117.49955458994245
1829-02-01,0.8660254037844386,0.5000000000000001,-7.768862760747126,109.58461538461538,117.3534781453625
1829-03-01,1.0,6.123233995736766e-17,-10.497374235264815,106.56153846153846,117.05891269680328
1829-04-01,0.8660254037844387,-0.4999999999999998,-9.182741112581965,107.43846153846152,116.62120265104349
1829-05-01,0.4999999999999999,-0.8660254037844387,-6.9460314800461305,109.1,116.04603148004612
1829-06-01,1.2246467991473532e-16,-1.0,-6.30860263530387,109.03076923076924,115.33937186607311
1829-07-01,-0.4999999999999997,-0.8660254037844388,-4.7920529009448245,109.71538461538464,114.50743751632946
1829-08-01,-0.8660254037844385,-0.5000000000000004,-0.11048303297452833,113.44615384615385,113.55663687912838
1829-09-01,-1.0,-1.8369701987210292e-16,5.468009507341435,117.96153846153847,112.49352895419703
1829-10-01,-0.8660254037844386,0.5000000000000001,10.998295570351218,122.32307692307693,111.32478135272571
1829-11-01,-0.5000000000000004,0.8660254037844384,8.581330810231563,118.63846153846154,110.05713072822998
1829-12-01,-2.4492935982947064e-16,1.0,9.641115871133579,118.33846153846154,108.69734566732797
1830-01-01,0.4999999999999999,0.8660254037844387,7.2401155921379114,114.4923076923077,107.2521921001698
1830-02-01,0.8660254037844386,0.5000000000000001,3.6177525826575305,109.34615384615384,105.72840126349631
1830-03-01,1.0,6.123233995736766e-17,3.2212059287191153,107.35384615384616,104.13264022512705
1830-04-01,0.8660254037844387,-0.4999999999999998,8.928515042983207,111.4,102.4714849570168
1830-05-01,0.4999999999999999,-0.8660254037844387,13.733219459799855,114.4846153846154,100.75139592481554
1830-06-01,1.2246467991473532e-16,-1.0,17.359765393453515,116.33846153846154,98.97869614500803
1830-07-01,-0.4999999999999997,-0.8660254037844388,18.017371430822962,115.17692307692309,97.15955164610013
1830-08-01,-0.8660254037844385,-0.5000000000000004,19.615430357548007,114.91538461538462,95.29995425783662
1830-09-01,-1.0,-1.8369701987210292e-16,24.255831819591506,117.66153846153846,93.40570664194695
1830-10-01,-0.8660254037844386,0.5000000000000001,22.325282838393164,113.8076923076923,91.48240946929914
1830-11-01,-0.5000000000000004,0.8660254037844384,15.510703204700718,105.04615384615386,89.53545064145314
1830-12-01,-2.4492935982947064e-16,1.0,13.253080473765735,100.82307692307693,87.56999644931119
1831-01-01,0.4999999999999999,0.8660254037844387,12.693630826887528,98.28461538461539,85.59098455772786
1831-02-01,0.8660254037844386,0.5000000000000001,16.096881297568416,99.69999999999999,83.60311870243157
1831-03-01,1.0,6.123233995736766e-17,16.442981169554088,98.05384615384615,81.61086498429206
1831-04-01,0.8660254037844387,-0.4999999999999998,16.412319585048095,96.03076923076922,79.61844964572113
1831-05-01,0.4999999999999999,-0.8660254037844387,13.162449477618338,90.79230769230769,77.62985821468935
1831-06-01,1.2246467991473532e-16,-1.0,8.443471788934389,84.09230769230768,75.6488359033733
1831-07-01,-0.4999999999999997,-0.8660254037844388,3.8518800800705293,77.53076923076922,73.6788891506987
1831-08-01,-0.8660254037844385,-0.5000000000000004,6.853634876006893,78.57692307692308,71.72328820091619
1831-09-01,-1.0,-1.8369701987210292e-16,9.430314001640227,79.21538461538464,69.78507061374441
1831-10-01,-0.8660254037844386,0.5000000000000001,2.809877471479382,70.67692307692307,67.86704560544369
1831-11-01,-0.5000000000000004,0.8660254037844384,3.0128162602440653,68.9846153846154,65.97179912437133
1831-12-01,-2.4492935982947064e-16,1.0,3.4290696617396037,67.53076923076924,64.10169956902963
1832-01-01,0.4999999999999999,0.8660254037844387,2.7872497848626594,65.04615384615384,62.25890406129118
1832-02-01,0.8660254037844386,0.5000000000000001,-0.06074980769089677,60.38461538461539,60.445365192306284
1832-03-01,1.0,6.123233995736766e-17,-4.2705304711987395,54.392307692307696,58.662838163506436
1832-04-01,0.8660254037844387,-0.4999999999999998,-4.674426711611964,52.23846153846154,56.91288825007351
1832-05-01,0.4999999999999999,-0.8660254037844387,-7.058436980731081,48.138461538461534,55.196898519192615
1832-06-01,1.2246467991473532e-16,-1.0,-7.43146235570196,46.084615384615375,53.516077740317336
1832-07-01,-0.4999999999999997,-0.8660254037844388,-8.063776121818066,43.80769230769231,51.87146842951037
1832-08-01,-0.8660254037844385,-0.5000000000000004,-8.50241651311444,41.76153846153846,50.2639549746529
1832-09-01,-1.0,-1.8369701987210292e-16,-12.548117946764322,36.146153846153844,48.694271792918165
1832-10-01,-0.8660254037844386,0.5000000000000001,-17.73224224558877,29.430769230769233,47.163011476358
1832-11-01,-0.5000000000000004,0.8660254037844384,-18.0321713472757,27.638461538461534,45.670632885737234
1832-12-01,-2.4492935982947064e-16,1.0,-21.748238387628888,22.46923076923077,44.21746915685966
1833-01-01,0.4999999999999999,0.8660254037844387,-22.865274049083055,19.93846153846154,42.803735587544594
1833-02-01,0.8660254037844386,0.5000000000000001,-22.55261430021246,18.876923076923077,41.42953737713554
1833-03-01,1.0,6.123233995736766e-17,-20.87180027086193,19.22307692307692,40.09487719393885
1833-04-01,0.8660254037844387,-0.4999999999999998,-19.66889331853258,19.13076923076923,38.79966254930181
1833-05-01,0.4999999999999999,-0.8660254037844387,-20.366789883223642,17.176923076923078,37.54371296014672
1833-06-01,1.2246467991473532e-16,-1.0,-19.703689961600006,16.623076923076923,36.32676688467693
1833-07-01,-0.4999999999999997,-0.8660254037844388,-21.417719187898523,13.73076923076923,35.14848841866775
1833-08-01,-0.8660254037844385,-0.5000000000000004,-19.400781434561875,14.607692307692307,34.00847374225418
1833-09-01,-1.0,-1.8369701987210292e-16,-19.713949617119972,13.192307692307692,32.906257309427666
1833-10-01,-0.8660254037844386,0.5000000000000001,5.949624197983805,11.86923076923077,5.919606571246964
1833-11-01,-0.5000000000000004,0.8660254037844384,6.6670520403342,12.653846153846153,5.986794113511953
1833-12-01,-2.4492935982947064e-16,1.0,5.787373098959293,12.007692307692308,6.220319208733015
1834-01-01,0.4999999999999999,0.8660254037844387,6.243774156823758,12.984615384615385,6.740841227791627
1834-02-01,0.8660254037844386,0.5000000000000001,4.9342854955869075,12.599999999999998,7.66571450441309
1834-03-01,1.0,6.123233995736766e-17,4.247719952086388,13.346153846153847,9.098433894067458
1834-04-01,0.8660254037844387,-0.4999999999999998,3.9155430697253326,15.038461538461538,11.122918468736206
1834-05-01,0.4999999999999999,-0.8660254037844387,4.1913968865796285,17.992307692307694,13.800910805728066
1834-06-01,1.2246467991473532e-16,-1.0,4.490098575112359,21.661538461538463,17.171439886426104
1834-07-01,-0.4999999999999997,-0.8660254037844388,0.08681593000604337,21.338461538461537,21.251645608455494
1834-08-01,-0.8660254037844385,-0.5000000000000004,-2.200014192337104,23.838461538461537,26.03847573079864
1834-09-01,-1.0,-1.8369701987210292e-16,-7.472445703245967,24.03846153846154,31.510907241707507
1834-10-01,-0.8660254037844386,0.5000000000000001,-6.217058223969715,31.415384615384617,37.63244283935433
1834-11-01,-0.5000000000000004,0.8660254037844384,-7.538319886234433,36.815384615384616,44.35370450161905
1834-12-01,-2.4492935982947064e-16,1.0,-11.691921718989349,39.92307692307692,51.61499864206627
1835-01-01,0.4999999999999999,0.8660254037844387,-12.771843408812806,46.57692307692308,59.34876648573589
1835-02-01,0.8660254037844386,0.5000000000000001,-14.435708764301275,53.04615384615385,67.48186261045512
1835-03-01,1.0,6.123233995736766e-17,-10.476088091923273,65.46153846153847,75.93762655346174
1835-04-01,0.8660254037844387,-0.4999999999999998,-8.453113365428933,76.18461538461538,84.63772875004432
1835-05-01,0.4999999999999999,-0.8660254037844387,-7.673014926128772,85.83076923076922,93.50378415689799
1835-06-01,1.2246467991473532e-16,-1.0,-10.5971972399621,91.86153846153844,102.45873570150054
1835-07-01,-0.4999999999999997,-0.8660254037844388,-12.635708249797673,98.79230769230769,111.42801594210536
1835-08-01,-0.8660254037844385,-0.5000000000000004,-8.702038064197211,111.63846153846154,120.34049960265875
1835-09-01,-1.0,-1.8369701987210292e-16,-8.029262416766244,121.1,129.12926241676624
1835-10-01,-0.8660254037844386,0.5000000000000001,-0.8398556383365587,136.8923076923077,137.73216333064425
1835-11-01,-0.5000000000000004,0.8660254037844384,-2.7922678568913,143.29999999999998,146.09226785689128
1835-12-01,-2.4492935982947064e-16,1.0,-0.4504381520650611,153.7076923076923,154.15813045975736
1836-01-01,0.4999999999999999,0.8660254037844387,2.546815768329026,164.43076923076922,161.8839534624402
1836-02-01,0.8660254037844386,0.5000000000000001,1.3549761498346697,170.58461538461538,169.2296392347807
1836-03-01,1.0,6.123233995736766e-17,-0.9607514529507739,175.2,176.16075145295076
1836-04-01,0.8660254037844387,-0.4999999999999998,-2.7637847204580623,179.8846153846154,182.64840010507345
1836-05-01,0.4999999999999999,-0.8660254037844387,-5.484448328383735,183.1846153846154,188.66906371299913
1836-06-01,1.2246467991473532e-16,-1.0,2.6033313073752424,196.80769230769232,194.20436100031708
1836-07-01,-0.4999999999999997,-0.8660254037844388,11.728447771627685,210.96923076923076,199.24078299760308
1836-08-01,-0.8660254037844385,-0.5000000000000004,18.35368155738982,222.12307692307695,203.76939536568713
1836-09-01,-1.0,-1.8369701987210292e-16,17.791403520502598,225.57692307692307,207.78551955642047
1836-10-01,-0.8660254037844386,0.5000000000000001,19.411599668038235,230.7,211.28840033196175
1836-11-01,-0.5000000000000004,0.8660254037844384,12.426826170609814,226.7076923076923,214.28086613708248
1836-12-01,-2.4492935982947064e-16,1.0,15.91562751489613,232.6846153846154,216.76898786971927
1837-01-01,0.4999999999999999,0.8660254037844387,18.79210542848753,237.55384615384614,218.7617407253586
1837-02-01,0.8660254037844386,0.5000000000000001,19.506250075949282,239.77692307692308,220.2706730009738
1837-03-01,1.0,6.123233995736766e-17,16.99041496740452,238.3,221.3095850325955
1837-04-01,0.8660254037844387,-0.4999999999999998,20.075009964813404,241.96923076923076,221.89422080441736
1837-05-01,0.4999999999999999,-0.8660254037844387,16.042641181649373,238.08461538461538,222.041974202966
1837-06-01,1.2246467991473532e-16,-1.0,17.436080914642446,239.2076923076923,221.77161139304985
1837-07-01,-0.4999999999999997,-0.8660254037844388,10.23545118010577,231.3384615384615,221.10301035835573
1837-08-01,-0.8660254037844385,-0.5000000000000004,-1.9569182738735833,218.10000000000002,220.0569182738736
1837-09-01,-1.0,-1.8369701987210292e-16,-5.0239578242089635,213.6307692307692,218.65472705497817
1837-10-01,-0.8660254037844386,0.5000000000000001,-4.302882538797348,212.6153846153846,216.91826715418196
1837-11-01,-0.5000000000000004,0.8660254037844384,-2.3234656004950978,212.54615384615383,214.86961944664893
1837-12-01,-2.4492935982947064e-16,1.0,-2.177098701221041,210.35384615384615,212.5309448550672
1838-01-01,0.4999999999999999,0.8660254037844387,-5.955100439950883,203.96923076923076,209.92433120918164
1838-02-01,0.8660254037844386,0.5000000000000001,-13.863964403525387,193.20769230769233,207.0716567112177
1838-03-01,1.0,6.123233995736766e-17,-18.54062312803464,185.45384615384617,203.9944692818808
1838-04-01,0.8660254037844387,-0.4999999999999998,-15.944650219933806,184.76923076923077,200.71388098916458
1838-05-01,0.4999999999999999,-0.8660254037844387,-18.404322864556974,178.84615384615384,197.2504767107108
1838-06-01,1.2246467991473532e-16,-1.0,-18.27808230089545,175.34615384615384,193.6242361470493
1838-07-01,-0.4999999999999997,-0.8660254037844388,-17.600622131270683,172.25384615384615,189.85446828511684
1838-08-01,-0.8660254037844385,-0.5000000000000004,-19.14437279125778,166.8153846153846,185.95975740664238
1838-09-01,-1.0,-1.8369701987210292e-16,-16.050227434505217,165.90769230769232,181.95791974219753
1838-10-01,-0.8660254037844386,0.5000000000000001,-22.08135450242432,155.7846153846154,177.8659698870397
1838-11-01,-0.5000000000000004,0.8660254037844384,-27.261634579203502,146.43846153846155,173.70009611766505
1838-12-01,-2.4492935982947064e-16,1.0,-33.667951469055794,135.80769230769232,169.47564377674811
1839-01-01,0.4999999999999999,0.8660254037844387,-30.653259773726518,134.55384615384617,165.20710592757268
1839-02-01,0.8660254037844386,0.5000000000000001,-23.400428208335057,137.5076923076923,160.90812051602737
1839-03-01,1.0,6.123233995736766e-17,-12.176088702373448,144.41538461538462,156.59147331775807
1839-04-01,0.8660254037844387,-0.4999999999999998,-5.638336758513873,146.63076923076923,152.2691059892831
1839-05-01,0.4999999999999999,-0.8660254037844387,-4.15212858407142,143.8,147.95212858407143
1839-06-01,1.2246467991473532e-16,-1.0,-1.6200667063606602,142.03076923076924,143.6508359371299
1839-07-01,-0.4999999999999997,-0.8660254037844388,2.848349559046625,142.22307692307692,139.3747273640303
1839-08-01,-0.8660254037844385,-0.5000000000000004,4.79824006866869,139.93076923076922,135.13252916210052
1839-09-01,-1.0,-1.8369701987210292e-16,4.544703634572301,135.47692307692307,130.93221944235077
1839-10-01,-0.8660254037844386,0.5000000000000001,7.180483601215798,133.96153846153845,126.78105486032266
1839-11-01,-0.5000000000000004,0.8660254037844384,12.237478070863219,134.92307692307693,122.68559885221372
1839-12-01,-2.4492935982947064e-16,1.0,15.602095134680141,134.25384615384615,118.65175101916601
1840-01-01,0.4999999999999999,0.8660254037844387,20.322914970297973,135.0076923076923,114.68477733739434
1840-02-01,0.8660254037844386,0.5000000000000001,20.764505249069302,131.55384615384617,110.78934090477686
1840-03-01,1.0,6.123233995736766e-17,17.238159342107352,124.20769230769231,106.96953296558496
1840-04-01,0.8660254037844387,-0.4999999999999998,11.024942169677615,114.25384615384615,103.22890398416854
1840-05-01,0.4999999999999999,-0.8660254037844387,9.983351588212187,109.55384615384615,99.57049456563396
1840-06-01,1.2246467991473532e-16,-1.0,11.618518568510737,107.61538461538461,95.99686604687388
1840-07-01,-0.4999999999999997,-0.8660254037844388,10.020638625998643,102.53076923076924,92.5101306047706
1840-08-01,-0.8660254037844385,-0.5000000000000004,6.841865403803993,95.95384615384616,89.11198075004216
1840-09-01,-1.0,-1.8369701987210292e-16,2.727051135672781,88.53076923076924,85.80371809509646
1840-10-01,-0.8660254037844386,0.5000000000000001,2.406026389836512,84.9923076923077,82.58628130247119
1840-11-01,-0.5000000000000004,0.8660254037844384,5.732034555269124,85.1923076923077,79.46027313703857
1840-12-01,-2.4492935982947064e-16,1.0,7.027859593621656,83.45384615384616,76.4259865602245
1841-01-01,0.4999999999999999,0.8660254037844387,7.701185566497998,81.1846153846154,73.4834298181174
1841-02-01,0.8660254037844386,0.5000000000000001,7.81380335856025,78.44615384615385,70.6323504875936
1841-03-01,1.0,6.123233995736766e-17,7.8431261598175865,75.71538461538462,67.87225845556704
1841-04-01,0.8660254037844387,-0.4999999999999998,4.674475260679245,69.87692307692308,65.20244781624383
1841-05-01,0.4999999999999999,-0.8660254037844387,2.7318284739205936,65.35384615384615,62.622017679925555
1841-06-01,1.2246467991473532e-16,-1.0,3.2547234900856026,63.38461538461539,60.129891894529784
1841-07-01,-0.4999999999999997,-0.8660254037844388,1.3905469277203082,59.11538461538461,57.724837687664305
1841-08-01,-0.8660254037844385,-0.5000000000000004,3.456055218662044,58.861538461538466,55.40548324287642
1841-09-01,-1.0,-1.8369701987210292e-16,4.637358079018547,57.80769230769231,53.17033422867376
1841-10-01,-0.8660254037844386,0.5000000000000001,6.428364543006964,57.44615384615385,51.017789303146884
1841-11-01,-0.5000000000000004,0.8660254037844384,6.538460764034625,55.48461538461538,48.94615462058076
1841-12-01,-2.4492935982947064e-16,1.0,2.515573399843362,49.46923076923077,46.95365736938741
1842-01-01,0.4999999999999999,0.8660254037844387,-1.0923045269238116,43.94615384615385,45.03845837307766
1842-02-01,0.8660254037844386,0.5000000000000001,0.2090285198116817,43.4076923076923,43.19866378788062
1842-03-01,1.0,6.123233995736766e-17,-0.7015667012840368,40.73076923076923,41.43233593205327
1842-04-01,0.8660254037844387,-0.4999999999999998,1.1932659478065801,40.93076923076923,39.73750328296265
1842-05-01,0.4999999999999999,-0.8660254037844387,4.364753398223698,42.47692307692308,38.11216967869938
1842-06-01,1.2246467991473532e-16,-1.0,5.645677238655338,42.2,36.554322761344665
1842-07-01,-0.4999999999999997,-0.8660254037844388,3.8611352239774988,38.92307692307692,35.06194169909942
1842-08-01,-0.8660254037844385,-0.5000000000000004,3.1285342372155043,36.76153846153846,33.63300422432295
1842-09-01,-1.0,-1.8369701987210292e-16,2.73450697583786,35.0,32.26549302416214
1842-10-01,-0.8660254037844386,0.5000000000000001,2.473367710869425,33.43076923076923,30.957401519899804
1842-11-01,-0.5000000000000004,0.8660254037844384,2.9701840064776057,32.676923076923075,29.70673907044547
1842-12-01,-2.4492935982947064e-16,1.0,2.3346182115976895,30.846153846153847,28.511535634556157
1843-01-01,0.4999999999999999,0.8660254037844387,2.0686156130316995,29.43846153846154,27.36984592542984
1843-02-01,0.8660254037844386,0.5000000000000001,3.0510161404879312,29.33076923076923,26.2797530902813
1843-03-01,1.0,6.123233995736766e-17,1.2067818997475186,26.446153846153848,25.23937194640633
1843-04-01,0.8660254037844387,-0.4999999999999998,0.530071272840889,24.77692307692308,24.24685180408219
1843-05-01,0.4999999999999999,-0.8660254037844387,-0.9696096746841398,22.33076923076923,23.30037890545337
1843-06-01,1.2246467991473532e-16,-1.0,-3.628947738094702,18.76923076923077,22.398178507325472
1843-07-01,-0.4999999999999997,-0.8660254037844388,3.008788996109228,17.72307692307692,14.714287926967692
1843-08-01,-0.8660254037844385,-0.5000000000000004,3.184877701625531,17.9,14.715122298374467
1843-09-01,-1.0,-1.8369701987210292e-16,4.456730257902873,19.176923076923078,14.720192819020205
1843-10-01,-0.8660254037844386,0.5000000000000001,6.032222204272529,20.76923076923077,14.737008564958241
1843-11-01,-0.5000000000000004,0.8660254037844384,6.253134206509303,21.030769230769234,14.777635024259931
1843-12-01,-2.4492935982947064e-16,1.0,3.949161828892459,18.807692307692307,14.858530478799848
1844-01-01,0.4999999999999999,0.8660254037844387,5.161571421994038,20.161538461538463,14.999967039544424
1844-02-01,0.8660254037844386,0.5000000000000001,6.767104226286074,21.99230769230769,15.225203466021616
1844-03-01,1.0,6.123233995736766e-17,5.817390099844557,21.37692307692308,15.559532977078524
1844-04-01,0.8660254037844387,-0.4999999999999998,7.578396499198099,23.607692307692307,16.029295808494208
1844-05-01,0.4999999999999999,-0.8660254037844387,7.639079611889766,24.300000000000004,16.660920388110238
1844-06-01,1.2246467991473532e-16,-1.0,7.1507323269939,24.630769230769236,17.480036903775336
1844-07-01,-0.4999999999999997,-0.8660254037844388,7.781616200224455,26.292307692307688,18.510691492083232
1844-08-01,-0.8660254037844385,-0.5000000000000004,10.909938038729575,30.684615384615384,19.77467734588581
1844-09-01,-1.0,-1.8369701987210292e-16,13.055163845794102,34.34615384615385,21.290990000359745
1844-10-01,-0.8660254037844386,0.5000000000000001,16.84766959033943,39.92307692307692,23.07540733273749
1844-11-01,-0.5000000000000004,0.8660254037844384,18.252117759395396,43.392307692307696,25.1401899329123
1844-12-01,-2.4492935982947064e-16,1.0,18.406105908443465,45.89999999999999,27.493894091556527
1845-01-01,0.4999999999999999,0.8660254037844387,19.204866446499537,49.34615384615385,30.14128739965431
1845-02-01,0.8660254037844386,0.5000000000000001,17.70125977886608,50.78461538461538,33.0833556057493
1845-03-01,1.0,6.123233995736766e-17,15.205688194461281,51.52307692307692,36.31738872861564
1845-04-01,0.8660254037844387,-0.4999999999999998,16.00901954043406,55.84615384615385,39.837134305719786
1845-05-01,0.4999999999999999,-0.8660254037844387,14.505455602717866,58.138461538461534,43.63300593574367
1845-06-01,1.2246467991473532e-16,-1.0,16.72304877853118,64.41538461538461,47.69233583685343
1845-07-01,-0.4999999999999997,-0.8660254037844388,14.615723712006925,66.61538461538461,51.99966090337769
1845-08-01,-0.8660254037844385,-0.5000000000000004,13.316813521678256,69.85384615384615,56.53703263216789
1845-09-01,-1.0,-1.8369701987210292e-16,11.161811595039367,72.44615384615385,61.28434225111448
1845-10-01,-0.8660254037844386,0.5000000000000001,9.56496201131229,75.78461538461539,66.2196533733031
1845-11-01,-0.5000000000000004,0.8660254037844384,4.8420029731248775,76.16153846153847,71.31953548841359
1845-12-01,-2.4492935982947064e-16,1.0,1.8098382055231923,78.36923076923077,76.55939256370758
1846-01-01,0.4999999999999999,0.8660254037844387,-1.567628096389626,80.34615384615384,81.91378194254347
1846-02-01,0.8660254037844386,0.5000000000000001,-3.9105657402529914,83.44615384615385,87.35671958640684
1846-03-01,1.0,6.123233995736766e-17,0.17649303954381423,93.03846153846153,92.86196849891772
1846-04-01,0.8660254037844387,-0.4999999999999998,-1.9725386617733989,96.43076923076923,98.40330789254263
1846-05-01,0.4999999999999999,-0.8660254037844387,-5.000935155055174,98.95384615384616,103.95478130890133
1846-06-01,1.2246467991473532e-16,-1.0,-7.198614789454908,102.29230769230769,109.4909224817626
1846-07-01,-0.4999999999999997,-0.8660254037844388,-12.3177274705956,102.66923076923078,114.98695823982638
1846-08-01,-0.8660254037844385,-0.5000000000000004,-16.957449725545118,103.46153846153847,120.41898818708358
1846-09-01,-1.0,-1.8369701987210292e-16,-17.8333720449003,107.93076923076923,125.76414127566953
1846-10-01,-0.8660254037844386,0.5000000000000001,-25.523786627036415,105.47692307692309,131.0007097039595
1846-11-01,-0.5000000000000004,0.8660254037844384,-29.846722374280432,106.26153846153846,136.1082608358189
1846-12-01,-2.4492935982947064e-16,1.0,-31.55234343481324,109.5153846153846,141.06772805019784
1847-01-01,0.4999999999999999,0.8660254037844387,-37.984558521537394,107.87692307692308,145.86148159846047
1847-02-01,0.8660254037844386,0.5000000000000001,-30.534919136234592,119.93846153846154,150.47338067469613
1847-03-01,1.0,6.123233995736766e-17,-21.342654150198143,133.54615384615383,154.88880799635197
1847-04-01,0.8660254037844387,-0.4999999999999998,-16.163919022451864,142.93076923076922,159.09468825322108
1847-05-01,0.4999999999999999,-0.8660254037844387,-9.525645662384136,153.55384615384617,163.0794918162303
1847-06-01,1.2246467991473532e-16,-1.0,-6.971686645893783,159.86153846153846,166.83322510743224
1847-07-01,-0.4999999999999997,-0.8660254037844388,1.521821746566303,171.8692307692308,170.3474090226645
1847-08-01,-0.8660254037844385,-0.5000000000000004,4.561876305191959,178.17692307692306,173.6150467717311
1847-09-01,-1.0,-1.8369701987210292e-16,9.723263693203222,186.35384615384615,176.63058246064293
1847-10-01,-0.8660254037844386,0.5000000000000001,9.702456003239092,189.09230769230768,179.3898516890686
1847-11-01,-0.5000000000000004,0.8660254037844384,14.579205393152023,196.46923076923076,181.89002537607874
1847-12-01,-2.4492935982947064e-16,1.0,19.201221270159948,203.33076923076925,184.1295479606093
1848-01-01,0.4999999999999999,0.8660254037844387,24.130390486776804,210.23846153846154,186.10807105168473
1848-02-01,0.8660254037844386,0.5000000000000001,32.704385701829494,220.5307692307692,187.82638352893972
1848-03-01,1.0,6.123233995736766e-17,26.090584059166133,215.37692307692308,189.28633901775694
1848-04-01,0.8660254037844387,-0.4999999999999998,21.224603028785793,211.7153846153846,190.4907815865988
1848-05-01,0.4999999999999999,-0.8660254037844387,11.84114494675643,203.28461538461536,191.44347043785893
1848-06-01,1.2246467991473532e-16,-1.0,13.774072634429587,205.92307692307693,192.14900428864735
1848-07-01,-0.4999999999999997,-0.8660254037844388,22.21033085803569,214.82307692307694,192.61274606504125
1848-08-01,-0.8660254037844385,-0.5000000000000004,20.836174613871094,213.67692307692306,192.84074846305197
1848-09-01,-1.0,-1.8369701987210292e-16,20.552626829998502,213.39230769230772,192.83968086230922
1848-10-01,-0.8660254037844386,0.5000000000000001,21.81401121617401,214.43076923076922,192.6167580145952
1848-11-01,-0.5000000000000004,0.8660254037844384,20.297252207816115,212.47692307692307,192.17967086910696
1848-12-01,-2.4492935982947064e-16,1.0,19.686557083215348,211.22307692307692,191.53651983986157
1849-01-01,0.4999999999999999,0.8660254037844387,15.39655692424003,206.09230769230768,190.69575076806765
1849-02-01,0.8660254037844386,0.5000000000000001,8.47236775484626,198.1384615384615,189.66609378361525
1849-03-01,1.0,6.123233995736766e-17,6.381956313401162,194.8384615384615,188.45650522506034
1849-04-01,0.8660254037844387,-0.4999999999999998,5.3315795711418446,192.40769230769232,187.07611273655047
1849-05-01,0.4999999999999999,-0.8660254037844387,4.381220992429689,189.91538461538462,185.53416362295494
1849-06-01,1.2246467991473532e-16,-1.0,5.560023489084472,189.40000000000003,183.83997651091556
1849-07-01,-0.4999999999999997,-0.8660254037844388,-1.6490501796236288,180.35384615384615,182.00289633346978
1849-08-01,-0.8660254037844385,-0.5000000000000004,-9.563021859937834,170.46923076923076,180.0322526291686
1849-09-01,-1.0,-1.8369701987210292e-16,-14.660398046110998,163.27692307692308,177.93732112303408
1849-10-01,-0.8660254037844386,0.5000000000000001,-20.05805776687282,155.66923076923078,175.7272885361036
1849-11-01,-0.5000000000000004,0.8660254037844384,-23.718912860190017,149.69230769230768,173.4112205524977
1849-12-01,-2.4492935982947064e-16,1.0,-22.85957131927816,148.13846153846154,170.9980328577397
1850-01-01,0.4999999999999999,0.8660254037844387,-26.504157456950992,141.9923076923077,168.49646514925868
1850-02-01,0.8660254037844386,0.5000000000000001,-26.322750317126577,139.59230769230768,165.91505800943426
1850-03-01,1.0,6.123233995736766e-17,-20.96982483070454,142.2923076923077,163.26213252301224
1850-04-01,0.8660254037844387,-0.4999999999999998,-21.568849437130467,138.97692307692307,160.54577251405354
1850-05-01,0.4999999999999999,-0.8660254037844387,-21.22765542644686,136.54615384615386,157.77380927260072
1850-06-01,1.2246467991473532e-16,-1.0,-23.96919325318686,130.98461538461538,154.95380863780224
1850-07-01,-0.4999999999999997,-0.8660254037844388,-24.246906455996623,127.84615384615384,152.09306030215046
1850-08-01,-0.8660254037844385,-0.5000000000000004,-17.360107662175267,131.83846153846156,149.19856920063683
1850-09-01,-1.0,-1.8369701987210292e-16,-18.053971925768167,128.22307692307692,146.27704884884508
1850-10-01,-0.8660254037844386,0.5000000000000001,-18.919531879794775,124.41538461538461,143.33491649517939
1850-11-01,-0.5000000000000004,0.8660254037844384,-13.262905339033694,127.11538461538461,140.3782899544183
1850-12-01,-2.4492935982947064e-16,1.0,-10.066832146344893,127.34615384615384,137.41298599249873
1851-01-01,0.4999999999999999,0.8660254037844387,-12.052212443439501,122.39230769230768,134.44452013574718
1851-02-01,0.8660254037844386,0.5000000000000001,-6.416569320066188,125.06153846153846,131.47810778160465
1851-03-01,1.0,6.123233995736766e-17,-2.541743415210462,125.97692307692309,128.51866649213355
1851-04-01,0.8660254037844387,-0.4999999999999998,-3.055434740800166,122.51538461538462,125.57081935618478
1851-05-01,0.4999999999999999,-0.8660254037844387,-3.05428392633452,119.58461538461539,122.63889931094991
1851-06-01,1.2246467991473532e-16,-1.0,2.273045681325243,122.0,119.72695431867476
1851-07-01,-0.4999999999999997,-0.8660254037844388,6.238169777424744,123.07692307692308,116.83875329949834
1851-08-01,-0.8660254037844385,-0.5000000000000004,7.768361119498067,121.74615384615385,113.97779272665578
1851-09-01,-1.0,-1.8369701987210292e-16,4.145003896712581,115.29230769230769,111.1473037955951
1851-10-01,-0.8660254037844386,0.5000000000000001,7.057432223825586,115.4076923076923,108.35026008386671
1851-11-01,-0.5000000000000004,0.8660254037844384,9.587537453010626,115.17692307692307,105.58938562391245
1851-12-01,-2.4492935982947064e-16,1.0,10.009759760847047,112.87692307692306,102.86716331607602
1852-01-01,0.4999999999999999,0.8660254037844387,9.614156385746227,109.79999999999998,100.18584361425376
1852-02-01,0.8660254037844386,0.5000000000000001,12.767931193806689,110.31538461538463,97.54745342157794
1852-03-01,1.0,6.123233995736766e-17,12.45388716933816,107.4076923076923,94.95380513835414
1852-04-01,0.8660254037844387,-0.4999999999999998,14.924263421619813,107.33076923076922,92.40650580914941
1852-05-01,0.4999999999999999,-0.8660254037844387,16.223802910343238,106.13076923076922,89.90696632042598
1852-06-01,1.2246467991473532e-16,-1.0,17.85128170325504,105.3076923076923,87.45641060443727
1852-07-01,-0.4999999999999997,-0.8660254037844388,15.821038267692742,100.87692307692306,85.05588480923032
1852-08-01,-0.8660254037844385,-0.5000000000000004,14.447579755309576,97.15384615384616,82.70626639853658
1852-09-01,-1.0,-1.8369701987210292e-16,12.545573004778376,92.95384615384616,80.40827314906778
1852-10-01,-0.8660254037844386,0.5000000000000001,12.80675875295725,90.96923076923076,78.16247201627351
1852-11-01,-0.5000000000000004,0.8660254037844384,10.507635233970916,86.47692307692309,75.96928784295217
1852-12-01,-2.4492935982947064e-16,1.0,10.470988111750572,84.30000000000001,73.82901188824944
1853-01-01,0.4999999999999999,0.8660254037844387,12.419728304019415,84.16153846153846,71.74181015751904
1853-02-01,0.8660254037844386,0.5000000000000001,15.669191560648997,85.37692307692308,69.70773151627408
1853-03-01,1.0,6.123233995736766e-17,16.757899810596342,84.48461538461538,67.72671557401904
1853-04-01,0.8660254037844387,-0.4999999999999998,19.40139967386483,85.19999999999999,65.79860032613516
1853-05-01,0.4999999999999999,-0.8660254037844387,15.646101225037924,79.56923076923077,63.92312954419285
1853-06-01,1.2246467991473532e-16,-1.0,12.961578554437125,75.06153846153846,62.099959907101336
1853-07-01,-0.4999999999999997,-0.8660254037844388,10.363639824936499,70.69230769230771,60.32866786737121
1853-08-01,-0.8660254037844385,-0.5000000000000004,9.014320674596974,67.62307692307692,58.60875624847995
1853-09-01,-1.0,-1.8369701987210292e-16,7.444954813725232,64.38461538461539,56.939660570890155
1853-10-01,-0.8660254037844386,0.5000000000000001,7.425398740463358,62.74615384615385,55.320755105690495
1853-11-01,-0.5000000000000004,0.8660254037844384,5.548641343889088,59.3,53.75135865611091
1853-12-01,-2.4492935982947064e-16,1.0,5.0846445470646415,57.315384615384616,52.230740068319975
1854-01-01,0.4999999999999999,0.8660254037844387,3.4418765260554096,54.2,50.75812347394459
1854-02-01,0.8660254037844386,0.5000000000000001,0.47499904001887217,49.80769230769231,49.332693267673434
1854-03-01,1.0,6.123233995736766e-17,-2.238214208732991,45.715384615384615,47.953598824117606
1854-04-01,0.8660254037844387,-0.4999999999999998,-3.9507281895856323,42.669230769230765,46.6199589588164
1854-05-01,0.4999999999999999,-0.8660254037844387,-4.738558446586623,40.5923076923077,45.33086613889432
1854-06-01,1.2246467991473532e-16,-1.0,-4.539236603256576,39.54615384615385,44.085390449410426
1854-07-01,-0.4999999999999997,-0.8660254037844388,-4.95950639881621,37.92307692307692,42.88258332189313
1854-08-01,-0.8660254037844385,-0.5000000000000004,-4.390711801162858,37.330769230769235,41.72148103193209
1854-09-01,-1.0,-1.8369701987210292e-16,-3.6549541268553156,36.94615384615385,40.601107973009164
1854-10-01,-0.8660254037844386,0.5000000000000001,-4.958941252458182,34.56153846153846,39.52047971399664
1854-11-01,-0.5000000000000004,0.8660254037844384,-6.4555289248639625,32.02307692307692,38.478605847940884
1854-12-01,-2.4492935982947064e-16,1.0,-8.18987725527056,29.284615384615385,37.474492639885945
1855-01-01,0.4999999999999999,0.8660254037844387,-10.253299327733423,26.253846153846155,36.50714548157958
1855-02-01,0.8660254037844386,0.5000000000000001,-11.59864808402715,23.976923076923075,35.575571160950226
1855-03-01,1.0,6.123233995736766e-17,-13.01724149271056,21.661538461538463,34.67877995424902
1855-04-01,0.8660254037844387,-0.4999999999999998,-14.02347985641466,19.792307692307695,33.815787548722355
1855-05-01,0.4999999999999999,-0.8660254037844387,-14.439462957465192,18.546153846153846,32.98561680361904
1855-06-01,1.2246467991473532e-16,-1.0,-17.31037628032587,14.876923076923077,32.187299357248946
1855-07-01,-0.4999999999999997,-0.8660254037844388,-19.627569395388697,11.792307692307693,31.419877087696392
1855-08-01,-0.8660254037844385,-0.5000000000000004,-19.974711126964902,10.707692307692309,30.68240343465721
1855-09-01,-1.0,-1.8369701987210292e-16,-20.873944589715148,9.100000000000001,29.97394458971515
1855-10-01,-0.8660254037844386,0.5000000000000001,-21.778195946819885,7.515384615384617,29.293580562204504
1855-11-01,-0.5000000000000004,0.8660254037844384,-21.771175358391424,6.86923076923077,28.640406127622192
1855-12-01,-2.4492935982947064e-16,1.0,-21.721223973051536,6.292307692307692,28.013531665359228
1856-01-01,0.4999999999999999,0.8660254037844387,1.1754895096517943,6.200000000000001,5.024510490348207
1856-02-01,0.8660254037844386,0.5000000000000001,1.9434757987633002,7.015384615384615,5.071908816621315
1856-03-01,1.0,6.123233995736766e-17,1.9854254537801017,7.207692307692308,5.222266853912206
1856-04-01,0.8660254037844387,-0.4999999999999998,2.322367985840046,7.861538461538462,5.539170475698416
1856-05-01,0.4999999999999999,-0.8660254037844387,1.5026624190357163,7.584615384615385,6.081952965579669
1856-06-01,1.2246467991473532e-16,-1.0,1.1285525790597006,8.03076923076923,6.90221665170953
1856-07-01,-0.4999999999999997,-0.8660254037844388,1.5424181842924813,9.584615384615384,8.042197200322903
1856-08-01,-0.8660254037844385,-0.5000000000000004,1.065816975055231,10.600000000000001,9.53418302494477
1856-09-01,-1.0,-1.8369701987210292e-16,-0.7467341085282939,10.653846153846153,11.400580262374447
1856-10-01,-0.8660254037844386,0.5000000000000001,-1.4313029729118956,12.223076923076924,13.65437989598882
1856-11-01,-0.5000000000000004,0.8660254037844384,-0.8614096210493631,15.438461538461537,16.2998711595109
1856-12-01,-2.4492935982947064e-16,1.0,-1.5488815933756612,17.784615384615385,19.333496977991047
1857-01-01,0.4999999999999999,0.8660254037844387,-2.4678569319656027,20.27692307692308,22.744780008888682
1857-02-01,0.8660254037844386,0.5000000000000001,-4.455731340482849,22.06153846153846,26.51726980202131
1857-03-01,1.0,6.123233995736766e-17,-3.23716914248617,27.392307692307693,30.629476834793863
1857-04-01,0.8660254037844387,-0.4999999999999998,-2.378846948863014,32.676923076923075,35.05577002578609
1857-05-01,0.4999999999999999,-0.8660254037844387,-3.1595298768003914,36.60769230769231,39.7672221844927
1857-06-01,1.2246467991473532e-16,-1.0,-3.817008988814571,40.915384615384625,44.732393604199196
1857-07-01,-0.4999999999999997,-0.8660254037844388,-4.348817465661888,45.56923076923077,49.91804823489266
1857-08-01,-0.8660254037844385,-0.5000000000000004,-6.620569216192742,48.66923076923077,55.289799985423514
1857-09-01,-1.0,-1.8369701987210292e-16,-4.8357659052770785,55.97692307692308,60.81268898220016
1857-10-01,-0.8660254037844386,0.5000000000000001,-5.643996952563029,60.80769230769231,66.45168926025534
1857-11-01,-0.5000000000000004,0.8660254037844384,-6.941381301735532,65.23076923076923,72.17215053250476
1857-12-01,-2.4492935982947064e-16,1.0,-10.378639025954683,67.56153846153846,77.94017748749314
1858-01-01,0.4999999999999999,0.8660254037844387,-10.222950590757335,73.5,83.72295059075734
1858-02-01,0.8660254037844386,0.5000000000000001,-11.16591575294403,78.32307692307691,89.48899267602094
1858-03-01,1.0,6.123233995736766e-17,-7.639154991537794,87.56923076923077,95.20838576076856
1858-04-01,0.8660254037844387,-0.4999999999999998,-6.16063485375075,94.6923076923077,100.85294254605844
1858-05-01,0.4999999999999999,-0.8660254037844387,-10.050183147658927,96.34615384615384,106.39633699381277
1858-06-01,1.2246467991473532e-16,-1.0,-10.283429009901923,101.53076923076924,111.81419824067116
1858-07-01,-0.4999999999999997,-0.8660254037844388,-8.76109500190995,108.32307692307693,117.08417192498688
1858-08-01,-0.8660254037844385,-0.5000000000000004,-6.770568172365259,115.41538461538462,122.18595278774988
1858-09-01,-1.0,-1.8369701987210292e-16,-3.593599863250816,123.5076923076923,127.10129217094311
1858-10-01,-0.8660254037844386,0.5000000000000001,-4.175522248845795,127.63846153846154,131.81398378730734
1858-11-01,-0.5000000000000004,0.8660254037844384,-0.9790616500759199,135.33076923076922,136.30983088084514
1858-12-01,-2.4492935982947064e-16,1.0,1.4157100491558197,141.9923076923077,140.57659764315187
1859-01-01,0.4999999999999999,0.8660254037844387,4.788360191327683,149.3923076923077,144.60394750098
1859-02-01,0.8660254037844386,0.5000000000000001,8.339706274630231,156.72307692307692,148.3833706484467
1859-03-01,1.0,6.123233995736766e-17,12.199589342459888,164.1076923076923,151.90810296523242
1859-04-01,0.8660254037844387,-0.4999999999999998,13.980807912264822,169.15384615384616,155.17303824158134
1859-05-01,0.4999999999999999,-0.8660254037844387,11.856133807839882,170.03076923076924,158.17463542292936
1859-06-01,1.2246467991473532e-16,-1.0,13.373792992445573,174.2846153846154,160.91082239216982
1859-07-01,-0.4999999999999997,-0.8660254037844388,13.180640835357025,176.56153846153848,163.38089762618145
1859-08-01,-0.8660254037844385,-0.5000000000000004,11.660722950854392,177.24615384615387,165.58543089529948
1859-09-01,-1.0,-1.8369701987210292e-16,11.381528287990733,178.90769230769232,167.52616401970158
1859-10-01,-0.8660254037844386,0.5000000000000001,6.947933598987788,176.15384615384616,169.20591255485837
1859-11-01,-0.5000000000000004,0.8660254037844384,8.648453928134444,179.27692307692308,170.62846914878864
1859-12-01,-2.4492935982947064e-16,1.0,10.055336957534024,181.85384615384615,171.79850919631212
1860-01-01,0.4999999999999999,0.8660254037844387,13.493885306184978,186.21538461538464,172.72149930919966
1860-02-01,0.8660254037844386,0.5000000000000001,13.56562174379593,186.9692307692308,173.40360902543486
1860-03-01,1.0,6.123233995736766e-17,10.979143135705101,184.83076923076925,173.85162609506415
1860-04-01,0.8660254037844387,-0.4999999999999998,8.46558593481086,182.53846153846155,174.0728756036507
1860-05-01,0.4999999999999999,-0.8660254037844387,6.017164565804592,180.09230769230768,174.0751431265031
1860-06-01,1.2246467991473532e-16,-1.0,6.002628722262813,179.8692307692308,173.86660204696798
1860-07-01,-0.4999999999999997,-0.8660254037844388,3.6904087266231613,177.14615384615385,173.4557451195307
1860-08-01,-0.8660254037844385,-0.5000000000000004,3.5948335335073693,176.44615384615386,172.8513203126465
1860-09-01,-1.0,-1.8369701987210292e-16,6.23772907344312,178.3,172.0622709265569
1860-10-01,-0.8660254037844386,0.5000000000000001,7.13308928350105,178.23076923076923,171.09767994726818
1860-11-01,-0.5000000000000004,0.8660254037844384,6.117896815739726,176.08461538461538,169.96671856887565
1860-12-01,-2.4492935982947064e-16,1.0,4.636785823373856,173.3153846153846,168.67859879201075
1861-01-01,0.4999999999999999,0.8660254037844387,1.6036238602391393,168.84615384615384,167.2425299859147
1861-02-01,0.8660254037844386,0.5000000000000001,-1.8369100543100103,163.83076923076925,165.66767928507926
1861-03-01,1.0,6.123233995736766e-17,-3.1015972166050005,160.86153846153846,163.96313567814346
1861-04-01,0.8660254037844387,-0.4999999999999998,-4.930185328739498,157.2076923076923,162.1378776364318
1861-05-01,0.4999999999999999,-0.8660254037844387,-8.308436429522487,151.8923076923077,160.20074412183018
1861-06-01,1.2246467991473532e-16,-1.0,-8.82194726984477,149.33846153846153,158.1604088083063
1861-07-01,-0.4999999999999997,-0.8660254037844388,-11.4407419633975,144.5846153846154,156.0253573480129
1861-08-01,-0.8660254037844385,-0.5000000000000004,-8.919252126690225,144.8846153846154,153.8038675113056
1861-09-01,-1.0,-1.8369701987210292e-16,-11.603992029924711,139.9,151.50399202992472
1861-10-01,-0.8660254037844386,0.5000000000000001,-16.148928589205326,132.98461538461538,149.1335439738207
1861-11-01,-0.5000000000000004,0.8660254037844384,-18.692392186760458,128.0076923076923,146.70008449445277
1861-12-01,-2.4492935982947064e-16,1.0,-12.210912770685212,132.0,144.2109127706852
1862-01-01,0.4999999999999999,0.8660254037844387,-11.826904151331092,129.84615384615384,141.67305799748493
1862-02-01,0.8660254037844386,0.5000000000000001,-11.516350185434618,127.5769230769231,139.0932732623577
1862-03-01,1.0,6.123233995736766e-17,-11.231877313554975,125.24615384615385,136.47803115970882
1862-04-01,0.8660254037844387,-0.4999999999999998,-14.13352099897864,119.69999999999999,133.83352099897863
1862-05-01,0.4999999999999999,-0.8660254037844387,-13.904109006839022,117.26153846153845,131.16564746837747
1862-06-01,1.2246467991473532e-16,-1.0,-13.095415237628288,115.38461538461539,128.48003062224367
1862-07-01,-0.4999999999999997,-0.8660254037844388,-15.08969937408817,110.6923076923077,125.78200706639586
1862-08-01,-0.8660254037844385,-0.5000000000000004,-13.322786068435775,109.75384615384615,123.07663222228193
1862-09-01,-1.0,-1.8369701987210292e-16,-10.33791432640669,110.03076923076924,120.36868355717593
1862-10-01,-0.8660254037844386,0.5000000000000001,-8.062664674104724,109.6,117.66266467410472
1862-11-01,-0.5000000000000004,0.8660254037844384,-5.3628101615387465,109.60000000000001,114.96281016153875
1862-12-01,-2.4492935982947064e-16,1.0,-6.119244955289886,106.15384615384616,112.27309110913605
1863-01-01,0.4999999999999999,0.8660254037844387,-10.958759663477949,98.63846153846154,109.59722120193949
1863-02-01,0.8660254037844386,0.5000000000000001,-12.007894080614264,94.93076923076923,106.9386633113835
1863-03-01,1.0,6.123233995736766e-17,-15.292944199543996,89.0076923076923,104.30063650723629
1863-04-01,0.8660254037844387,-0.4999999999999998,-16.57843111248286,85.10769230769232,101.68612342017518
1863-05-01,0.4999999999999999,-0.8660254037844387,-14.620954813132613,84.47692307692309,99.0978778900557
1863-06-01,1.2246467991473532e-16,-1.0,-13.438432840074682,83.1,96.53843284007468
1863-07-01,-0.4999999999999997,-0.8660254037844388,-8.440877552708542,85.56923076923077,94.01010832193931
1863-08-01,-0.8660254037844385,-0.5000000000000004,-6.122711989531055,85.39230769230768,91.51501968183874
1863-09-01,-1.0,-1.8369701987210292e-16,-2.262778109151938,86.79230769230769,89.05508580145963
1863-10-01,-0.8660254037844386,0.5000000000000001,-4.293575834042272,82.33846153846153,86.6320373725038
1863-11-01,-0.5000000000000004,0.8660254037844384,-1.9089636286869762,82.33846153846154,84.24742516714852
1863-12-01,-2.4492935982947064e-16,1.0,1.0358332678174094,82.93846153846154,81.90262827064413
1864-01-01,0.4999999999999999,0.8660254037844387,5.354983908074345,84.95384615384614,79.5988622457718
1864-02-01,0.8660254037844386,0.5000000000000001,10.85512049011112,88.1923076923077,77.33718720219657
1864-03-01,1.0,6.123233995736766e-17,10.219945791617064,85.33846153846154,75.11851574684448
1864-04-01,0.8660254037844387,-0.4999999999999998,14.14099459029211,87.08461538461538,72.94362079432327
1864-05-01,0.4999999999999999,-0.8660254037844387,18.85608755013473,89.66923076923075,70.81314321909602
1864-06-01,1.2246467991473532e-16,-1.0,19.610862204848956,88.33846153846154,68.72759933361259
1864-07-01,-0.4999999999999997,-0.8660254037844388,22.758765667235522,89.44615384615386,66.68738817891834
1864-08-01,-0.8660254037844385,-0.5000000000000004,22.05335522975895,86.74615384615385,64.6927986163949
1864-09-01,-1.0,-1.8369701987210292e-16,22.886753019513897,85.63076923076923,62.744016211255335
1864-10-01,-0.8660254037844386,0.5000000000000001,19.405023945928356,80.24615384615385,60.84112990022549
1864-11-01,-0.5000000000000004,0.8660254037844384,21.06970771634912,80.05384615384615,58.98413843749703
1864-12-01,-2.4492935982947064e-16,1.0,21.857812616217522,79.03076923076924,57.172956614551715
1865-01-01,0.4999999999999999,0.8660254037844387,19.07719413378404,74.48461538461538,55.40742125083134
1865-02-01,0.8660254037844386,0.5000000000000001,18.335779969600694,72.02307692307691,53.68729695347622
1865-03-01,1.0,6.123233995736766e-17,15.156949123747566,67.16923076923077,52.0122816454832
1865-04-01,0.8660254037844387,-0.4999999999999998,15.117988137351901,65.5,50.3820118626481
1865-05-01,0.4999999999999999,-0.8660254037844387,15.342393717893813,64.13846153846154,48.79606782056773
1865-06-01,1.2246467991473532e-16,-1.0,10.34602174621449,57.599999999999994,47.253978253785505
1865-07-01,-0.4999999999999997,-0.8660254037844388,12.283236508577673,58.03846153846154,45.75522502988387
1865-08-01,-0.8660254037844385,-0.5000000000000004,12.231521688810325,56.53076923076923,44.299247541958906
1865-09-01,-1.0,-1.8369701987210292e-16,11.491476193457366,54.37692307692308,42.88544688346571
1865-10-01,-0.8660254037844386,0.5000000000000001,9.671425574713396,51.184615384615384,41.51318980990199
1865-11-01,-0.5000000000000004,0.8660254037844384,8.59511058471302,48.776923076923076,40.18181249221006
1865-12-01,-2.4492935982947064e-16,1.0,7.2555297790290325,46.146153846153844,38.89062406712481
1866-01-01,0.4999999999999999,0.8660254037844387,4.953397702319883,42.5923076923077,37.638909989987816
1866-02-01,0.8660254037844386,0.5000000000000001,4.120218650369296,40.54615384615385,36.425935195784554
1866-03-01,1.0,6.123233995736766e-17,0.8413606179540949,36.0923076923077,35.250947074353604
1866-04-01,0.8660254037844387,-0.4999999999999998,0.8868217341386995,35.0,34.1131782658613
1866-05-01,0.4999999999999999,-0.8660254037844387,0.8112276403352823,33.823076923076925,33.01184928274164
1866-06-01,1.2246467991473532e-16,-1.0,-1.4923248105252753,30.45384615384615,31.946170964371426
1866-07-01,-0.4999999999999997,-0.8660254037844388,-2.330731386170921,28.584615384615386,30.915346770786307
1866-08-01,-0.8660254037844385,-0.5000000000000004,-5.841651844829141,24.076923076923077,29.918574921752217
1866-09-01,-1.0,-1.8369701987210292e-16,-9.147358079793683,19.807692307692307,28.95505038748599
1866-10-01,-0.8660254037844386,0.5000000000000001,-11.054735968046835,16.96923076923077,28.023966737277604
1866-11-01,-0.5000000000000004,0.8660254037844384,-12.30913323681719,14.815384615384614,27.124517852201805
1866-12-01,-2.4492935982947064e-16,1.0,-13.117437969564289,13.138461538461538,26.255899508025827
1867-01-01,0.4999999999999999,0.8660254037844387,-13.963464680474074,11.453846153846152,25.417310834320226
1867-02-01,0.8660254037844386,0.5000000000000001,-13.807955655669314,10.8,24.607955655669315
1867-03-01,1.0,6.123233995736766e-17,4.504078384253648,10.376923076923076,5.872844692669427
1867-04-01,0.8660254037844387,-0.4999999999999998,5.375440916437088,11.26923076923077,5.893789852793682
1867-05-01,0.4999999999999999,-0.8660254037844387,4.616190386181485,10.599999999999998,5.983809613818513
1867-06-01,1.2246467991473532e-16,-1.0,6.7454775775238405,12.961538461538462,6.216060884014621
1867-07-01,-0.4999999999999997,-0.8660254037844388,8.054129300101447,14.73076923076923,6.676639930667783
1867-08-01,-0.8660254037844385,-0.5000000000000004,9.298695420172042,16.75384615384615,7.4551507336741105
1867-09-01,-1.0,-1.8369701987210292e-16,11.393532256779434,20.03076923076923,8.637236973989797
1867-10-01,-0.8660254037844386,0.5000000000000001,13.093232770205294,23.392307692307693,10.299074922102399
1867-11-01,-0.5000000000000004,0.8660254037844384,13.565607071707056,26.06923076923077,12.503623697523714
1867-12-01,-2.4492935982947064e-16,1.0,14.332403833874867,29.630769230769236,15.298365396894368
1868-01-01,0.4999999999999999,0.8660254037844387,14.416509222780551,33.13076923076923,18.71426000798868
1868-02-01,0.8660254037844386,0.5000000000000001,14.042034894528328,36.80769230769231,22.76565741316398
1868-03-01,1.0,6.123233995736766e-17,14.710601658263162,42.16153846153846,27.4509368032753
1868-04-01,0.8660254037844387,-0.4999999999999998,15.877093863660185,48.63076923076923,32.75367536710905
1868-05-01,0.4999999999999999,-0.8660254037844387,15.617358917267588,54.26153846153847,38.644179544270884
1868-06-01,1.2246467991473532e-16,-1.0,16.46491227107699,61.54615384615385,45.08124157507686
1868-07-01,-0.4999999999999997,-0.8660254037844388,13.66291240587033,65.67692307692309,52.01401067105276
1868-08-01,-0.8660254037844385,-0.5000000000000004,11.985339234116466,71.36923076923077,59.3838915351143
1868-09-01,-1.0,-1.8369701987210292e-16,8.98898145231,76.11538461538461,67.12640316307461
1868-10-01,-0.8660254037844386,0.5000000000000001,2.8193596802122016,77.99230769230769,75.17294801209549
1868-11-01,-0.5000000000000004,0.8660254037844384,3.1783132589507517,86.63076923076923,83.45245597181848
1868-12-01,-2.4492935982947064e-16,1.0,5.214812901840034,97.10769230769232,91.89287940585228
1869-01-01,0.4999999999999999,0.8660254037844387,0.30055178137214966,100.72307692307693,100.42252514170478
1869-02-01,0.8660254037844386,0.5000000000000001,-1.7558323505706284,107.21538461538464,108.97121696595526
1869-03-01,1.0,6.123233995736766e-17,-4.3174420473472,113.15384615384616,117.47128820119336
1869-04-01,0.8660254037844387,-0.4999999999999998,-11.143023936875622,114.71538461538464,125.85840855226026
1869-05-01,0.4999999999999999,-0.8660254037844387,-17.249175913906384,116.82307692307691,134.0722528369833
1869-06-01,1.2246467991473532e-16,-1.0,-19.43394473791126,122.62307692307694,142.0570216609882
1869-07-01,-0.4999999999999997,-0.8660254037844388,-25.892594963582525,123.86923076923077,149.7618257328133
1869-08-01,-0.8660254037844385,-0.5000000000000004,-26.34094649685443,130.79999999999998,157.1409464968544
1869-09-01,-1.0,-1.8369701987210292e-16,-20.83090929568226,143.3230769230769,164.15398621875917
1869-10-01,-0.8660254037844386,0.5000000000000001,-13.681305317989938,157.08461538461538,170.7659207026053
1869-11-01,-0.5000000000000004,0.8660254037844384,-2.5393752384318304,174.40769230769232,176.94706754612415
1869-12-01,-2.4492935982947064e-16,1.0,-4.196059251765547,178.47692307692307,182.67298232868862
1870-01-01,0.4999999999999999,0.8660254037844387,-6.355063673449479,181.56923076923078,187.92429444268026
1870-02-01,0.8660254037844386,0.5000000000000001,1.013506523553815,193.7,192.68649347644617
1870-03-01,1.0,6.123233995736766e-17,3.988785357928009,200.93846153846155,196.94967618053354
1870-04-01,0.8660254037844387,-0.4999999999999998,8.676352250823982,209.3846153846154,200.7082631337914
1870-05-01,0.4999999999999999,-0.8660254037844387,16.731614391873308,220.69230769230768,203.96069330043437
1870-06-01,1.2246467991473532e-16,-1.0,20.637050090922344,227.34615384615384,206.7091037552315
1870-07-01,-0.4999999999999997,-0.8660254037844388,16.31792210859348,225.27692307692308,208.9590009683296
1870-08-01,-0.8660254037844385,-0.5000000000000004,20.711840034554996,231.43076923076922,210.71892919621422
1870-09-01,-1.0,-1.8369701987210292e-16,23.046013116454162,235.04615384615383,212.00014072969967
1870-10-01,-0.8660254037844386,0.5000000000000001,22.860651067493166,235.67692307692306,212.8162720094299
1870-11-01,-0.5000000000000004,0.8660254037844384,20.624663370124495,233.80769230769232,213.18302893756783
1870-12-01,-2.4492935982947064e-16,1.0,9.866731291974475,222.98461538461535,213.11788409264088
1871-01-01,0.4999999999999999,0.8660254037844387,6.1525196994364535,218.7923076923077,212.63978799287125
1871-02-01,0.8660254037844386,0.5000000000000001,4.161873180214116,215.93076923076922,211.7688960505551
1871-03-01,1.0,6.123233995736766e-17,-4.026312414077864,206.5,210.52631241407786
1871-04-01,0.8660254037844387,-0.4999999999999998,-8.456928425316278,200.47692307692307,208.93385150223935
1871-05-01,0.4999999999999999,-0.8660254037844387,-11.813817694513943,195.2,207.01381769451393
1871-06-01,1.2246467991473532e-16,-1.0,-16.911880270301737,187.87692307692308,204.7888033472248
1871-07-01,-0.4999999999999997,-0.8660254037844388,-20.866120440320543,181.4153846153846,202.28150505570514
1871-08-01,-0.8660254037844385,-0.5000000000000004,-14.014557872671304,185.5,199.5145578726713
1871-09-01,-1.0,-1.8369701987210292e-16,-15.74115625031402,180.76923076923077,196.5103870195448
1871-10-01,-0.8660254037844386,0.5000000000000001,-17.77569187135552,175.51538461538465,193.29107648674017
1871-11-01,-0.5000000000000004,0.8660254037844384,-21.393638422913114,168.4846153846154,189.87825380752852
1871-12-01,-2.4492935982947064e-16,1.0,-22.3699132816011,163.92307692307693,186.29299020467803
1872-01-01,0.4999999999999999,0.8660254037844387,-16.855715246566916,165.7,182.5557152465669
1872-02-01,0.8660254037844386,0.5000000000000001,-14.27845279926811,164.4076923076923,178.6861451069604
1872-03-01,1.0,6.123233995736766e-17,-9.726300420525888,164.9769230769231,174.703223497449
1872-04-01,0.8660254037844387,-0.4999999999999998,-2.778920485044125,167.84615384615384,170.62507433119796
1872-05-01,0.4999999999999999,-0.8660254037844387,4.323342513404128,170.7923076923077,166.46896517890357
1872-06-01,1.2246467991473532e-16,-1.0,5.787180947811038,168.03846153846155,162.2512805906505
1872-07-01,-0.4999999999999997,-0.8660254037844388,9.574034082666401,167.56153846153848,157.98750437887207
1872-08-01,-0.8660254037844385,-0.5000000000000004,17.384713090723096,171.07692307692307,153.69220998619997
1872-09-01,-1.0,-1.8369701987210292e-16,18.905557288440264,168.28461538461536,149.3790580961751
1872-10-01,-0.8660254037844386,0.5000000000000001,21.654583932084478,166.71538461538464,145.06080068330016
1872-11-01,-0.5000000000000004,0.8660254037844384,19.012247720930873,159.76153846153846,140.7492907406076
1872-12-01,-2.4492935982947064e-16,1.0,15.252195340876426,151.7076923076923,136.45549696681587
1873-01-01,0.4999999999999999,0.8660254037844387,14.010477259604897,146.2,132.1895227403951
1873-02-01,0.8660254037844386,0.5000000000000001,13.454755861640095,141.4153846153846,127.9606287537445
1873-03-01,1.0,6.123233995736766e-17,11.768895119582524,135.54615384615383,123.7772587265713
1873-04-01,0.8660254037844387,-0.4999999999999998,7.2452400293633445,126.89230769230768,119.64706766294434
1873-05-01,0.4999999999999999,-0.8660254037844387,5.261509377510109,120.83846153846154,115.57695216095144
1873-06-01,1.2246467991473532e-16,-1.0,1.2038407498620245,112.77692307692307,111.57308232706104
1873-07-01,-0.4999999999999997,-0.8660254037844388,2.17444972647111,109.8153846153846,107.64093488891349
1873-08-01,-0.8660254037844385,-0.5000000000000004,3.1454420906492544,106.93076923076923,103.78532714011997
1873-09-01,-1.0,-1.8369701987210292e-16,-0.8412206193429768,99.16923076923075,100.01045138857373
1873-10-01,-0.8660254037844386,0.5000000000000001,-5.650678846437131,90.66923076923075,96.31990961566788
1873-11-01,-0.5000000000000004,0.8660254037844384,-6.0859788568189686,86.63076923076923,92.7167480875882
1873-12-01,-2.4492935982947064e-16,1.0,-3.8188763068637286,85.38461538461539,89.20349169147912
1874-01-01,0.4999999999999999,0.8660254037844387,2.5562837397072684,88.33846153846154,85.78217779875428
1874-02-01,0.8660254037844386,0.5000000000000001,5.160995130228429,87.61538461538461,82.45438948515618
1874-03-01,1.0,6.123233995736766e-17,3.2402504991335945,82.46153846153847,79.22128796240487
1874-04-01,0.8660254037844387,-0.4999999999999998,4.7394328236160845,80.82307692307693,76.08364409946084
1874-05-01,0.4999999999999999,-0.8660254037844387,5.442746451976973,78.48461538461538,73.04186893263841
1874-06-01,1.2246467991473532e-16,-1.0,5.027033839965483,75.12307692307692,70.09604308311144
1874-07-01,-0.4999999999999997,-0.8660254037844388,3.446362674460687,70.6923076923077,67.245945017847
1874-08-01,-0.8660254037844385,-0.5000000000000004,1.1627680480728202,65.65384615384616,64.49107810577334
1874-09-01,-1.0,-1.8369701987210292e-16,-0.07685028128209836,61.75384615384615,61.830696435128246
1874-10-01,-0.8660254037844386,0.5000000000000001,0.26693986022120697,59.53076923076923,59.263829370548024
1874-11-01,-0.5000000000000004,0.8660254037844384,0.10300285267452125,56.892307692307696,56.789304839633175
1874-12-01,-2.4492935982947064e-16,1.0,-0.18269442549702575,54.223076923076924,54.40577134857395
1875-01-01,0.4999999999999999,0.8660254037844387,-1.1886418119462974,50.92307692307692,52.11171873502322
1875-02-01,0.8660254037844386,0.5000000000000001,-5.813189981557528,44.092307692307685,49.90549767386521
1875-03-01,1.0,6.123233995736766e-17,-11.25456872716989,36.53076923076923,47.78533795793912
1875-04-01,0.8660254037844387,-0.4999999999999998,-11.180134811986619,34.56923076923077,45.74936558121739
1875-05-01,0.4999999999999999,-0.8660254037844387,-11.36484942573344,32.43076923076923,43.79561865650267
1875-06-01,1.2246467991473532e-16,-1.0,-11.929754511159686,29.99230769230769,41.92206220346738
1875-07-01,-0.4999999999999997,-0.8660254037844388,-12.049678768974832,28.076923076923077,40.12660184589791
1875-08-01,-0.8660254037844385,-0.5000000000000004,-10.276327228619312,28.13076923076923,38.40709645938854
1875-09-01,-1.0,-1.8369701987210292e-16,-7.46136981252738,29.299999999999997,36.76136981252738
1875-10-01,-0.8660254037844386,0.5000000000000001,-9.925682784355345,25.261538461538464,35.18722124589381
1875-11-01,-0.5000000000000004,0.8660254037844384,-11.505512357073595,22.176923076923078,33.68243543399667
1875-12-01,-2.4492935982947064e-16,1.0,-11.337098967992645,20.907692307692308,32.24479127568495
1876-01-01,0.4999999999999999,0.8660254037844387,-11.072069958605926,19.799999999999997,30.872069958605923
1876-02-01,0.8660254037844386,0.5000000000000001,-10.23129301224607,19.33076923076923,29.5620622430153
1876-03-01,1.0,6.123233995736766e-17,-9.581805778935387,18.73076923076923,28.312575009704616
1876-04-01,0.8660254037844387,-0.4999999999999998,-6.8598986545011265,20.26153846153846,27.121437116039587
1876-05-01,0.4999999999999999,-0.8660254037844387,-6.086504603137435,19.9,25.986504603137433
1876-06-01,1.2246467991473532e-16,-1.0,-6.236434526849848,18.66923076923077,24.905665296080617
1876-07-01,-0.4999999999999997,-0.8660254037844388,-3.3537659147239722,20.523076923076925,23.876842837800897
1876-08-01,-0.8660254037844385,-0.5000000000000004,-3.0980001958952883,19.799999999999997,22.898000195895285
1876-09-01,-1.0,-1.8369701987210292e-16,-2.5671426801795576,19.4,21.967142680179556
1876-10-01,-0.8660254037844386,0.5000000000000001,-3.5900128149567685,17.492307692307694,21.082320507264463
1876-11-01,-0.5000000000000004,0.8660254037844384,-0.27240017764548696,19.96923076923077,20.241630946876256
1876-12-01,-2.4492935982947064e-16,1.0,1.6875491477195474,21.13076923076923,19.44322008304968
1877-01-01,0.4999999999999999,0.8660254037844387,3.0070234705924435,21.692307692307693,18.68528422171525
1877-02-01,0.8660254037844386,0.5000000000000001,2.5723905638657776,20.53846153846154,17.966070974595763
1877-03-01,1.0,6.123233995736766e-17,4.277658413809654,21.56153846153846,17.283880047728807
1877-04-01,0.8660254037844387,-0.4999999999999998,4.509090084799418,21.146153846153844,16.637063761354426
1877-05-01,0.4999999999999999,-0.8660254037844387,5.099049596720739,21.123076923076926,16.024027326356187
1877-06-01,1.2246467991473532e-16,-1.0,4.672155714456817,20.115384615384617,15.4432289009278
1877-07-01,-0.4999999999999997,-0.8660254037844388,4.599128242646696,19.492307692307694,14.893179449660998
1877-08-01,-0.8660254037844385,-0.5000000000000004,2.8429421895665676,17.215384615384615,14.372442425818047
1877-09-01,-1.0,-1.8369701987210292e-16,3.228059011523067,17.107692307692307,13.87963329616924
1877-10-01,-0.8660254037844386,0.5000000000000001,2.1788887658651586,15.592307692307694,13.413418926442535
1877-11-01,-0.5000000000000004,0.8660254037844384,1.3582523866159306,14.330769230769231,12.9725168441533
1877-12-01,-2.4492935982947064e-16,1.0,-0.1787713174344745,12.376923076923077,12.555694394357552
1878-01-01,0.4999999999999999,0.8660254037844387,-1.5848447257796554,10.576923076923077,12.161767802702732
1878-02-01,0.8660254037844386,0.5000000000000001,-1.98190885134491,9.807692307692308,11.789601159037218
1878-03-01,1.0,6.123233995736766e-17,-1.7611822568594704,9.676923076923076,11.438105333782547
1878-04-01,0.8660254037844387,-0.4999999999999998,-3.4446983767324877,7.661538461538461,11.106236838270949
1878-05-01,0.4999999999999999,-0.8660254037844387,-3.469919716227455,7.323076923076922,10.792996639304377
1878-06-01,1.2246467991473532e-16,-1.0,-4.920505860375009,5.576923076923077,10.497428937298086
1878-07-01,-0.4999999999999997,-0.8660254037844388,-4.787850685763231,5.43076923076923,10.218619916532461
1878-08-01,-0.8660254037844385,-0.5000000000000004,-4.878773398324359,5.076923076923077,9.955696475247436
1878-09-01,-1.0,-1.8369701987210292e-16,-5.477055711805918,4.230769230769231,9.707824942575149
1878-10-01,-0.8660254037844386,0.5000000000000001,4.017255318292191,4.023076923076923,0.005821604784731783
1878-11-01,-0.5000000000000004,0.8660254037844384,4.258963200674153,4.315384615384615,0.05642141471046217
1878-12-01,-2.4492935982947064e-16,1.0,3.962098678335754,4.1692307692307695,0.2071320908950154
1879-01-01,0.4999999999999999,0.8660254037844387,3.8043622976597677,4.315384615384615,0.5110223177248475
1879-02-01,0.8660254037844386,0.5000000000000001,4.662892158338451,5.676923076923076,1.014030918584625
1879-03-01,1.0,6.123233995736766e-17,4.700620049428959,6.453846153846153,1.7532261044171942
1879-04-01,0.8660254037844387,-0.4999999999999998,4.589766400740787,7.346153846153846,2.7563874454130586
1879-05-01,0.4999999999999999,-0.8660254037844387,4.842347884616147,8.884615384615385,4.042267499999238
1879-06-01,1.2246467991473532e-16,-1.0,3.678779353434228,9.299999999999999,5.621220646565771
1879-07-01,-0.4999999999999997,-0.8660254037844388,4.819359672260332,12.315384615384614,7.496024943124282
1879-08-01,-0.8660254037844385,-0.5000000000000004,6.0218228625770625,15.684615384615386,9.662792522038323
1879-09-01,-1.0,-1.8369701987210292e-16,5.972712008726665,18.084615384615383,12.111903375888717
1879-10-01,-0.8660254037844386,0.5000000000000001,5.748001735252879,20.576923076923077,14.828921341670197
1879-11-01,-0.5000000000000004,0.8660254037844384,4.989148955065506,22.78461538461539,17.795466429549883
1879-12-01,-2.4492935982947064e-16,1.0,5.86381834502512,26.853846153846156,20.990027808821036
1880-01-01,0.4999999999999999,0.8660254037844387,4.657445194151119,29.04615384615385,24.38870865200273
1880-02-01,0.8660254037844386,0.5000000000000001,6.287947391590098,34.25384615384615,27.96589876225605
1880-03-01,1.0,6.123233995736766e-17,9.651279686525438,41.34615384615385,31.69487415962841
1880-04-01,0.8660254037844387,-0.4999999999999998,10.536290360320123,46.08461538461539,35.548325024295266
1880-05-01,0.4999999999999999,-0.8660254037844387,8.94733895758786,48.44615384615384,39.49881488856598
1880-06-01,1.2246467991473532e-16,-1.0,7.042363521975091,50.56153846153847,43.51917493956338
1880-07-01,-0.4999999999999997,-0.8660254037844388,6.701777498564574,54.28461538461538,47.582837886050804
1880-08-01,-0.8660254037844385,-0.5000000000000004,6.3512684554982215,58.01538461538461,51.66411615988639
1880-09-01,-1.0,-1.8369701987210292e-16,5.384647582229597,61.12307692307692,55.738429340847325
1880-10-01,-0.8660254037844386,0.5000000000000001,5.494437407924082,65.27692307692307,59.78248566899899
1880-11-01,-0.5000000000000004,0.8660254037844384,4.587116078560193,68.36153846153846,63.774422382978265
1880-12-01,-2.4492935982947064e-16,1.0,5.413782881032503,73.1076923076923,67.6939094266598
1881-01-01,0.4999999999999999,0.8660254037844387,7.070086868246406,78.59230769230768,71.52222082406128
1881-02-01,0.8660254037844386,0.5000000000000001,8.026953018622166,83.26923076923077,75.24227775060861
1881-03-01,1.0,6.123233995736766e-17,5.06902526647653,83.9076923076923,78.83866704121577
1881-04-01,0.8660254037844387,-0.4999999999999998,1.3946691104151085,83.6923076923077,82.29763858189258
1881-05-01,0.4999999999999999,-0.8660254037844387,-0.39170012367743823,85.21538461538461,85.60708473906205
1881-06-01,1.2246467991473532e-16,-1.0,-1.4103508486175684,87.34615384615384,88.75650469477141
1881-07-01,-0.4999999999999997,-0.8660254037844388,-2.421571664926873,89.3153846153846,91.73695628031147
1881-08-01,-0.8660254037844385,-0.5000000000000004,-0.9717668688136456,93.56923076923077,94.54099763804442
1881-09-01,-1.0,-1.8369701987210292e-16,-1.8318515624349487,95.33076923076922,97.16262079320417
1881-10-01,-0.8660254037844386,0.5000000000000001,1.4105133225980495,101.0076923076923,99.59717898509425
1881-11-01,-0.5000000000000004,0.8660254037844384,0.7663829167256466,102.60769230769232,101.84130939096667
1881-12-01,-2.4492935982947064e-16,1.0,-1.0620834452350039,102.83076923076922,103.89285267600422
1882-01-01,0.4999999999999999,0.8660254037844387,-4.850770619036879,100.9,105.75077061903689
1882-02-01,0.8660254037844386,0.5000000000000001,-11.184293664696739,96.23076923076923,107.41506289546597
1882-03-01,1.0,6.123233995736766e-17,-12.748222407282327,96.13846153846154,108.88668394574387
1882-04-01,0.8660254037844387,-0.4999999999999998,-13.259768411266606,96.9076923076923,110.1674607189589
1882-05-01,0.4999999999999999,-0.8660254037844387,-11.790781186588887,99.46923076923076,111.26001195581965
1882-06-01,1.2246467991473532e-16,-1.0,-14.375361870485818,97.79230769230769,112.1676695627935
1882-07-01,-0.4999999999999997,-0.8660254037844388,-13.394402528491156,99.5,112.89440252849116
1882-08-01,-0.8660254037844385,-0.5000000000000004,-13.698589897594985,99.74615384615385,113.44474374374883
1882-09-01,-1.0,-1.8369701987210292e-16,-17.50833539203184,96.3153846153846,113.82372000741644
1882-10-01,-0.8660254037844386,0.5000000000000001,-15.775246968256113,98.26153846153845,114.03678542979456
1882-11-01,-0.5000000000000004,0.8660254037844384,-24.0666814611223,90.02307692307691,114.08975838419921
1882-12-01,-2.4492935982947064e-16,1.0,-22.404146718903064,91.58461538461538,113.98876210351844
1883-01-01,0.4999999999999999,0.8660254037844387,-17.617092049081393,96.12307692307694,113.74016897215833
1883-02-01,0.8660254037844386,0.5000000000000001,-17.158240831470906,96.1923076923077,113.3505485237786
1883-03-01,1.0,6.123233995736766e-17,-15.072772967231643,97.75384615384615,112.8266191210778
1883-04-01,0.8660254037844387,-0.4999999999999998,-11.075203265006692,101.10000000000001,112.1752032650067
1883-05-01,0.4999999999999999,-0.8660254037844387,-7.057032610480164,104.34615384615384,111.403186456634
1883-06-01,1.2246467991473532e-16,-1.0,-7.255941053413437,103.26153846153846,110.5174795149519
1883-07-01,-0.4999999999999997,-0.8660254037844388,0.11347730073089224,109.63846153846154,109.52498423773065
1883-08-01,-0.8660254037844385,-0.5000000000000004,4.575130028009951,113.00769230769232,108.43256227968237
1883-09-01,-1.0,-1.8369701987210292e-16,10.960685195403826,118.20769230769231,107.24700711228849
1883-10-01,-0.8660254037844386,0.5000000000000001,16.509596462293587,122.4846153846154,105.97501892232181
1883-11-01,-0.5000000000000004,0.8660254037844384,15.869125391273329,120.4923076923077,104.62318230103438
1883-12-01,-2.4492935982947064e-16,1.0,19.817438042499447,123.01538461538462,103.19794657288517
1884-01-01,0.4999999999999999,0.8660254037844387,18.33285292717403,120.03846153846153,101.7056086112875
1884-02-01,0.8660254037844386,0.5000000000000001,16.709240472619314,116.86153846153846,100.15229798891914
1884-03-01,1.0,6.123233995736766e-17,20.35603568855481,118.9,98.5439643114452
1884-04-01,0.8660254037844387,-0.4999999999999998,21.382864183371524,118.26923076923077,96.88636658585925
1884-05-01,0.4999999999999999,-0.8660254037844387,17.030320137505583,112.21538461538461,95.18506447787902
1884-06-01,1.2246467991473532e-16,-1.0,13.985357913984203,107.43076923076923,93.44541131678503
1884-07-01,-0.4999999999999997,-0.8660254037844388,11.51975898168277,103.1923076923077,91.67254871062492
1884-08-01,-0.8660254037844385,-0.5000000000000004,10.790135821834866,100.66153846153847,89.8714026397036
1884-09-01,-1.0,-1.8369701987210292e-16,7.85331909837123,95.89999999999999,88.04668090162876
1884-10-01,-0.8660254037844386,0.5000000000000001,5.535589751666265,91.73846153846154,86.20287178679527
1884-11-01,-0.5000000000000004,0.8660254037844384,6.986525361789504,91.33076923076922,84.34424386897972
1884-12-01,-2.4492935982947064e-16,1.0,11.05592242915526,93.53076923076924,82.47484680161398
1885-01-01,0.4999999999999999,0.8660254037844387,14.901486983751141,95.5,80.59851301624886
1885-02-01,0.8660254037844386,0.5000000000000001,16.39652438973215,95.11538461538461,78.71886022565246
1885-03-01,1.0,6.123233995736766e-17,16.191474590899546,93.03076923076922,76.83929463986968
1885-04-01,0.8660254037844387,-0.4999999999999998,15.098523652178756,90.06153846153846,74.9630148093597
1885-05-01,0.4999999999999999,-0.8660254037844387,14.814676292695935,87.90769230769232,73.09301601499638
1885-06-01,1.2246467991473532e-16,-1.0,14.78328948514958,86.01538461538462,71.23209513023504
1885-07-01,-0.4999999999999997,-0.8660254037844388,14.41714411390113,83.80000000000001,69.38285588609888
1885-08-01,-0.8660254037844385,-0.5000000000000004,14.08305475596896,81.63076923076923,67.54771447480027
1885-09-01,-1.0,-1.8369701987210292e-16,14.040325336456604,79.76923076923077,65.72890543277417
1885-10-01,-0.8660254037844386,0.5000000000000001,15.071512251344522,79.0,63.92848774865548
1885-11-01,-0.5000000000000004,0.8660254037844384,13.736264238347857,75.88461538461539,62.14835114626753
1885-12-01,-2.4492935982947064e-16,1.0,9.625162118376629,70.01538461538462,60.39022249700799
1886-01-01,0.4999999999999999,0.8660254037844387,4.5058661414250665,63.16153846153846,58.655672320113396
1886-02-01,0.8660254037844386,0.5000000000000001,-0.1538136408497408,56.792307692307695,56.946121333157436
1886-03-01,1.0,6.123233995736766e-17,-2.1474624034084187,53.11538461538461,55.26284701879303
1886-04-01,0.8660254037844387,-0.4999999999999998,-4.460836331031878,49.146153846153844,53.60699017718572
1886-05-01,0.4999999999999999,-0.8660254037844387,-7.7487922060419905,44.23076923076924,51.97956143681123
1886-06-01,1.2246467991473532e-16,-1.0,-8.450678468539536,41.93076923076923,50.381447699308765
1886-07-01,-0.4999999999999997,-0.8660254037844388,-8.36726465074424,40.44615384615385,48.81341849689809
1886-08-01,-0.8660254037844385,-0.5000000000000004,-8.968439935800639,38.30769230769231,47.276132243492945
1886-09-01,-1.0,-1.8369701987210292e-16,-10.239373132308032,35.53076923076923,45.77014236307726
1886-10-01,-0.8660254037844386,0.5000000000000001,-15.218980204245295,29.076923076923077,44.29590328116837
1886-11-01,-0.5000000000000004,0.8660254037844384,-16.815314728812503,26.03846153846154,42.85377626727404
1886-12-01,-2.4492935982947064e-16,1.0,-17.33634281047923,24.10769230769231,41.44403511817154
1887-01-01,0.4999999999999999,0.8660254037844387,-16.451487058215104,23.615384615384617,40.06687167359972
1887-02-01,0.8660254037844386,0.5000000000000001,-16.23778577295604,22.484615384615385,38.722401157571426
1887-03-01,1.0,6.123233995736766e-17,-16.13374426306694,21.27692307692308,37.41066733999002
1887-04-01,0.8660254037844387,-0.4999999999999998,-16.75472443767275,19.376923076923077,36.13164751459583
1887-05-01,0.4999999999999999,-0.8660254037844387,-15.731411136642485,19.153846153846153,34.88525729048864
1887-06-01,1.2246467991473532e-16,-1.0,-11.909816734035314,21.76153846153846,33.671355195573774
1887-07-01,-0.4999999999999997,-0.8660254037844388,-10.766670168194398,21.72307692307692,32.48974709127132
1887-08-01,-0.8660254037844385,-0.5000000000000004,-10.017113475641533,21.323076923076922,31.340190398718455
1887-09-01,-1.0,-1.8369701987210292e-16,-9.58393659902643,20.638461538461538,30.222398137487968
1887-10-01,-0.8660254037844386,0.5000000000000001,-8.38988893239781,20.746153846153845,29.136042778551655
1887-11-01,-0.5000000000000004,0.8660254037844384,-7.326913759992713,20.753846153846155,28.080759913838868
1887-12-01,-2.4492935982947064e-16,1.0,-7.963844052978278,19.092307692307692,27.05615174528597
1888-01-01,0.4999999999999999,0.8660254037844387,-8.592559627516064,17.46923076923077,26.061790396746833
1888-02-01,0.8660254037844386,0.5000000000000001,-10.26645182177404,14.830769230769231,25.097221052543272
1888-03-01,1.0,6.123233995736766e-17,-10.954272619090638,13.207692307692309,24.161964926782947
1888-04-01,0.8660254037844387,-0.4999999999999998,-10.740137452480985,12.515384615384617,23.255522067865602
1888-05-01,0.4999999999999999,-0.8660254037844387,-9.331220156687035,13.046153846153846,22.37737400284088
1888-06-01,1.2246467991473532e-16,-1.0,-8.511601611092887,13.015384615384617,21.526986226477504
1888-07-01,-0.4999999999999997,-0.8660254037844388,-10.242272078518978,10.461538461538462,20.70381054005744
1888-08-01,-0.8660254037844385,-0.5000000000000004,-9.984210321948186,9.923076923076923,19.90728724502511
1888-09-01,-1.0,-1.8369701987210292e-16,-9.267616427471246,9.869230769230768,19.136847196702014
1888-10-01,-0.8660254037844386,0.5000000000000001,-8.968836800251172,9.423076923076923,18.391913723328095
1888-11-01,-0.5000000000000004,0.8660254037844384,-8.594981338789427,9.076923076923077,17.671904415712504
1888-12-01,-2.4492935982947064e-16,1.0,2.6317008043396175,9.007692307692308,6.37599150335269
1889-01-01,0.4999999999999999,0.8660254037844387,2.939206873271109,9.315384615384614,6.376177742113505
1889-02-01,0.8660254037844386,0.5000000000000001,5.191563107835667,11.569230769230767,6.3776676613951
1889-03-01,1.0,6.123233995736766e-17,5.670202483407728,12.053846153846154,6.383643670438426
1889-04-01,0.8660254037844387,-0.4999999999999998,4.792028722839842,11.192307692307692,6.400278969467849
1889-05-01,0.4999999999999999,-0.8660254037844387,4.516556659533691,10.953846153846154,6.437289494312463
1889-06-01,1.2246467991473532e-16,-1.0,3.9303781245037452,10.438461538461537,6.508083413957792
1889-07-01,-0.4999999999999997,-0.8660254037844388,3.6319856782103415,10.261538461538462,6.629552783328121
1889-08-01,-0.8660254037844385,-0.5000000000000004,3.4245733906463363,10.246153846153845,6.821580455507509
1889-09-01,-1.0,-1.8369701987210292e-16,2.7013490802187468,9.807692307692308,7.106343227473562
1889-10-01,-0.8660254037844386,0.5000000000000001,1.654049428302943,9.161538461538463,7.50748903323552
1889-11-01,-0.5000000000000004,0.8660254037844384,1.158435157505684,9.207692307692307,8.049257150186623
1889-12-01,-2.4492935982947064e-16,1.0,0.31363177659340025,9.069230769230769,8.755598992637369
1890-01-01,0.4999999999999999,0.8660254037844387,0.07373191175804017,9.723076923076922,9.649345011318882
1890-02-01,0.8660254037844386,0.5000000000000001,-1.1514516072463135,9.6,10.751451607246313
1890-03-01,1.0,6.123233995736766e-17,-2.9188129613894933,9.161538461538461,12.080351422927954
1890-04-01,0.8660254037844387,-0.4999999999999998,-3.8975750473381954,9.753846153846153,13.651421201184348
1890-05-01,0.4999999999999999,-0.8660254037844387,-4.76118909427807,10.715384615384616,15.476573709662686
1890-06-01,1.2246467991473532e-16,-1.0,-5.863973999880596,11.7,17.563973999880595
1890-07-01,-0.4999999999999997,-0.8660254037844388,-7.348644640757756,12.569230769230769,19.917875409988525
1890-08-01,-0.8660254037844385,-0.5000000000000004,-7.8077978640878705,14.73076923076923,22.5385670948571
1890-09-01,-1.0,-1.8369701987210292e-16,-9.45319155101442,15.96923076923077,25.42242232024519
1890-10-01,-0.8660254037844386,0.5000000000000001,-10.615881283243823,17.946153846153848,28.56203512939767
1890-11-01,-0.5000000000000004,0.8660254037844384,-8.938739817066939,23.00769230769231,31.946432124759248
1890-12-01,-2.4492935982947064e-16,1.0,-6.9767304747041194,28.584615384615383,35.5613458593195
1891-01-01,0.4999999999999999,0.8660254037844387,-3.435690416076909,35.95384615384615,39.38953656992306
1891-02-01,0.8660254037844386,0.5000000000000001,-4.703457284783383,38.707692307692305,43.41114959247569
1891-03-01,1.0,6.123233995736766e-17,-3.0887120603917637,44.51538461538462,47.60409667577638
1891-04-01,0.8660254037844387,-0.4999999999999998,-3.0136812405569415,48.93076923076922,51.944450471326164
1891-05-01,0.4999999999999999,-0.8660254037844387,-3.5376118805542234,52.869230769230775,56.406842649785
1891-06-01,1.2246467991473532e-16,-1.0,-5.141780399602787,55.82307692307692,60.964857322679705
1891-07-01,-0.4999999999999997,-0.8660254037844388,-1.91448960716032,63.676923076923075,65.5914126840834
1891-08-01,-0.8660254037844385,-0.5000000000000004,1.3870288510302515,71.64615384615385,70.2591249951236
1891-09-01,-1.0,-1.8369701987210292e-16,0.2747344283540514,75.21538461538461,74.94065018703056
1891-10-01,-0.8660254037844386,0.5000000000000001,3.206385179113539,82.8153846153846,79.60899943627106
1891-11-01,-0.5000000000000004,0.8660254037844384,6.154481637581512,90.39230769230768,84.23782605472617
1891-12-01,-2.4492935982947064e-16,1.0,6.113702684677463,94.91538461538461,88.80168193070715
1892-01-01,0.4999999999999999,0.8660254037844387,5.269911297193332,98.54615384615384,93.27624254896051
1892-02-01,0.8660254037844386,0.5000000000000001,6.369191998510814,104.0076923076923,97.63850030918148
1892-03-01,1.0,6.123233995736766e-17,5.956150468009369,107.82307692307693,101.86692645506756
1892-04-01,0.8660254037844387,-0.4999999999999998,4.01993603781257,109.96153846153847,105.9416024237259
1892-05-01,0.4999999999999999,-0.8660254037844387,1.8787550891907756,111.72307692307692,109.84432183388614
1892-06-01,1.2246467991473532e-16,-1.0,2.8721045733346955,116.43076923076923,113.55866465743453
1892-07-01,-0.4999999999999997,-0.8660254037844388,4.799185399748978,121.86923076923077,117.07004536948179
1892-08-01,-0.8660254037844385,-0.5000000000000004,1.9958014065244924,122.36153846153846,120.36573705501397
1892-09-01,-1.0,-1.8369701987210292e-16,-2.3502581881287057,121.08461538461539,123.4348735727441
1892-10-01,-0.8660254037844386,0.5000000000000001,-0.29920117731339246,125.96923076923078,126.26843194654417
1892-11-01,-0.5000000000000004,0.8660254037844384,-0.9438125636171577,127.91538461538461,128.85919717900177
1892-12-01,-2.4492935982947064e-16,1.0,-1.970942436269354,129.23076923076923,131.20171166703858
1893-01-01,0.4999999999999999,0.8660254037844387,-2.499903660227659,130.7923076923077,133.29221135253536
1893-02-01,0.8660254037844386,0.5000000000000001,2.417603178732037,137.54615384615383,135.1285506674218
1893-03-01,1.0,6.123233995736766e-17,-2.1716566996078086,134.53846153846155,136.71011823806936
1893-04-01,0.8660254037844387,-0.4999999999999998,-1.2992836644508543,136.73846153846154,138.0377452029124
1893-05-01,0.4999999999999999,-0.8660254037844387,-1.7828386435421635,137.33076923076922,139.11360787431138
1893-06-01,1.2246467991473532e-16,-1.0,1.0434890400491952,140.9846153846154,139.94112634456621
1893-07-01,-0.4999999999999997,-0.8660254037844388,1.0443702692608667,141.56923076923078,140.52486049996992
1893-08-01,-0.8660254037844385,-0.5000000000000004,1.9295952312926374,142.8,140.87040476870737
1893-09-01,-1.0,-1.8369701987210292e-16,-0.838128944494315,140.14615384615385,140.98428279064817
1893-10-01,-0.8660254037844386,0.5000000000000001,1.3107723229573764,142.1846153846154,140.87384306165802
1893-11-01,-0.5000000000000004,0.8660254037844384,3.322074295630415,143.86923076923077,140.54715647360035
1893-12-01,-2.4492935982947064e-16,1.0,5.664006531893165,145.6769230769231,140.01291654502992
1894-01-01,0.4999999999999999,0.8660254037844387,8.465810828439771,147.74615384615385,139.28034301771407
1894-02-01,0.8660254037844386,0.5000000000000001,7.040910618689821,145.4,138.35908938131018
1894-03-01,1.0,6.123233995736766e-17,0.03315290898922285,137.2923076923077,137.25915478331848
1894-04-01,0.8660254037844387,-0.4999999999999998,0.9784300850845398,136.96923076923076,135.99080068414622
1894-05-01,0.4999999999999999,-0.8660254037844387,-0.5952417587072887,133.9692307692308,134.56447252793808
1894-06-01,1.2246467991473532e-16,-1.0,-0.9522650803008332,132.03846153846155,132.99072661876238
1894-07-01,-0.4999999999999997,-0.8660254037844388,-3.1647777033226703,128.1153846153846,131.28016231870728
1894-08-01,-0.8660254037844385,-0.5000000000000004,-3.374128850004425,126.06923076923077,129.4433596192352
1894-09-01,-1.0,-1.8369701987210292e-16,-4.452360541037805,123.03846153846153,127.49082207949934
1894-10-01,-0.8660254037844386,0.5000000000000001,0.7670749250923024,126.20000000000002,125.43292507490771
1894-11-01,-0.5000000000000004,0.8660254037844384,1.1124384366624014,124.39230769230768,123.27986925564528
1894-12-01,-2.4492935982947064e-16,1.0,-0.4647160008004363,120.57692307692308,121.04163907772352
1895-01-01,0.4999999999999999,0.8660254037844387,-4.69719700720735,114.03076923076922,118.72796623797657
1895-02-01,0.8660254037844386,0.5000000000000001,-7.071374741897884,109.27692307692308,116.34829781882097
1895-03-01,1.0,6.123233995736766e-17,-6.250230466542618,107.66153846153846,113.91176892808107
1895-04-01,0.8660254037844387,-0.4999999999999998,-3.5194872956205927,107.9076923076923,111.4271796033129
1895-05-01,0.4999999999999999,-0.8660254037844387,-4.618360353767386,104.28461538461539,108.90297573838278
1895-06-01,1.2246467991473532e-16,-1.0,-0.24723378215335856,106.1,106.34723378215335
1895-07-01,-0.4999999999999997,-0.8660254037844388,-1.6445720315010135,102.12307692307692,103.76764895457794
1895-08-01,-0.8660254037844385,-0.5000000000000004,0.20539635300532666,101.37692307692306,101.17152672391774
1895-09-01,-1.0,-1.8369701987210292e-16,0.8496073255876695,99.41538461538461,98.56577728979694
1895-10-01,-0.8660254037844386,0.5000000000000001,1.2584717953289584,97.21538461538461,95.95691282005565
1895-11-01,-0.5000000000000004,0.8660254037844384,-2.4510471945166046,90.9,93.35104719451661
1895-12-01,-2.4492935982947064e-16,1.0,-2.2231287847903047,88.53076923076922,90.75389801555953
1896-01-01,0.4999999999999999,0.8660254037844387,-3.016944499656944,85.15384615384616,88.1707906535031
1896-02-01,0.8660254037844386,0.5000000000000001,-3.091279488611903,82.51538461538462,85.60666410399652
1896-03-01,1.0,6.123233995736766e-17,-1.5276169062092748,81.53846153846153,83.06607844467081
1896-04-01,0.8660254037844387,-0.4999999999999998,-2.722454458235106,77.83076923076922,80.55322368900433
1896-05-01,0.4999999999999999,-0.8660254037844387,-4.079622154212089,73.99230769230769,78.07192984651978
1896-06-01,1.2246467991473532e-16,-1.0,-2.217985702203137,73.40769230769232,75.62567800989545
1896-07-01,-0.4999999999999997,-0.8660254037844388,-3.679150762729961,69.53846153846153,73.2176123011915
1896-08-01,-0.8660254037844385,-0.5000000000000004,-1.265937136421229,69.58461538461538,70.8505525210366
1896-09-01,-1.0,-1.8369701987210292e-16,-2.557776586953594,65.96923076923078,68.52700735618437
1896-10-01,-0.8660254037844386,0.5000000000000001,-2.9568803199257516,63.292307692307695,66.24918801223345
1896-11-01,-0.5000000000000004,0.8660254037844384,-3.7805606109737013,60.23846153846154,64.01902214943524
1896-12-01,-2.4492935982947064e-16,1.0,-3.692014164165755,58.146153846153844,61.8381680103196
1897-01-01,0.4999999999999999,0.8660254037844387,-4.300336330604573,55.4076923076923,59.708028638296874
1897-02-01,0.8660254037844386,0.5000000000000001,-5.206689173327845,52.42307692307692,57.629766096404765
1897-03-01,1.0,6.123233995736766e-17,-0.48893098953497116,55.11538461538461,55.604315604919584
1897-04-01,0.8660254037844387,-0.4999999999999998,-4.540091833321306,49.0923076923077,53.632399525629005
1897-05-01,0.4999999999999999,-0.8660254037844387,-5.2299257445228164,46.48461538461539,51.714541129138205
1897-06-01,1.2246467991473532e-16,-1.0,-3.9664627050407404,45.88461538461539,49.85107808965613
1897-07-01,-0.4999999999999997,-0.8660254037844388,-3.7421756592645465,44.3,48.042175659264544
1897-08-01,-0.8660254037844385,-0.5000000000000004,-2.5186087114966966,43.76923076923077,46.28783948072746
1897-09-01,-1.0,-1.8369701987210292e-16,0.3274566109448287,44.91538461538461,44.58792800443978
1897-10-01,-0.8660254037844386,0.5000000000000001,0.0886047496026876,43.03076923076923,42.94216448116654
1897-11-01,-0.5000000000000004,0.8660254037844384,1.0113899537490312,42.361538461538466,41.350148507789434
1897-12-01,-2.4492935982947064e-16,1.0,2.8424790454699647,42.65384615384615,39.81136710837619
1898-01-01,0.4999999999999999,0.8660254037844387,4.028640816311459,42.353846153846156,38.3252053375347
1898-02-01,0.8660254037844386,0.5000000000000001,5.93981283354033,42.83076923076923,36.8909563972289
1898-03-01,1.0,6.123233995736766e-17,8.992168737965507,44.5,35.50783126203449
1898-04-01,0.8660254037844387,-0.4999999999999998,8.532724496469221,42.70769230769231,34.17496781122309
1898-05-01,0.4999999999999999,-0.8660254037844387,11.947022069358923,44.83846153846154,32.891439469102615
1898-06-01,1.2246467991473532e-16,-1.0,13.728352026881979,45.38461538461539,31.65626335773341
1898-07-01,-0.4999999999999997,-0.8660254037844388,13.139284339189132,43.607692307692304,30.468407968503172
1898-08-01,-0.8660254037844385,-0.5000000000000004,11.580891946588132,40.907692307692315,29.326800361104183
1898-09-01,-1.0,-1.8369701987210292e-16,10.338897868999652,38.56923076923077,28.23033290023112
1898-10-01,-0.8660254037844386,0.5000000000000001,8.29136122739962,35.46923076923077,27.17786954183115
1898-11-01,-0.5000000000000004,0.8660254037844384,8.431748317990156,34.599999999999994,26.16825168200984
1898-12-01,-2.4492935982947064e-16,1.0,8.715081032642061,33.91538461538461,25.20030358274255
1899-01-01,0.4999999999999999,0.8660254037844387,8.519470302919842,32.792307692307695,24.272837389387853
1899-02-01,0.8660254037844386,0.5000000000000001,8.630726859727453,32.01538461538461,23.38465775565716
1899-03-01,1.0,6.123233995736766e-17,6.534664677044173,29.069230769230767,22.534566092186594
1899-04-01,0.8660254037844387,-0.4999999999999998,4.5478663140350015,26.26923076923077,21.72136445519577
1899-05-01,0.4999999999999999,-0.8660254037844387,1.9330639850014428,22.87692307692308,20.943859091921638
1899-06-01,1.2246467991473532e-16,-1.0,0.06067480194226604,20.26153846153846,20.200863659596195
1899-07-01,-0.4999999999999997,-0.8660254037844388,0.35495171144295057,19.846153846153847,19.491202134710896
1899-08-01,-0.8660254037844385,-0.5000000000000004,0.293980878504577,19.10769230769231,18.813711429187734
1899-09-01,-1.0,-1.8369701987210292e-16,0.8712178085892823,19.03846153846154,18.167243729872258
1899-10-01,-0.8660254037844386,0.5000000000000001,1.2185621917449048,18.76923076923077,17.550668577485865
1899-11-01,-0.5000000000000004,0.8660254037844384,1.937125299164972,18.900000000000002,16.96287470083503
1899-12-01,-2.4492935982947064e-16,1.0,3.0510745321638915,19.453846153846154,16.402771621682263
1900-01-01,0.4999999999999999,0.8660254037844387,2.0307089547528214,17.900000000000002,15.86929104524718
1900-02-01,0.8660254037844386,0.5000000000000001,1.353996564551835,16.715384615384615,15.36138805083278
1900-03-01,1.0,6.123233995736766e-17,2.529650211122462,17.407692307692308,14.878042096569846
1900-04-01,0.8660254037844387,-0.4999999999999998,3.5740498405603507,17.992307692307694,14.418257851747343
1900-05-01,0.4999999999999999,-0.8660254037844387,2.918934130345047,16.900000000000002,13.981065869654955
1900-06-01,1.2246467991473532e-16,-1.0,2.372938425151121,15.93846153846154,13.56552311331042
1900-07-01,-0.4999999999999997,-0.8660254037844388,1.444671269500585,14.615384615384617,13.170713345884032
1900-08-01,-0.8660254037844385,-0.5000000000000004,0.9196372183152111,13.715384615384616,12.795747397069405
1900-09-01,-1.0,-1.8369701987210292e-16,0.09100591468158825,12.53076923076923,12.439763316087642
1900-10-01,-0.8660254037844386,0.5000000000000001,-0.6788494983767759,11.423076923076925,12.101926421453701
1900-11-01,-0.5000000000000004,0.8660254037844384,-1.1121984878523161,10.66923076923077,11.781429257083087
1900-12-01,-2.4492935982947064e-16,1.0,-2.0082606945442016,9.46923076923077,11.477491463774971
1901-01-01,0.4999999999999999,0.8660254037844387,-3.173974959193181,8.015384615384615,11.189359574577797
1901-02-01,0.8660254037844386,0.5000000000000001,-3.839383665103407,7.076923076923078,10.916306742026485
1901-03-01,1.0,6.123233995736766e-17,-4.057632404738213,6.6,10.657632404738212
1901-04-01,0.8660254037844387,-0.4999999999999998,-4.397277284982486,6.015384615384615,10.412661900367102
1901-05-01,0.4999999999999999,-0.8660254037844387,-5.334592185295015,4.846153846153846,10.18074603144886
1901-06-01,1.2246467991473532e-16,-1.0,-5.692029820983577,4.269230769230769,9.961260590214346
1901-07-01,-0.4999999999999997,-0.8660254037844388,-4.807452001863512,4.946153846153846,9.753605848017358
1901-08-01,-0.8660254037844385,-0.5000000000000004,-4.64182139922174,4.915384615384616,9.557206014606356
1901-09-01,-1.0,-1.8369701987210292e-16,-3.1715086720732515,6.199999999999999,9.37150867207325
1901-10-01,-0.8660254037844386,0.5000000000000001,-3.565214957165333,5.63076923076923,9.195984187934563
1901-11-01,-0.5000000000000004,0.8660254037844384,-3.0378174191330922,5.9923076923076914,9.030125111440784
1901-12-01,-2.4492935982947064e-16,1.0,-4.004214787638511,4.869230769230769,8.87344555686928
1902-01-01,0.4999999999999999,0.8660254037844387,4.232063094578147,4.2384615384615385,0.006398443883390845
1902-02-01,0.8660254037844386,0.5000000000000001,4.379367344947119,4.438461538461538,0.059094193514418906
1902-03-01,1.0,6.123233995736766e-17,5.06577338561839,5.276923076923077,0.2111496913046875
1902-04-01,0.8660254037844387,-0.4999999999999998,6.7885763797311816,7.299999999999999,0.5114236202688177
1902-05-01,0.4999999999999999,-0.8660254037844387,7.137429815584601,8.138461538461538,1.0010317228769374
1902-06-01,1.2246467991473532e-16,-1.0,6.072267701247713,7.7846153846153845,1.712347683367671
1902-07-01,-0.4999999999999997,-0.8660254037844388,6.18483787627658,8.853846153846153,2.669008277569573
1902-08-01,-0.8660254037844385,-0.5000000000000004,6.4366741312550095,10.323076923076922,3.8864027918219124
1902-09-01,-1.0,-1.8369701987210292e-16,6.681442368289961,12.053846153846154,5.372403785556193
1902-10-01,-0.8660254037844386,0.5000000000000001,6.679483790725911,13.807692307692308,7.128208516966398
1902-11-01,-0.5000000000000004,0.8660254037844384,6.527707713778497,15.676923076923078,9.149215363144581
1902-12-01,-2.4492935982947064e-16,1.0,5.981802460444685,17.407692307692308,11.425889847247623
1903-01-01,0.4999999999999999,0.8660254037844387,6.847714817108981,20.792307692307695,13.944592875198714
1903-02-01,0.8660254037844386,0.5000000000000001,7.6808757337528775,24.36923076923077,16.688355035477894
1903-03-01,1.0,6.123233995736766e-17,5.86241190451242,25.5,19.63758809548758
1903-04-01,0.8660254037844387,-0.4999999999999998,6.744654978247517,29.515384615384615,22.770729637137098
1903-05-01,0.4999999999999999,-0.8660254037844387,7.065949249486547,33.13076923076923,26.064819981282685
1903-06-01,1.2246467991473532e-16,-1.0,8.173218083651221,37.669230769230765,29.496012685579544
1903-07-01,-0.4999999999999997,-0.8660254037844388,8.536901776123997,41.57692307692308,33.04002130079908
1903-08-01,-0.8660254037844385,-0.5000000000000004,6.973647886694934,43.646153846153844,36.67250595945891
1903-09-01,-1.0,-1.8369701987210292e-16,5.853673024191572,46.22307692307693,40.36940389888536
1903-10-01,-0.8660254037844386,0.5000000000000001,5.892791706380997,50.0,44.107208293619
1903-11-01,-0.5000000000000004,0.8660254037844384,3.844492443931834,51.70769230769231,47.86319986376048
1903-12-01,-2.4492935982947064e-16,1.0,3.59205661779486,55.207692307692305,51.615635689897445
1904-01-01,0.4999999999999999,0.8660254037844387,4.256100459474055,59.60000000000001,55.34389954052595
1904-02-01,0.8660254037844386,0.5000000000000001,4.471382167113887,63.5,59.02861783288611
1904-03-01,1.0,6.123233995736766e-17,1.0174856453417433,63.66923076923077,62.65174512388903
1904-04-01,0.8660254037844387,-0.4999999999999998,3.0033772201497015,69.2,66.1966227798503
1904-05-01,0.4999999999999999,-0.8660254037844387,-0.5557065212248489,69.09230769230768,69.64801421353253
1904-06-01,1.2246467991473532e-16,-1.0,-2.5998121206636284,70.3923076923077,72.99211981297132
1904-07-01,-0.4999999999999997,-0.8660254037844388,-4.670420578703258,71.54615384615384,76.2165744248571
1904-08-01,-0.8660254037844385,-0.5000000000000004,-0.8104300002882212,78.5,79.31043000028822
1904-09-01,-1.0,-1.8369701987210292e-16,0.35125884979365196,82.61538461538461,82.26412576559096
1904-10-01,-0.8660254037844386,0.5000000000000001,-2.177140355415901,82.89230769230768,85.06944804772358
1904-11-01,-0.5000000000000004,0.8660254037844384,-4.18871243310123,83.53076923076924,87.71948166387047
1904-12-01,-2.4492935982947064e-16,1.0,-5.454708425102936,84.75384615384615,90.20855457894909
1905-01-01,0.4999999999999999,0.8660254037844387,-3.7937158047501924,88.73846153846155,92.53217734321174
1905-02-01,0.8660254037844386,0.5000000000000001,-4.886978644916553,89.80000000000001,94.68697864491656
1905-03-01,1.0,6.123233995736766e-17,-7.278330457604895,89.39230769230768,96.67063814991258
1905-04-01,0.8660254037844387,-0.4999999999999998,-2.858740727429577,95.62307692307694,98.48181765050651
1905-05-01,0.4999999999999999,-0.8660254037844387,2.295293205792362,102.41538461538462,100.12009140959226
1905-06-01,1.2246467991473532e-16,-1.0,3.067969691748246,104.65384615384616,101.58587646209791
1905-07-01,-0.4999999999999997,-0.8660254037844388,0.5965595532862693,103.47692307692309,102.88036352363682
1905-08-01,-0.8660254037844385,-0.5000000000000004,-3.520833670508196,100.48461538461538,104.00544905512358
1905-09-01,-1.0,-1.8369701987210292e-16,-7.217515095143057,97.74615384615385,104.9636689412969
1905-10-01,-0.8660254037844386,0.5000000000000001,-8.173518775230619,97.58461538461538,105.758134159846
1905-11-01,-0.5000000000000004,0.8660254037844384,-6.446314899301257,99.94615384615385,106.3924687454551
1905-12-01,-2.4492935982947064e-16,1.0,-4.970750288860842,101.89999999999999,106.87075028886083
1906-01-01,0.4999999999999999,0.8660254037844387,1.7102391533974668,108.9076923076923,107.19745315429483
1906-02-01,0.8660254037844386,0.5000000000000001,-1.7004714718989362,105.67692307692307,107.37739454882201
1906-03-01,1.0,6.123233995736766e-17,-2.0926066104025693,105.32307692307693,107.4156835334795
1906-04-01,0.8660254037844387,-0.4999999999999998,-6.771519182048564,100.54615384615384,107.3176730282024
1906-05-01,0.4999999999999999,-0.8660254037844387,-11.65045329130038,95.43846153846154,107.08891482976192
1906-06-01,1.2246467991473532e-16,-1.0,-16.735117633835088,90.0,106.73511763383509
1906-07-01,-0.4999999999999997,-0.8660254037844388,-13.57749264380196,92.68461538461537,106.26210802841733
1906-08-01,-0.8660254037844385,-0.5000000000000004,-4.9527174825689855,100.72307692307693,105.67579440564592
1906-09-01,-1.0,-1.8369701987210292e-16,-0.5052106454071748,104.47692307692309,104.98213372233026
1906-10-01,-0.8660254037844386,0.5000000000000001,-1.233254871874749,102.95384615384614,104.18710102572089
1906-11-01,-0.5000000000000004,0.8660254037844384,-1.9428154961087927,101.35384615384616,103.29666164995496
1906-12-01,-2.4492935982947064e-16,1.0,-3.1936690568125243,99.12307692307694,102.31674597988946
1907-01-01,0.4999999999999999,0.8660254037844387,-3.853226672392509,97.4,101.25322667239251
1907-02-01,0.8660254037844386,0.5000000000000001,-9.034975143430074,91.07692307692308,100.11189822035315
1907-03-01,1.0,6.123233995736766e-17,-3.0446125876162,95.85384615384615,98.89845874146235
1907-04-01,0.8660254037844387,-0.4999999999999998,-0.5646477181529121,97.05384615384614,97.61849387199905
1907-05-01,0.4999999999999999,-0.8660254037844387,6.376383508607589,102.65384615384616,96.27746264523857
1907-06-01,1.2246467991473532e-16,-1.0,8.857776303945343,103.73846153846154,94.88068523451619
1907-07-01,-0.4999999999999997,-0.8660254037844388,7.028206019269405,100.46153846153847,93.43333244226906
1907-08-01,-0.8660254037844385,-0.5000000000000004,3.074967796971521,95.01538461538462,91.9404168184131
1907-09-01,-1.0,-1.8369701987210292e-16,-5.5760160632890745,84.83076923076925,90.40678529405832
1907-10-01,-0.8660254037844386,0.5000000000000001,-4.390959373571718,84.44615384615385,88.83711321972557
1907-11-01,-0.5000000000000004,0.8660254037844384,-4.297438162328518,82.93846153846154,87.23589970079006
1907-12-01,-2.4492935982947064e-16,1.0,-1.992079511387729,83.61538461538461,85.60746412677234
1908-01-01,0.4999999999999999,0.8660254037844387,-0.4482514875404888,83.5076923076923,83.95594379523278
1908-02-01,0.8660254037844386,0.5000000000000001,6.453169003113828,88.73846153846154,82.28529253534771
1908-03-01,1.0,6.123233995736766e-17,12.323796682388021,92.92307692307692,80.5992802406889
1908-04-01,0.8660254037844387,-0.4999999999999998,7.267737543987536,86.16923076923078,78.90149322524324
1908-05-01,0.4999999999999999,-0.8660254037844387,6.42004929413028,83.61538461538461,77.19533532125433
1908-06-01,1.2246467991473532e-16,-1.0,5.3159703579969175,80.80000000000001,75.4840296420031
1908-07-01,-0.4999999999999997,-0.8660254037844388,8.237071370554517,82.0076923076923,73.77062093713778
1908-08-01,-0.8660254037844385,-0.5000000000000004,10.888175373565034,82.94615384615385,72.05797847258881
1908-09-01,-1.0,-1.8369701987210292e-16,16.74350832087036,87.0923076923077,70.34879937143734
1908-10-01,-0.8660254037844386,0.5000000000000001,18.892849182131513,87.53846153846153,68.64561235633002
1908-11-01,-0.5000000000000004,0.8660254037844384,17.810756623409674,84.76153846153846,66.95078183812879
1908-12-01,-2.4492935982947064e-16,1.0,17.171949239017223,82.43846153846154,65.26651229944432
1909-01-01,0.4999999999999999,0.8660254037844387,17.258993228332173,80.85384615384615,63.594852925513976
1909-02-01,0.8660254037844386,0.5000000000000001,16.81614371530442,78.75384615384615,61.937702438541734
1909-03-01,1.0,6.123233995736766e-17,11.826262827961507,72.12307692307692,60.296814095115415
1909-04-01,0.8660254037844387,-0.4999999999999998,9.795429959578783,68.46923076923078,58.67380080965199
1909-05-01,0.4999999999999999,-0.8660254037844387,14.406782706930777,71.47692307692309,57.07014036999231
1909-06-01,1.2246467991473532e-16,-1.0,17.0897423626497,72.57692307692308,55.48718071427338
1909-07-01,-0.4999999999999997,-0.8660254037844388,16.9661624512582,70.8923076923077,53.9261452410495
1909-08-01,-0.8660254037844385,-0.5000000000000004,15.265708026530106,67.65384615384616,52.388138127316054
1909-09-01,-1.0,-1.8369701987210292e-16,13.556619599155972,64.43076923076923,50.87414963161326
1909-10-01,-0.8660254037844386,0.5000000000000001,7.630323253628184,57.01538461538462,49.385061361756435
1909-11-01,-0.5000000000000004,0.8660254037844384,7.80142543411862,55.72307692307693,47.92165148895831
1909-12-01,-2.4492935982947064e-16,1.0,6.200015492434829,52.68461538461539,46.48459989218056
1910-01-01,0.4999999999999999,0.8660254037844387,6.510122166130223,51.58461538461539,45.074493218485166
1910-02-01,0.8660254037844386,0.5000000000000001,4.792785537664152,48.48461538461538,43.69182984695123
1910-03-01,1.0,6.123233995736766e-17,6.547590639225952,48.88461538461539,42.337024745389435
1910-04-01,0.8660254037844387,-0.4999999999999998,7.8126627124484145,48.823076923076925,41.01041421062851
1910-05-01,0.4999999999999999,-0.8660254037844387,2.256970284660092,41.96923076923076,39.71226048457067
1910-06-01,1.2246467991473532e-16,-1.0,-2.888910085677061,35.55384615384615,38.44275623952321
1910-07-01,-0.4999999999999997,-0.8660254037844388,-8.15587508136258,29.04615384615385,37.20202892751643
1910-08-01,-0.8660254037844385,-0.5000000000000004,-9.17476037403496,26.815384615384616,35.990144989419576
1910-09-01,-1.0,-1.8369701987210292e-16,-11.030190843747835,23.77692307692308,34.807113920670915
1910-10-01,-0.8660254037844386,0.5000000000000001,-10.49904603750813,23.153846153846153,33.65289219135428
1910-11-01,-0.5000000000000004,0.8660254037844384,-9.296617788414142,23.23076923076923,32.52738701918337
1910-12-01,-2.4492935982947064e-16,1.0,-10.753536917781773,20.676923076923078,31.43045999470485
1911-01-01,0.4999999999999999,0.8660254037844387,-10.808084404860772,19.553846153846152,30.361930558706923
1911-02-01,0.8660254037844386,0.5000000000000001,-11.060040870886557,18.26153846153846,29.321579332425017
1911-03-01,1.0,6.123233995736766e-17,-11.016843609367413,17.29230769230769,28.309151301675104
1911-04-01,0.8660254037844387,-0.4999999999999998,-13.047435779602509,14.276923076923076,27.324358856525585
1911-05-01,0.4999999999999999,-0.8660254037844387,-16.46688468854002,9.899999999999999,26.36688468854002
1911-06-01,1.2246467991473532e-16,-1.0,-15.890230701839425,9.546153846153846,25.43638454799327
1911-07-01,-0.4999999999999997,-0.8660254037844388,-15.694028325324611,8.838461538461539,24.53248986378615
1911-08-01,-0.8660254037844385,-0.5000000000000004,-15.247117921366854,8.407692307692308,23.654810229059162
1911-09-01,-1.0,-1.8369701987210292e-16,-14.91832037112761,7.884615384615386,22.802935755742997
1911-10-01,-0.8660254037844386,0.5000000000000001,-14.5072085322496,7.4692307692307685,21.97643930148037
1911-11-01,-0.5000000000000004,0.8660254037844384,-15.259493957132841,5.915384615384616,21.174878572517457
1911-12-01,-2.4492935982947064e-16,1.0,-15.113182721678871,5.2846153846153845,20.397798106294257
1912-01-01,0.4999999999999999,0.8660254037844387,-14.26780806064296,5.3769230769230765,19.644731137566037
1912-02-01,0.8660254037844386,0.5000000000000001,-13.95366289042518,4.961538461538462,18.915201351963642
1912-03-01,1.0,6.123233995736766e-17,-12.539493761722813,5.6692307692307695,18.20872453095358
1912-04-01,0.8660254037844387,-0.4999999999999998,-11.786348553726897,5.738461538461538,17.524810092188435
1912-05-01,0.4999999999999999,-0.8660254037844387,-11.324500990788996,5.538461538461538,16.862962529250535
1912-06-01,1.2246467991473532e-16,-1.0,-10.407298139400865,5.815384615384615,16.22268275478548
1912-07-01,-0.4999999999999997,-0.8660254037844388,-9.780392427923026,5.823076923076924,15.60346935099995
1912-08-01,-0.8660254037844385,-0.5000000000000004,-8.843281269925331,6.161538461538462,15.004819731463794
1912-09-01,-1.0,-1.8369701987210292e-16,-8.20315429503163,6.223076923076923,14.426231218108553
1912-10-01,-0.8660254037844386,0.5000000000000001,-8.151817421870955,5.7153846153846155,13.86720203725557
1912-11-01,-0.5000000000000004,0.8660254037844384,-8.196463007671584,5.13076923076923,13.327232238440814
1912-12-01,-2.4492935982947064e-16,1.0,-8.244286078187933,4.561538461538462,12.805824539726395
1913-01-01,0.4999999999999999,0.8660254037844387,-8.048638949260816,4.253846153846154,12.30248510310697
1913-02-01,0.8660254037844386,0.5000000000000001,-7.909031935838897,3.9076923076923076,11.816724243531205
1913-03-01,1.0,6.123233995736766e-17,-7.324980151887344,4.023076923076923,11.348057074964267
1913-04-01,0.8660254037844387,-0.4999999999999998,-7.696004096821132,3.2,10.896004096821132
1913-05-01,0.4999999999999999,-0.8660254037844387,-7.752399416307318,2.7076923076923074,10.460091723999625
1913-06-01,1.2246467991473532e-16,-1.0,-6.993698917485775,3.0461538461538464,10.03985276363962
1913-07-01,-0.4999999999999997,-0.8660254037844388,-2.1039541323622277,2.592307692307692,4.69626182466992
1913-08-01,-0.8660254037844385,-0.5000000000000004,-2.060832765088037,2.638461538461539,4.699294303549576
1913-09-01,-1.0,-1.8369701987210292e-16,-2.039024157930989,2.6769230769230767,4.715947234854066
1913-10-01,-0.8660254037844386,0.5000000000000001,0.07145076150333018,4.838461538461539,4.767010776958209
1913-11-01,-0.5000000000000004,0.8660254037844384,0.5020405458763388,5.384615384615385,4.882574838739046
1913-12-01,-2.4492935982947064e-16,1.0,1.7539454500369374,6.8538461538461535,5.099900703809216
1914-01-01,0.4999999999999999,0.8660254037844387,2.093095625610819,7.553846153846154,5.460750528235335
1914-02-01,0.8660254037844386,0.5000000000000001,2.3144335677588206,8.323076923076922,6.008643355318101
1914-03-01,1.0,6.123233995736766e-17,3.136766045174409,9.923076923076923,6.7863108779025145
1914-04-01,0.8660254037844387,-0.4999999999999998,2.9895737016441313,10.823076923076922,7.833503221432791
1914-05-01,0.4999999999999999,-0.8660254037844387,3.3378618931344803,12.523076923076921,9.18521502994244
1914-06-01,1.2246467991473532e-16,-1.0,4.429650049163532,15.299999999999999,10.870349950836466
1914-07-01,-0.4999999999999997,-0.8660254037844388,4.866114846552598,17.776923076923076,12.910808230370478
1914-08-01,-0.8660254037844385,-0.5000000000000004,7.509807497762219,22.83076923076923,15.320961733007012
1914-09-01,-1.0,-1.8369701987210292e-16,9.369453750136476,27.47692307692308,18.107469326786603
1914-10-01,-0.8660254037844386,0.5000000000000001,11.099850314119479,32.36923076923077,21.26938045511129
1914-11-01,-0.5000000000000004,0.8660254037844384,9.586141528655077,34.38461538461539,24.79847385596031
1914-12-01,-2.4492935982947064e-16,1.0,13.858681180424554,42.53846153846154,28.679780358036986
1915-01-01,0.4999999999999999,0.8660254037844387,17.36160371257872,50.25384615384615,32.89224244126743
1915-02-01,0.8660254037844386,0.5000000000000001,21.06745502975226,58.47692307692308,37.40946804717082
1915-03-01,1.0,6.123233995736766e-17,21.622535495940127,63.823076923076925,42.2005414271368
1915-04-01,0.8660254037844387,-0.4999999999999998,21.815294599666075,69.04615384615384,47.23085924648777
1915-05-01,0.4999999999999999,-0.8660254037844387,20.98318838568983,73.44615384615385,52.46296546046402
1915-06-01,1.2246467991473532e-16,-1.0,17.911867295284154,75.76923076923077,57.85736347394662
1915-07-01,-0.4999999999999997,-0.8660254037844388,15.334403623798579,78.70769230769231,63.37328868389373
1915-08-01,-0.8660254037844385,-0.5000000000000004,13.884417529932776,82.85384615384615,68.96942862391337
1915-09-01,-1.0,-1.8369701987210292e-16,11.42618767027568,86.03076923076924,74.60458156049356
1915-10-01,-0.8660254037844386,0.5000000000000001,10.023290930488102,90.26153846153846,80.23824753105036
1915-11-01,-0.5000000000000004,0.8660254037844384,8.66885151704652,94.5,85.83114848295348
1915-12-01,-2.4492935982947064e-16,1.0,7.6004774471284975,98.94615384615386,91.34567639902536
1916-01-01,0.4999999999999999,0.8660254037844387,0.24603757778388058,96.9923076923077,96.74627011452382
1916-02-01,0.8660254037844386,0.5000000000000001,-9.684338367411456,92.3153846153846,101.99972298279606
1916-03-01,1.0,6.123233995736766e-17,-17.90619390320471,89.16923076923075,107.07542467243546
1916-04-01,0.8660254037844387,-0.4999999999999998,-22.61477198754247,89.33076923076925,111.94554121831172
1916-05-01,0.4999999999999999,-0.8660254037844387,-25.685138041173005,90.89999999999999,116.585138041173
1916-06-01,1.2246467991473532e-16,-1.0,-28.733789493754287,92.23846153846155,120.97225103221584
1916-07-01,-0.4999999999999997,-0.8660254037844388,-27.695603311559722,97.3923076923077,125.08791100386742
1916-08-01,-0.8660254037844385,-0.5000000000000004,-28.108434559048433,100.8076923076923,128.91612686674074
1916-09-01,-1.0,-1.8369701987210292e-16,-26.589986679042994,105.85384615384615,132.44383283288914
1916-10-01,-0.8660254037844386,0.5000000000000001,-28.814650945367646,106.84615384615384,135.66080479152149
1916-11-01,-0.5000000000000004,0.8660254037844384,-26.298012315131913,112.26153846153845,138.55955077667036
1916-12-01,-2.4492935982947064e-16,1.0,-23.689026319322622,117.44615384615385,141.13518016547647
1917-01-01,0.4999999999999999,0.8660254037844387,-19.262179003578368,124.12307692307694,143.3852559266553
1917-02-01,0.8660254037844386,0.5000000000000001,-8.232710817880672,137.07692307692307,145.30963389480374
1917-03-01,1.0,6.123233995736766e-17,2.2435534651248474,149.15384615384616,146.9102926887213
1917-04-01,0.8660254037844387,-0.4999999999999998,4.439611700636618,152.63076923076923,148.1911575301326
1917-05-01,0.4999999999999999,-0.8660254037844387,9.334386831697117,158.49230769230766,149.15792086061055
1917-06-01,1.2246467991473532e-16,-1.0,16.828291541073384,166.64615384615382,149.81786230508044
1917-07-01,-0.4999999999999997,-0.8660254037844388,21.98186826688061,172.16153846153844,150.17967019465783
1917-08-01,-0.8660254037844385,-0.5000000000000004,20.692887302944342,170.94615384615386,150.25326654320952
1917-09-01,-1.0,-1.8369701987210292e-16,20.934978311211154,170.9846153846154,150.04963707340426
1917-10-01,-0.8660254037844386,0.5000000000000001,19.56548623536466,169.14615384615385,149.5806676107892
1917-11-01,-0.5000000000000004,0.8660254037844384,20.541012090462658,169.40000000000003,148.85898790953738
1917-12-01,-2.4492935982947064e-16,1.0,14.486791643273193,162.3846153846154,147.8978237413422
1918-01-01,0.4999999999999999,0.8660254037844387,14.758372899842414,161.46923076923076,146.71085786938835
1918-02-01,0.8660254037844386,0.5000000000000001,13.841745811892594,159.15384615384616,145.31210034195357
1918-03-01,1.0,6.123233995736766e-17,5.861154702696979,149.57692307692307,143.7157683742261
1918-04-01,0.8660254037844387,-0.4999999999999998,1.9561317509141531,143.8923076923077,141.93617594139354
1918-05-01,0.4999999999999999,-0.8660254037844387,5.343136150940012,145.33076923076922,139.9876330798292
1918-06-01,1.2246467991473532e-16,-1.0,2.661799061128079,140.54615384615383,137.88435478502575
1918-07-01,-0.4999999999999997,-0.8660254037844388,-5.5019177650334825,130.13846153846154,135.64037930349502
1918-08-01,-0.8660254037844385,-0.5000000000000004,-5.246418616733706,128.02307692307693,133.26949553981063
1918-09-01,-1.0,-1.8369701987210292e-16,-2.592871545667805,128.19230769230768,130.78517923797548
1918-10-01,-0.8660254037844386,0.5000000000000001,-2.6313067777791304,125.56923076923077,128.2005375470099
1918-11-01,-0.5000000000000004,0.8660254037844384,1.0255846110595996,126.55384615384615,125.52826154278655
1918-12-01,-2.4492935982947064e-16,1.0,8.188644518794106,130.96923076923076,122.78058625043666
1919-01-01,0.4999999999999999,0.8660254037844387,11.67689615321244,131.64615384615385,119.96925769294141
1919-02-01,0.8660254037844386,0.5000000000000001,9.586801211629918,126.6923076923077,117.10550648067778
1919-03-01,1.0,6.123233995736766e-17,6.453818701167208,120.65384615384616,114.20002745267895
1919-04-01,0.8660254037844387,-0.4999999999999998,5.913958194703426,117.17692307692307,111.26296488221965
1919-05-01,0.4999999999999999,-0.8660254037844387,3.349943387680682,111.65384615384616,108.30390276616548
1919-06-01,1.2246467991473532e-16,-1.0,0.09121719456186383,105.42307692307692,105.33185972851506
1919-07-01,-0.4999999999999997,-0.8660254037844388,2.0524042247118075,104.4076923076923,102.3552880829805
1919-08-01,-0.8660254037844385,-0.5000000000000004,5.76407722952419,105.14615384615384,99.38207661662965
1919-09-01,-1.0,-1.8369701987210292e-16,7.526597170197746,103.94615384615385,96.4195566759561
1919-10-01,-0.8660254037844386,0.5000000000000001,3.8408734576577217,97.31538461538463,93.47451115772691
1919-11-01,-0.5000000000000004,0.8660254037844384,4.385275509355424,94.93846153846152,90.5531860291061
1919-12-01,-2.4492935982947064e-16,1.0,0.9463882832249197,88.60769230769232,87.6613040244674
1920-01-01,0.4999999999999999,0.8660254037844387,-6.934849420396333,77.86923076923077,84.8040801896271
1920-02-01,0.8660254037844386,0.5000000000000001,-9.955469736878499,72.03076923076922,81.98623896764772
1920-03-01,1.0,6.123233995736766e-17,-11.381263312852425,67.83076923076922,79.21203254362165
1920-04-01,0.8660254037844387,-0.4999999999999998,-9.300644804108714,67.18461538461538,76.4852601887241
1920-05-01,0.4999999999999999,-0.8660254037844387,-9.909288366144168,63.89999999999999,73.80928836614416
1920-06-01,1.2246467991473532e-16,-1.0,-8.8332252292657,62.353846153846156,71.18707138311186
1920-07-01,-0.4999999999999997,-0.8660254037844388,-6.69040316325335,61.93076923076923,68.62117239402258
1920-08-01,-0.8660254037844385,-0.5000000000000004,-7.121476887215181,58.99230769230769,66.11378457952287
1920-09-01,-1.0,-1.8369701987210292e-16,-8.159060037606984,55.50769230769231,63.666752345299294
1920-10-01,-0.8660254037844386,0.5000000000000001,-10.612361632922848,50.66923076923077,61.28159240215362
1920-11-01,-0.5000000000000004,0.8660254037844384,-7.344129990341521,51.61538461538461,58.959514605726135
1920-12-01,-2.4492935982947064e-16,1.0,-5.024519373005774,51.676923076923075,56.70144244992885
1921-01-01,0.4999999999999999,0.8660254037844387,-2.438802353541007,52.06923076923077,54.50803312277178
1921-02-01,0.8660254037844386,0.5000000000000001,-0.9027739698946675,51.47692307692308,52.379697046817746
1921-03-01,1.0,6.123233995736766e-17,0.9833831609946486,51.300000000000004,50.316616839005356
1921-04-01,0.8660254037844387,-0.4999999999999998,0.6581574408630431,48.97692307692308,48.318765636060036
1921-05-01,0.4999999999999999,-0.8660254037844387,-1.4936170499017152,44.892307692307696,46.38592474220941
1921-06-01,1.2246467991473532e-16,-1.0,-0.5023159500756904,44.01538461538462,44.51770056546031
1921-07-01,-0.4999999999999997,-0.8660254037844388,-1.0135408173334426,41.7,42.713540817333445
1921-08-01,-0.8660254037844385,-0.5000000000000004,0.06571157973633746,41.03846153846154,40.9727499587252
1921-09-01,-1.0,-1.8369701987210292e-16,5.143957656937758,44.43846153846154,39.29450388152378
1921-10-01,-0.8660254037844386,0.5000000000000001,4.745213101278253,42.42307692307692,37.67786382179867
1921-11-01,-0.5000000000000004,0.8660254037844384,3.1782104941474074,39.3,36.12178950585259
1921-12-01,-2.4492935982947064e-16,1.0,2.5825407724665865,37.207692307692305,34.62515153522572
1922-01-01,0.4999999999999999,0.8660254037844387,1.1055646713888052,34.292307692307695,33.18674302091889
1922-02-01,0.8660254037844386,0.5000000000000001,-2.036059711469875,29.769230769230774,31.80529048070065
1922-03-01,1.0,6.123233995736766e-17,-3.0333101702805862,27.44615384615384,30.479464016434427
1922-04-01,0.8660254037844387,-0.4999999999999998,-3.2386560217090334,25.96923076923077,29.207886790939803
1922-05-01,0.4999999999999999,-0.8660254037844387,-3.4122207491173064,24.576923076923077,27.989143826040383
1922-06-01,1.2246467991473532e-16,-1.0,-2.2910209144102183,24.53076923076923,26.82179014517945
1922-07-01,-0.4999999999999997,-0.8660254037844388,-3.2043582853498407,22.5,25.70435828534984
1922-08-01,-0.8660254037844385,-0.5000000000000004,-3.458442127193724,21.176923076923078,24.635365204116802
1922-09-01,-1.0,-1.8369701987210292e-16,-5.390241685173152,18.223076923076924,23.613318608250076
1922-10-01,-0.8660254037844386,0.5000000000000001,-10.652107346337832,11.984615384615385,22.636722730953217
1922-11-01,-0.5000000000000004,0.8660254037844384,-10.71946820030075,10.984615384615385,21.704083584916134
1922-12-01,-2.4492935982947064e-16,1.0,-9.6831444876784,11.13076923076923,20.81391371844763
1923-01-01,0.4999999999999999,0.8660254037844387,-9.133967271024455,10.83076923076923,19.964736501793684
1923-02-01,0.8660254037844386,0.5000000000000001,-9.6704745858254,9.484615384615385,19.155089970440784
1923-03-01,1.0,6.123233995736766e-17,-8.037376405605166,10.346153846153847,18.383530251759012
1923-04-01,0.8660254037844387,-0.4999999999999998,-6.402480754628643,11.246153846153847,17.64863460078249
1923-05-01,0.4999999999999999,-0.8660254037844387,-5.218234839498724,11.73076923076923,16.949004070267954
1923-06-01,1.2246467991473532e-16,-1.0,-5.137111993283408,11.146153846153847,16.283265839437256
1923-07-01,-0.4999999999999997,-0.8660254037844388,6.332680925267693,8.976923076923077,2.644242151655384
1923-08-01,-0.8660254037844385,-0.5000000000000004,6.364848537119,9.053846153846154,2.6889976167271534
1923-09-01,-1.0,-1.8369701987210292e-16,6.259542794530914,9.092307692307692,2.8327648977767788
1923-10-01,-0.8660254037844386,0.5000000000000001,6.985666338003165,10.123076923076923,3.1374105850737575
1923-11-01,-0.5000000000000004,0.8660254037844384,8.3400256518363,12.0,3.6599743481637006
1923-12-01,-2.4492935982947064e-16,1.0,10.220292426451202,14.669230769230769,4.448938342779566
1924-01-01,0.4999999999999999,0.8660254037844387,11.557450570307857,17.099999999999998,5.542549429692141
1924-02-01,0.8660254037844386,0.5000000000000001,12.147057551276248,19.115384615384617,6.968327064108368
1924-03-01,1.0,6.123233995736766e-17,13.533630827976761,22.27692307692308,8.743292248946318
1924-04-01,0.8660254037844387,-0.4999999999999998,12.979209687987412,23.853846153846153,10.87463646585874
1924-05-01,0.4999999999999999,-0.8660254037844387,11.877812409000732,25.238461538461536,13.360649129460803
1924-06-01,1.2246467991473532e-16,-1.0,9.877448537375681,26.069230769230767,16.191782231855086
1924-07-01,-0.4999999999999997,-0.8660254037844388,7.063614914018849,26.415384615384617,19.351769701365768
1924-08-01,-0.8660254037844385,-0.5000000000000004,6.504331632323886,29.323076923076922,22.818745290753036
1924-09-01,-1.0,-1.8369701987210292e-16,4.4106019225066255,30.976923076923075,26.56632115441645
1924-10-01,-0.8660254037844386,0.5000000000000001,4.258474591040805,34.823076923076925,30.56460233203612
1924-11-01,-0.5000000000000004,0.8660254037844384,4.08041669933349,38.86153846153846,34.78112176220497
1924-12-01,-2.4492935982947064e-16,1.0,3.102928124221741,42.284615384615385,39.181687260393645
1925-01-01,0.4999999999999999,0.8660254037844387,0.4150170236269588,44.146153846153844,43.731136822526885
1925-02-01,0.8660254037844386,0.5000000000000001,-2.9863098460006867,45.407692307692315,48.394002153693
1925-03-01,1.0,6.123233995736766e-17,-2.4812366710992535,50.65384615384615,53.13508282494541
1925-04-01,0.8660254037844387,-0.4999999999999998,-1.6199351881617616,56.300000000000004,57.919935188161766
1925-05-01,0.4999999999999999,-0.8660254037844387,-2.184512090612664,60.53076923076923,62.715281321381894
1925-06-01,1.2246467991473532e-16,-1.0,2.8029637129362754,70.29230769230769,67.48934397937141
1925-07-01,-0.4999999999999997,-0.8660254037844388,5.172501488426249,77.38461538461539,72.21211389618914
1925-08-01,-0.8660254037844385,-0.5000000000000004,8.78290562600894,85.63846153846154,76.8555559124526
1925-09-01,-1.0,-1.8369701987210292e-16,9.29085503995077,90.6846153846154,81.39376034466463
1925-10-01,-0.8660254037844386,0.5000000000000001,7.512338787847241,93.31538461538463,85.80304582753739
1925-11-01,-0.5000000000000004,0.8660254037844384,7.40721118768316,97.46923076923078,90.06201958154762
1925-12-01,-2.4492935982947064e-16,1.0,7.24070697529956,101.39230769230768,94.15160071700812
1926-01-01,0.4999999999999999,0.8660254037844387,3.9603728094760555,102.01538461538462,98.05501180590856
1926-02-01,0.8660254037844386,0.5000000000000001,3.219179525493999,104.97692307692309,101.75774355142909
1926-03-01,1.0,6.123233995736766e-17,2.6601953317999403,107.90769230769232,105.24749697589237
1926-04-01,0.8660254037844387,-0.4999999999999998,0.8551236280689096,109.36923076923077,108.51410714116186
1926-05-01,0.4999999999999999,-0.8660254037844387,-3.2956058647955047,108.25384615384615,111.54945201864166
1926-06-01,1.2246467991473532e-16,-1.0,-3.4165805137528196,110.93076923076924,114.34734974452206
1926-07-01,-0.4999999999999997,-0.8660254037844388,-8.157293287374586,108.74615384615385,116.90344713352843
1926-08-01,-0.8660254037844385,-0.5000000000000004,-7.745871214434544,111.46923076923076,119.2151019836653
1926-09-01,-1.0,-1.8369701987210292e-16,-9.835107540630588,111.44615384615386,121.28126138678445
1926-10-01,-0.8660254037844386,0.5000000000000001,-7.686953350557076,115.41538461538462,123.1023379659417
1926-11-01,-0.5000000000000004,0.8660254037844384,-4.057008767469696,120.62307692307692,124.68008569054662
1926-12-01,-2.4492935982947064e-16,1.0,-6.048245904655218,119.96923076923076,126.01747667388598
1927-01-01,0.4999999999999999,0.8660254037844387,-9.518580134027673,117.60000000000001,127.11858013402768
1927-02-01,0.8660254037844386,0.5000000000000001,-10.203829112827279,117.78461538461539,127.98844449744267
1927-03-01,1.0,6.123233995736766e-17,-9.971444982269745,118.66153846153846,128.6329834438082
1927-04-01,0.8660254037844387,-0.4999999999999998,-10.105020375310573,118.95384615384614,129.05886652915672
1927-05-01,0.4999999999999999,-0.8660254037844387,-10.873414881526571,118.4,129.27341488152658
1927-06-01,1.2246467991473532e-16,-1.0,-12.846040798776855,116.43846153846154,129.2845023372384
1927-07-01,-0.4999999999999997,-0.8660254037844388,-12.138923814018753,116.96153846153847,129.10046227555722
1927-08-01,-0.8660254037844385,-0.5000000000000004,-12.81461569812727,115.91538461538461,128.73000031351188
1927-09-01,-1.0,-1.8369701987210292e-16,-13.243651401323675,114.93846153846154,128.1821129397852
1927-10-01,-0.8660254037844386,0.5000000000000001,-11.127550557191412,116.33846153846153,127.46601209565294
1927-11-01,-0.5000000000000004,0.8660254037844384,-12.36797872772857,114.22307692307692,126.59105565080549
1927-12-01,-2.4492935982947064e-16,1.0,-9.766683671447467,115.80000000000001,125.56668367144748
1928-01-01,0.4999999999999999,0.8660254037844387,-3.610052644023469,120.7923076923077,124.40236033633117
1928-02-01,0.8660254037844386,0.5000000000000001,1.3770940622164574,124.48461538461538,123.10752132239892
1928-03-01,1.0,6.123233995736766e-17,7.4084735453864425,129.1,121.69152645461355
1928-04-01,0.8660254037844387,-0.4999999999999998,8.028690298769519,128.19230769230768,120.16361739353816
1928-05-01,0.4999999999999999,-0.8660254037844387,8.020966035295203,126.55384615384615,118.53288011855095
1928-06-01,1.2246467991473532e-16,-1.0,8.684095738739757,125.49230769230768,116.80821195356792
1928-07-01,-0.4999999999999997,-0.8660254037844388,13.532476355586638,128.53076923076924,114.9982928751826
1928-08-01,-0.8660254037844385,-0.5000000000000004,12.765362237264938,125.87692307692306,113.11156083965813
1928-09-01,-1.0,-1.8369701987210292e-16,11.751501442974373,122.90769230769232,111.15619086471794
1928-10-01,-0.8660254037844386,0.5000000000000001,9.575307011261145,118.71538461538461,109.14007760412346
1928-11-01,-0.5000000000000004,0.8660254037844384,8.77533268895985,115.84615384615384,107.07082115719399
1928-12-01,-2.4492935982947064e-16,1.0,10.244284138650684,115.20000000000002,104.95571586134933
1929-01-01,0.4999999999999999,0.8660254037844387,9.682873561496876,112.48461538461538,102.8017418231185
1929-02-01,0.8660254037844386,0.5000000000000001,7.730594894582666,108.34615384615384,100.61555895157117
1929-03-01,1.0,6.123233995736766e-17,3.611881347845639,102.01538461538462,98.40350326753898
1929-04-01,0.8660254037844387,-0.4999999999999998,1.2668762663819564,97.43846153846154,96.17158527207958
1929-05-01,0.4999999999999999,-0.8660254037844387,6.03604829333193,99.96153846153847,93.92549016820654
1929-06-01,1.2246467991473532e-16,-1.0,15.675574105363282,107.34615384615384,91.67057974079056
1929-07-01,-0.4999999999999997,-0.8660254037844388,18.741950443253728,108.15384615384616,89.41189571059243
1929-08-01,-0.8660254037844385,-0.5000000000000004,18.561220225899035,105.71538461538461,87.15416438948557
1929-09-01,-1.0,-1.8369701987210292e-16,17.25204367887831,102.15384615384616,84.90180247496785
1929-10-01,-0.8660254037844386,0.5000000000000001,17.948768474739893,100.6076923076923,82.65892383295241
1929-11-01,-0.5000000000000004,0.8660254037844384,18.13988364073346,98.56923076923077,80.42934712849731
1929-12-01,-2.4492935982947064e-16,1.0,16.583395825478178,94.80000000000001,78.21660417452183
1930-01-01,0.4999999999999999,0.8660254037844387,12.360666506003,88.38461538461539,76.02394887861239
1930-02-01,0.8660254037844386,0.5000000000000001,8.714864091522216,82.56923076923077,73.85436667770855
1930-03-01,1.0,6.123233995736766e-17,6.54326179409918,78.25384615384615,71.71058435974697
1930-04-01,0.8660254037844387,-0.4999999999999998,8.651073665946086,78.24615384615385,69.59508018020776
1930-05-01,0.4999999999999999,-0.8660254037844387,8.374521194673633,75.88461538461539,67.51009418994175
1930-06-01,1.2246467991473532e-16,-1.0,3.3423613013561493,68.8,65.45763869864385
1930-07-01,-0.4999999999999997,-0.8660254037844388,-6.601047267419283,56.83846153846154,63.43950880588082
1930-08-01,-0.8660254037844385,-0.5000000000000004,-7.464985246368926,53.99230769230769,61.457292938676616
1930-09-01,-1.0,-1.8369701987210292e-16,-8.058537187466001,51.45384615384616,59.51238334131216
1930-10-01,-0.8660254037844386,0.5000000000000001,-6.644448007676942,50.96153846153846,57.6059864692154
1930-11-01,-0.5000000000000004,0.8660254037844384,-6.5391332446135735,49.2,55.739133244613576
1930-12-01,-2.4492935982947064e-16,1.0,-7.474227598541006,46.43846153846154,53.912689137002545
1931-01-01,0.4999999999999999,0.8660254037844387,-7.150440959550075,44.97692307692308,52.12736403647315
1931-02-01,0.8660254037844386,0.5000000000000001,-6.552952661768181,43.830769230769235,50.383721892537416
1931-03-01,1.0,6.123233995736766e-17,-5.605267018408995,43.07692307692308,48.682190095332075
1931-04-01,0.8660254037844387,-0.4999999999999998,-6.7846070415011965,40.23846153846154,47.02306857996274
1931-05-01,0.4999999999999999,-0.8660254037844387,-7.16807709984154,38.23846153846154,45.40653863830308
1931-06-01,1.2246467991473532e-16,-1.0,-7.878825271954632,35.95384615384616,43.83267142580079
1931-07-01,-0.4999999999999997,-0.8660254037844388,-8.109128461471542,34.19230769230769,42.301436153779235
1931-08-01,-0.8660254037844385,-0.5000000000000004,-7.143477191150559,33.669230769230765,40.812707960381324
1931-09-01,-1.0,-1.8369701987210292e-16,-9.773967763388164,29.592307692307692,39.366275455695856
1931-10-01,-0.8660254037844386,0.5000000000000001,-10.784924861828582,27.176923076923078,37.96184793875166
1931-11-01,-0.5000000000000004,0.8660254037844384,-11.137523824443889,25.46153846153846,36.59906228598235
1931-12-01,-2.4492935982947064e-16,1.0,-10.115951050924664,25.161538461538463,35.27748951246313
1932-01-01,0.4999999999999999,0.8660254037844387,-9.56587177795549,24.430769230769233,33.99664100872472
1932-02-01,0.8660254037844386,0.5000000000000001,-9.686743688032767,23.069230769230767,32.755974457263534
1932-03-01,1.0,6.123233995736766e-17,-9.639514818630339,21.915384615384614,31.554899434014953
1932-04-01,0.8660254037844387,-0.4999999999999998,-9.777398085659247,20.615384615384617,30.392782701043863
1932-05-01,0.4999999999999999,-0.8660254037844387,-8.8766455052433,20.39230769230769,29.26895319755099
1932-06-01,1.2246467991473532e-16,-1.0,-8.767322121620492,19.415384615384617,28.18270673700511
1932-07-01,-0.4999999999999997,-0.8660254037844388,-8.433310418802396,18.700000000000003,27.1333104188024
1932-08-01,-0.8660254037844385,-0.5000000000000004,-6.127699071026473,19.99230769230769,26.120006763334164
1932-09-01,-1.0,-1.8369701987210292e-16,-5.211248348956815,19.93076923076923,25.142017579726044
1932-10-01,-0.8660254037844386,0.5000000000000001,-5.337009114263001,18.861538461538462,24.198547575801463
1932-11-01,-0.5000000000000004,0.8660254037844384,-5.45801848926255,17.830769230769228,23.288787720031777
1932-12-01,-2.4492935982947064e-16,1.0,-6.196533749986919,16.215384615384615,22.411918365371534
1933-01-01,0.4999999999999999,0.8660254037844387,-7.828650606486237,13.738461538461538,21.567112144947775
1933-02-01,0.8660254037844386,0.5000000000000001,-8.21507511112373,12.538461538461538,20.753536649585268
1933-03-01,1.0,6.123233995736766e-17,-7.647279974033541,12.323076923076922,19.970356897110463
1933-04-01,0.8660254037844387,-0.4999999999999998,-7.016737603293009,12.2,19.21673760329301
1933-05-01,0.4999999999999999,-0.8660254037844387,-7.353383725698359,11.13846153846154,18.4918452641599
1933-06-01,1.2246467991473532e-16,-1.0,-7.679465443874632,10.115384615384615,17.794850059259247
1933-07-01,-0.4999999999999997,-0.8660254037844388,-7.994158354493857,9.13076923076923,17.124927585263087
1933-08-01,-0.8660254037844385,-0.5000000000000004,-7.927414275239661,8.553846153846154,16.481260429085815
1933-09-01,-1.0,-1.8369701987210292e-16,2.843971132700554,6.26923076923077,3.425259636530216
1933-10-01,-0.8660254037844386,0.5000000000000001,2.9880068574113854,6.423076923076923,3.435070065665538
1933-11-01,-0.5000000000000004,0.8660254037844384,5.0984191917854105,8.576923076923077,3.4785038851376666
1933-12-01,-2.4492935982947064e-16,1.0,5.43731313032098,9.03076923076923,3.593456100448251
1934-01-01,0.4999999999999999,0.8660254037844387,5.711703804270409,9.538461538461538,3.826757734191129
1934-02-01,0.8660254037844386,0.5000000000000001,6.0163857176826925,10.246153846153845,4.229768128471153
1934-03-01,1.0,6.123233995736766e-17,5.876199493245869,10.73076923076923,4.854569737523361
1934-04-01,0.8660254037844387,-0.4999999999999998,5.056808409621649,10.807692307692308,5.75088389807066
1934-05-01,0.4999999999999999,-0.8660254037844387,4.574759723048781,11.538461538461538,6.963701815412757
1934-06-01,1.2246467991473532e-16,-1.0,4.906889387116335,13.438461538461537,8.531572151345202
1934-07-01,-0.4999999999999997,-0.8660254037844388,5.314535014020086,15.799999999999999,10.485464985979913
1934-08-01,-0.8660254037844385,-0.5000000000000004,5.136489697434394,17.984615384615385,12.84812568718099
1934-09-01,-1.0,-1.8369701987210292e-16,4.320012218939176,19.95384615384615,15.633833934906974
1934-10-01,-0.8660254037844386,0.5000000000000001,2.1207418084654,20.96923076923077,18.84848896076537
1934-11-01,-0.5000000000000004,0.8660254037844384,0.5254347714357408,23.015384615384615,22.489949843948875
1934-12-01,-2.4492935982947064e-16,1.0,-0.20241438398091915,26.346153846153847,26.548568230134766
1935-01-01,0.4999999999999999,0.8660254037844387,-1.1770901675723984,29.83076923076923,31.00785939834163
1935-02-01,0.8660254037844386,0.5000000000000001,-3.329881167294481,32.51538461538462,35.8452657826791
1935-03-01,1.0,6.123233995736766e-17,-4.194513097566485,36.83846153846154,41.03297463602802
1935-04-01,0.8660254037844387,-0.4999999999999998,-3.3926045438175123,43.146153846153844,46.538758389971356
1935-05-01,0.4999999999999999,-0.8660254037844387,-1.6806585342494955,50.646153846153844,52.32681238040334
1935-06-01,1.2246467991473532e-16,-1.0,-0.9431853610416212,57.41538461538461,58.35856997642623
1935-07-01,-0.4999999999999997,-0.8660254037844388,-1.101172111515993,63.49230769230769,64.59347980382368
1935-08-01,-0.8660254037844385,-0.5000000000000004,-0.35896451100310856,70.63076923076923,70.98973374177234
1935-09-01,-1.0,-1.8369701987210292e-16,0.37967763563594303,77.88461538461539,77.50493774897944
1935-10-01,-0.8660254037844386,0.5000000000000001,0.4263565202059141,84.52307692307691,84.096720402871
1935-11-01,-0.5000000000000004,0.8660254037844384,-0.7771225264864512,89.94615384615385,90.7232763726403
1935-12-01,-2.4492935982947064e-16,1.0,-1.9130747209716503,95.43076923076924,97.3438439517409
1936-01-01,0.4999999999999999,0.8660254037844387,-7.642194225421804,96.27692307692308,103.91911730234489
1936-02-01,0.8660254037844386,0.5000000000000001,-7.326979879345629,103.08461538461538,110.411595263961
1936-03-01,1.0,6.123233995736766e-17,-7.816638727824028,108.96923076923076,116.78586949705479
1936-04-01,0.8660254037844387,-0.4999999999999998,-8.031932334991055,114.97692307692309,123.00885541191414
1936-05-01,0.4999999999999999,-0.8660254037844387,-6.103815964410572,122.94615384615385,129.04996981056442
1936-06-01,1.2246467991473532e-16,-1.0,-4.350490247707683,130.53076923076924,134.88125947847692
1936-07-01,-0.4999999999999997,-0.8660254037844388,-0.8390235939210129,139.63846153846154,140.47748513238255
1936-08-01,-0.8660254037844385,-0.5000000000000004,2.237680967527666,148.05384615384617,145.8161651863185
1936-09-01,-1.0,-1.8369701987210292e-16,-1.6083529931027272,149.26923076923077,150.8775837623335
1936-10-01,-0.8660254037844386,0.5000000000000001,-2.237074956579164,153.40769230769232,155.64476726427148
1936-11-01,-0.5000000000000004,0.8660254037844384,-1.3418952076661412,158.76153846153846,160.1034336692046
1936-12-01,-2.4492935982947064e-16,1.0,4.22731228383023,168.46923076923076,164.24191848540053
1937-01-01,0.4999999999999999,0.8660254037844387,10.041226602276026,178.0923076923077,168.0510810900317
1937-02-01,0.8660254037844386,0.5000000000000001,17.51426663439534,189.03846153846155,171.5241949040662
1937-03-01,1.0,6.123233995736766e-17,16.143175405838008,190.79999999999998,174.65682459416198
1937-04-01,0.8660254037844387,-0.4999999999999998,19.62253755057901,197.06923076923078,177.44669321865177
1937-05-01,0.4999999999999999,-0.8660254037844387,15.306458037646053,195.2,179.89354196235394
1937-06-01,1.2246467991473532e-16,-1.0,9.785630547297728,191.78461538461536,181.99898483731764
1937-07-01,-0.4999999999999997,-0.8660254037844388,4.818254917462127,188.5846153846154,183.76636046715328
1937-08-01,-0.8660254037844385,-0.5000000000000004,1.6686479453194636,186.8692307692308,185.20058282391133
1937-09-01,-1.0,-1.8369701987210292e-16,-4.815684858176894,181.4923076923077,186.30799255048458
1937-10-01,-0.8660254037844386,0.5000000000000001,-3.396210279572472,183.7,187.09621027957246
1937-11-01,-0.5000000000000004,0.8660254037844384,-1.55860853784597,186.0153846153846,187.57399315323056
1937-12-01,-2.4492935982947064e-16,1.0,-4.181864786166983,183.56923076923078,187.75109555539777
1938-01-01,0.4999999999999999,0.8660254037844387,0.4310958755275749,188.06923076923078,187.6381348937032
1938-02-01,0.8660254037844386,0.5000000000000001,-2.9464631061729563,184.3,187.24646310617297
1938-03-01,1.0,6.123233995736766e-17,-8.457275192094102,178.1307692307692,186.5880444228633
1938-04-01,0.8660254037844387,-0.4999999999999998,-7.744570550678333,177.93076923076927,185.6753397814476
1938-05-01,0.4999999999999999,-0.8660254037844387,-6.944275101835672,177.57692307692307,184.52119817875874
1938-06-01,1.2246467991473532e-16,-1.0,-3.192601290381816,179.94615384615383,183.13875513653565
1938-07-01,-0.4999999999999997,-0.8660254037844388,-2.6721075991383714,178.86923076923074,181.5413383683691
1938-08-01,-0.8660254037844385,-0.5000000000000004,-3.565457578352948,176.1769230769231,179.74238065527604
1938-09-01,-1.0,-1.8369701987210292e-16,-8.56303217632319,169.19230769230768,177.75533986863087
1938-10-01,-0.8660254037844386,0.5000000000000001,-3.501318328194543,172.0923076923077,175.59362602050226
1938-11-01,-0.5000000000000004,0.8660254037844384,1.0448494434139093,174.3153846153846,173.2705351719707
1938-12-01,-2.4492935982947064e-16,1.0,0.13157924185594538,170.93076923076927,170.79918998891333
1939-01-01,0.4999999999999999,0.8660254037844387,2.7382825294941426,170.93076923076922,168.19248670127507
1939-02-01,0.8660254037844386,0.5000000000000001,-2.1707405029230813,163.2923076923077,165.46304819523078
1939-03-01,1.0,6.123233995736766e-17,0.27681705281449354,162.90000000000003,162.62318294718554
1939-04-01,0.8660254037844387,-0.4999999999999998,3.0305351218071905,162.7153846153846,159.68484949357742
1939-05-01,0.4999999999999999,-0.8660254037844387,2.0865277258430126,158.74615384615385,156.65962612031083
1939-06-01,1.2246467991473532e-16,-1.0,-5.074070065156434,148.48461538461538,153.55868544977182
1939-07-01,-0.4999999999999997,-0.8660254037844388,-7.338927447367098,143.05384615384617,150.39277360121326
1939-08-01,-0.8660254037844385,-0.5000000000000004,-6.795270524417731,140.37692307692308,147.1721936013408
1939-09-01,-1.0,-1.8369701987210292e-16,-2.768331187265062,141.13846153846154,143.9067927257266
1939-10-01,-0.8660254037844386,0.5000000000000001,0.017123465279325956,140.62307692307692,140.6059534577976
1939-11-01,-0.5000000000000004,0.8660254037844384,-3.6785877602091546,133.60000000000002,137.27858776020918
1939-12-01,-2.4492935982947064e-16,1.0,-4.756211286155661,129.17692307692306,133.93313436307872
1940-01-01,0.4999999999999999,0.8660254037844387,-5.692943399887554,124.88461538461539,130.57755878450294
1940-02-01,0.8660254037844386,0.5000000000000001,-1.3116635030528556,125.9076923076923,127.21935581074516
1940-03-01,1.0,6.123233995736766e-17,-2.9963234069631,120.86923076923078,123.86555417619388
1940-04-01,0.8660254037844387,-0.4999999999999998,-7.053492427234872,113.46923076923078,120.52272319646565
1940-05-01,0.4999999999999999,-0.8660254037844387,-7.535442660093921,109.66153846153846,117.19698112163238
1940-06-01,1.2246467991473532e-16,-1.0,-4.224774221124875,109.66923076923075,113.89400499035563
1940-07-01,-0.4999999999999997,-0.8660254037844388,-0.49596485646559074,110.12307692307694,110.61904177954253
1940-08-01,-0.8660254037844385,-0.5000000000000004,1.992310111346626,109.36923076923077,107.37692065788414
1940-09-01,-1.0,-1.8369701987210292e-16,3.535626142500533,107.70769230769231,104.17206616519178
1940-10-01,-0.8660254037844386,0.5000000000000001,0.2145647703632676,101.22307692307692,101.00851215271365
1940-11-01,-0.5000000000000004,0.8660254037844384,-0.6745317171439638,97.21538461538461,97.88991633252857
1940-12-01,-2.4492935982947064e-16,1.0,3.0881170110866236,97.9076923076923,94.81957529660568
1941-01-01,0.4999999999999999,0.8660254037844387,3.922637044930042,95.72307692307692,91.80043987814688
1941-02-01,0.8660254037844386,0.5000000000000001,5.9341000298751965,94.76923076923077,88.83513073935558
1941-03-01,1.0,6.123233995736766e-17,3.7586613038500616,89.6846153846154,85.92595408076534
1941-04-01,0.8660254037844387,-0.4999999999999998,4.025082622291535,87.1,83.07491737770846
1941-05-01,0.4999999999999999,-0.8660254037844387,4.700870325232501,84.98461538461538,80.28374505938288
1941-06-01,1.2246467991473532e-16,-1.0,4.261490560093023,81.81538461538463,77.55389405529161
1941-07-01,-0.4999999999999997,-0.8660254037844388,2.7518923958867276,77.63846153846154,74.88656914257481
1941-08-01,-0.8660254037844385,-0.5000000000000004,6.263415810217126,78.54615384615384,72.28273803593672
1941-09-01,-1.0,-1.8369701987210292e-16,10.04146921511142,79.78461538461539,69.74314616950397
1941-10-01,-0.8660254037844386,0.5000000000000001,14.339361180654194,81.60769230769232,67.26833112703812
1941-11-01,-0.5000000000000004,0.8660254037844384,15.764440239586463,80.62307692307692,64.85863668349046
1941-12-01,-2.4492935982947064e-16,1.0,15.793465880751164,78.3076923076923,62.51422642694114
1942-01-01,0.4999999999999999,0.8660254037844387,12.68797998754654,72.92307692307693,60.23509693553039
1942-02-01,0.8660254037844386,0.5000000000000001,8.925063357069057,66.94615384615385,58.02109048908479
1942-03-01,1.0,6.123233995736766e-17,5.581938854057192,61.45384615384616,55.871907299788965
1942-04-01,0.8660254037844387,-0.4999999999999998,1.6821135187543277,55.46923076923077,53.78711725047644
1942-05-01,0.4999999999999999,-0.8660254037844387,1.710751943991923,53.47692307692308,51.766171132931156
1942-06-01,1.2246467991473532e-16,-1.0,1.6377424641256582,51.44615384615385,49.80841138202819
1942-07-01,-0.4999999999999997,-0.8660254037844388,0.8023023107596785,48.71538461538462,47.91308230462494
1942-08-01,-0.8660254037844385,-0.5000000000000004,1.7591217336077918,47.838461538461544,46.07933980485375
1942-09-01,-1.0,-1.8369701987210292e-16,0.2860470824062631,44.5923076923077,44.306260609901436
1942-10-01,-0.8660254037844386,0.5000000000000001,-1.608235617879231,40.98461538461539,42.59285100249462
1942-11-01,-0.5000000000000004,0.8660254037844384,-5.922670452793774,35.01538461538461,40.938055068178386
1942-12-01,-2.4492935982947064e-16,1.0,-6.563839390165747,32.776923076923076,39.34076246708882
1943-01-01,0.4999999999999999,0.8660254037844387,-4.78443112591696,33.01538461538461,37.79981574130157
1943-02-01,0.8660254037844386,0.5000000000000001,-3.090940246931879,33.223076923076924,36.3140171700088
1943-03-01,1.0,6.123233995736766e-17,-2.966750570362443,31.915384615384617,34.88213518574706
1943-04-01,0.8660254037844387,-0.4999999999999998,-2.7952180580012467,30.707692307692305,33.50291036569355
1943-05-01,0.4999999999999999,-0.8660254037844387,-2.621214858832886,29.553846153846152,32.17506101267904
1943-06-01,1.2246467991473532e-16,-1.0,-2.874211417969203,28.02307692307692,30.897288341046124
1943-07-01,-0.4999999999999997,-0.8660254037844388,-4.068281282832846,25.6,29.668281282832847
1943-08-01,-0.8660254037844385,-0.5000000000000004,-4.417490160757321,24.06923076923077,28.486720929988092
1943-09-01,-1.0,-1.8369701987210292e-16,-5.5743615515236975,21.77692307692308,27.351284628446777
1943-10-01,-0.8660254037844386,0.5000000000000001,-7.968342047609408,18.292307692307695,26.260649739917103
1943-11-01,-0.5000000000000004,0.8660254037844384,-9.951958625632708,15.261538461538462,25.21349708717117
1943-12-01,-2.4492935982947064e-16,1.0,-10.131591021571579,14.076923076923075,24.208514098494653
1944-01-01,0.4999999999999999,0.8660254037844387,-9.490551512902789,13.753846153846153,23.24439766674894
1944-02-01,0.8660254037844386,0.5000000000000001,-8.112164430549287,14.207692307692307,22.319856738241594
1944-03-01,1.0,6.123233995736766e-17,10.808769582581627,13.546153846153844,2.7373842635722174
1944-04-01,0.8660254037844387,-0.4999999999999998,11.616892064214298,14.423076923076923,2.8061848588626255
1944-05-01,0.4999999999999999,-0.8660254037844387,11.764272670966239,14.799999999999999,3.03572732903376
1944-06-01,1.2246467991473532e-16,-1.0,13.604158978053581,17.138461538461538,3.5343025604079563
1944-07-01,-0.4999999999999997,-0.8660254037844388,12.68764350657288,17.092307692307692,4.404664185734812
1944-08-01,-0.8660254037844385,-0.5000000000000004,12.517751880153584,18.25384615384615,5.736094273692567
1944-09-01,-1.0,-1.8369701987210292e-16,13.353436687669832,20.95384615384615,7.600409466176318
1944-10-01,-0.8660254037844386,0.5000000000000001,13.603479137914526,23.653846153846153,10.050367015931627
1944-11-01,-0.5000000000000004,0.8660254037844384,14.426556496355087,27.54615384615385,13.119597349798763
1944-12-01,-2.4492935982947064e-16,1.0,15.03802759900146,31.861538461538462,16.823510862537002
1945-01-01,0.4999999999999999,0.8660254037844387,15.531498464826921,36.69230769230769,21.160809227480772
1945-02-01,0.8660254037844386,0.5000000000000001,13.238499973220677,39.353846153846156,26.11534618062548
1945-03-01,1.0,6.123233995736766e-17,10.018763632226733,41.676923076923075,31.65815944469634
1945-04-01,0.8660254037844387,-0.4999999999999998,10.911989528560959,48.66153846153846,37.749548932977504
1945-05-01,0.4999999999999999,-0.8660254037844387,8.051193027591324,52.392307692307696,44.34111466471637
1945-06-01,1.2246467991473532e-16,-1.0,3.1530735153041363,54.53076923076924,51.3776957154651
1945-07-01,-0.4999999999999997,-0.8660254037844388,-1.8145566546295555,56.98461538461538,58.79917203924494
1945-08-01,-0.8660254037844385,-0.5000000000000004,-0.8651830664494895,65.67692307692307,66.54210614337256
1945-09-01,-1.0,-1.8369701987210292e-16,-0.6719819901922222,73.86923076923077,74.54121275942299
1945-10-01,-0.8660254037844386,0.5000000000000001,-1.9229605174409699,80.8076923076923,82.73065282513328
1945-11-01,-0.5000000000000004,0.8660254037844384,-3.452846303400321,87.5923076923077,91.04515399570802
1945-12-01,-2.4492935982947064e-16,1.0,-6.3209640783099275,93.1,99.42096407830992
1946-01-01,0.4999999999999999,0.8660254037844387,-4.42741586938007,103.36923076923077,107.79664663861084
1946-02-01,0.8660254037844386,0.5000000000000001,-4.459883721748625,111.65384615384616,116.11372987559479
1946-03-01,1.0,6.123233995736766e-17,-3.8710670955109805,120.44615384615385,124.31722094166483
1946-04-01,0.8660254037844387,-0.4999999999999998,-3.2636906947700197,129.09230769230768,132.3559983870777
1946-05-01,0.4999999999999999,-0.8660254037844387,-4.029249323362336,136.15384615384616,140.1830954772085
1946-06-01,1.2246467991473532e-16,-1.0,-1.8866561134156825,145.86923076923077,147.75588688264645
1946-07-01,-0.4999999999999997,-0.8660254037844388,-0.09003691909674671,154.94615384615383,155.03619076525058
1946-08-01,-0.8660254037844385,-0.5000000000000004,1.3866254288526534,163.37692307692308,161.99029764807042
1946-09-01,-1.0,-1.8369701987210292e-16,-2.1350905641524776,166.45384615384617,168.58893671799865
1946-10-01,-0.8660254037844386,0.5000000000000001,-1.8610355632532105,172.94615384615386,174.80718940940707
1946-11-01,-0.5000000000000004,0.8660254037844384,4.544871481949002,185.16923076923075,180.62435928728175
1946-12-01,-2.4492935982947064e-16,1.0,6.106962816580449,192.13076923076926,186.0238064141888
1947-01-01,0.4999999999999999,0.8660254037844387,8.899554127088322,199.8923076923077,190.99275356521937
1947-02-01,0.8660254037844386,0.5000000000000001,10.039467599131626,205.56153846153848,195.52207086240685
1947-03-01,1.0,6.123233995736766e-17,10.663186124657415,210.26923076923077,199.60604464457336
1947-04-01,0.8660254037844387,-0.4999999999999998,12.742479707969125,215.9846153846154,203.24213567664628
1947-05-01,0.4999999999999999,-0.8660254037844387,10.384653477137107,216.8153846153846,206.4307311382475
1947-06-01,1.2246467991473532e-16,-1.0,4.455875013810896,213.6307692307692,209.1748942169583
1947-07-01,-0.4999999999999997,-0.8660254037844388,-1.6416530293251697,209.8384615384615,211.48011456778667
1947-08-01,-0.8660254037844385,-0.5000000000000004,-6.723293155812314,206.6307692307692,213.35406238658152
1947-09-01,-1.0,-1.8369701987210292e-16,-12.375579149408367,202.43076923076922,214.80634838017758
1947-10-01,-0.8660254037844386,0.5000000000000001,-6.902137651871612,208.94615384615386,215.84829149802547
1947-11-01,-0.5000000000000004,0.8660254037844384,-4.908080532044238,211.58461538461538,216.4926959166596
1947-12-01,-2.4492935982947064e-16,1.0,-8.822869206189438,207.93076923076927,216.7536384369587
1948-01-01,0.4999999999999999,0.8660254037844387,-11.077036392770594,205.56923076923078,216.64626716200138
1948-02-01,0.8660254037844386,0.5000000000000001,-10.601996682920486,205.58461538461538,216.18661206753586
1948-03-01,1.0,6.123233995736766e-17,-14.768330931723057,200.62307692307692,215.39140785479998
1948-04-01,0.8660254037844387,-0.4999999999999998,-17.27023697611793,197.00769230769234,214.27792928381027
1948-05-01,0.4999999999999999,-0.8660254037844387,-23.248454406139302,189.6153846153846,212.86383902152392
1948-06-01,1.2246467991473532e-16,-1.0,-20.47474020851695,190.69230769230768,211.16704790082463
1948-07-01,-0.4999999999999997,-0.8660254037844388,-18.228664293646943,190.9769230769231,209.20558737057004
1948-08-01,-0.8660254037844385,-0.5000000000000004,-7.989801513900062,199.00769230769234,206.9974938215924
1948-09-01,-1.0,-1.8369701987210292e-16,2.216218680582756,206.7769230769231,204.56070439634036
1948-10-01,-0.8660254037844386,0.5000000000000001,10.540882325121203,212.45384615384617,201.91296382872497
1948-11-01,-0.5000000000000004,0.8660254037844384,4.297488955459727,203.3692307692308,199.07174181377107
1948-12-01,-2.4492935982947064e-16,1.0,1.6227627048043018,197.67692307692306,196.05416037211876
1949-01-01,0.4999999999999999,0.8660254037844387,0.24614627240774212,193.12307692307692,192.87693065066918
1949-02-01,0.8660254037844386,0.5000000000000001,1.5590860291425486,191.1153846153846,189.55629858624206
1949-03-01,1.0,6.123233995736766e-17,3.6304626857577205,189.73846153846154,186.10799885270382
1949-04-01,0.8660254037844387,-0.4999999999999998,5.914321949122893,188.46153846153845,182.54721651241556
1949-05-01,0.4999999999999999,-0.8660254037844387,10.365290354864413,189.25384615384613,178.8885557989817
1949-06-01,1.2246467991473532e-16,-1.0,16.49244606928545,191.63846153846154,175.1460154691761
1949-07-01,-0.4999999999999997,-0.8660254037844388,16.35164520788115,187.6846153846154,171.33297017673425
1949-08-01,-0.8660254037844385,-0.5000000000000004,17.583996507486603,185.04615384615383,167.46215733866723
1949-09-01,-1.0,-1.8369701987210292e-16,13.608177168647984,177.15384615384616,163.54566898519818
1949-10-01,-0.8660254037844386,0.5000000000000001,12.758898047075206,172.35384615384615,159.59494810677094
1949-11-01,-0.5000000000000004,0.8660254037844384,12.302287887773588,167.92307692307693,155.62078903530335
1949-12-01,-2.4492935982947064e-16,1.0,13.820504732319591,165.45384615384617,151.63334142152658
1950-01-01,0.4999999999999999,0.8660254037844387,14.465574912227368,162.1076923076923,147.64211739546494
1950-02-01,0.8660254037844386,0.5000000000000001,14.013229246670875,157.66923076923078,143.6560015225599
1950-03-01,1.0,6.123233995736766e-17,10.09365988359474,149.77692307692308,139.68326319332834
1950-04-01,0.8660254037844387,-0.4999999999999998,4.906890428911424,140.63846153846154,135.73157110955012
1950-05-01,0.4999999999999999,-0.8660254037844387,0.4766058300117777,132.2846153846154,131.80800955460361
1950-06-01,1.2246467991473532e-16,-1.0,-5.365250005699551,122.55384615384615,127.9190961595457
1950-07-01,-0.4999999999999997,-0.8660254037844388,-7.793877822827383,116.27692307692308,124.07080089975047
1950-08-01,-0.8660254037844385,-0.5000000000000004,-8.537796848489634,111.73076923076923,120.26856607925886
1950-09-01,-1.0,-1.8369701987210292e-16,-9.017327081392821,107.5,116.51732708139282
1950-10-01,-0.8660254037844386,0.5000000000000001,-7.144610607657938,105.67692307692307,112.82153368458101
1950-11-01,-0.5000000000000004,0.8660254037844384,-4.039017915542942,105.14615384615385,109.1851717616968
1950-12-01,-2.4492935982947064e-16,1.0,-1.0887082764279654,104.52307692307691,105.61178519950488
1951-01-01,0.4999999999999999,0.8660254037844387,0.0262713387371889,102.13076923076923,102.10449789203204
1951-02-01,0.8660254037844386,0.5000000000000001,0.20319509139967806,98.86923076923077,98.66603567783109
1951-03-01,1.0,6.123233995736766e-17,3.347405739951739,98.64615384615385,95.29874810620211
1951-04-01,0.8660254037844387,-0.4999999999999998,6.6876777608145375,98.6923076923077,92.00462993149316
1951-05-01,0.4999999999999999,-0.8660254037844387,8.922350060044252,97.70769230769231,88.78534224764806
1951-06-01,1.2246467991473532e-16,-1.0,11.088536043533765,96.73076923076923,85.64223318723546
1951-07-01,-0.4999999999999997,-0.8660254037844388,12.708257264301821,95.28461538461536,82.57635812031354
1951-08-01,-0.8660254037844385,-0.5000000000000004,11.6499622397627,91.23846153846154,79.58849929869884
1951-09-01,-1.0,-1.8369701987210292e-16,10.459276637904324,87.13846153846154,76.67918490055722
1951-10-01,-0.8660254037844386,0.5000000000000001,10.397446407395293,84.24615384615385,73.84870743875855
1951-11-01,-0.5000000000000004,0.8660254037844384,5.6028584958177845,76.69999999999999,71.0971415041822
1951-12-01,-2.4492935982947064e-16,1.0,0.4525622547548238,68.87692307692308,68.42436082216825
1952-01-01,0.4999999999999999,0.8660254037844387,-3.5915930681629007,62.23846153846154,65.83005460662444
1952-02-01,0.8660254037844386,0.5000000000000001,-1.7983585865798162,61.51538461538462,63.313743201964435
1952-03-01,1.0,6.123233995736766e-17,-2.9055622388788223,57.96923076923077,60.87479300810959
1952-04-01,0.8660254037844387,-0.4999999999999998,-6.966276842126028,51.54615384615385,58.51243068827988
1952-05-01,0.4999999999999999,-0.8660254037844387,-7.871910509417816,48.353846153846156,56.22575666326397
1952-06-01,1.2246467991473532e-16,-1.0,-7.606065591646477,46.407692307692315,54.01375789933879
1952-07-01,-0.4999999999999997,-0.8660254037844388,-7.552243076959336,44.32307692307692,51.875320000036254
1952-08-01,-0.8660254037844385,-0.5000000000000004,-9.48616169149529,40.32307692307692,49.80923861457221
1952-09-01,-1.0,-1.8369701987210292e-16,-8.852691716447424,38.96153846153846,47.814230177985884
1952-10-01,-0.8660254037844386,0.5000000000000001,-6.304326615311112,39.58461538461539,45.8889419999265
1952-11-01,-0.5000000000000004,0.8660254037844384,-6.247346335978975,37.784615384615385,44.03196172059436
1952-12-01,-2.4492935982947064e-16,1.0,-4.6187492305476,37.62307692307692,42.24182615362452
1953-01-01,0.4999999999999999,0.8660254037844387,-5.917029536723639,34.599999999999994,40.51702953672363
1953-02-01,0.8660254037844386,0.5000000000000001,-5.986800442423821,32.86923076923077,38.85603121165459
1953-03-01,1.0,6.123233995736766e-17,-8.218801217275683,29.03846153846154,37.25726275573722
1953-04-01,0.8660254037844387,-0.4999999999999998,-8.842211510494774,26.87692307692308,35.719134587417855
1953-05-01,0.4999999999999999,-0.8660254037844387,-9.801580530211162,24.43846153846154,34.2400420686727
1953-06-01,1.2246467991473532e-16,-1.0,-10.526063434769704,22.292307692307695,32.8183711270774
1953-07-01,-0.4999999999999997,-0.8660254037844388,-12.890964958766048,18.56153846153846,31.45250342030451
1953-08-01,-0.8660254037844385,-0.5000000000000004,-14.433128757936263,15.707692307692309,30.14082106562857
1953-09-01,-1.0,-1.8369701987210292e-16,-12.41248018750224,16.46923076923077,28.88171095673301
1953-10-01,-0.8660254037844386,0.5000000000000001,-12.127414843586491,15.546153846153848,27.67356868974034
1953-11-01,-0.5000000000000004,0.8660254037844384,-13.922494427633968,12.592307692307692,26.51480211994166
1953-12-01,-2.4492935982947064e-16,1.0,-14.188449954805497,11.215384615384616,25.403834570190114
1954-01-01,0.4999999999999999,0.8660254037844387,-14.98526155751528,9.353846153846153,24.339107711361432
1954-02-01,0.8660254037844386,0.5000000000000001,-13.972930288524154,9.346153846153847,23.319084134678
1954-03-01,1.0,6.123233995736766e-17,-15.403788096591562,6.938461538461539,22.3422496350531
1954-04-01,0.8660254037844387,-0.4999999999999998,2.8570084040212804,5.592307692307693,2.7352992882864124
1954-05-01,0.4999999999999999,-0.8660254037844387,2.896407878114263,5.676923076923076,2.7805151988088133
1954-06-01,1.2246467991473532e-16,-1.0,3.3959613210938406,6.353846153846154,2.9578848327523137
1954-07-01,-0.4999999999999997,-0.8660254037844388,5.235453901797519,8.623076923076923,3.3876230212794036
1954-08-01,-0.8660254037844385,-0.5000000000000004,6.691655632233261,10.892307692307693,4.2006520600744315
1954-09-01,-1.0,-1.8369701987210292e-16,5.867652478801442,11.392307692307693,5.524655213506251
1954-10-01,-0.8660254037844386,0.5000000000000001,3.964008337989611,11.43846153846154,7.474453200471929
1954-11-01,-0.5000000000000004,0.8660254037844384,4.261890156121204,14.407692307692306,10.145802151571102
1954-12-01,-2.4492935982947064e-16,1.0,4.180455972320853,17.792307692307695,13.611851719986841
1955-01-01,0.4999999999999999,0.8660254037844387,2.7783678772148512,20.700000000000003,17.92163212278515
1955-02-01,0.8660254037844386,0.5000000000000001,1.4999470164728343,24.599999999999998,23.100052983527164
1955-03-01,1.0,6.123233995736766e-17,-0.8413023446097903,28.307692307692307,29.148994652302097
1955-04-01,0.8660254037844387,-0.4999999999999998,-1.5337708532784546,34.51538461538461,36.049155468663066
1955-05-01,0.4999999999999999,-0.8660254037844387,-0.3393109752212027,43.42307692307692,43.76238789829812
1955-06-01,1.2246467991473532e-16,-1.0,-1.4727758771711095,50.76153846153846,52.23431433870957
1955-07-01,-0.4999999999999997,-0.8660254037844388,-3.4970612662726808,57.89999999999999,61.39706126627267
1955-08-01,-0.8660254037844385,-0.5000000000000004,-2.3335282041492746,68.83846153846153,71.1719897426108
1955-09-01,-1.0,-1.8369701987210292e-16,-2.0338708615916374,79.43846153846154,81.47233240005318
1955-10-01,-0.8660254037844386,0.5000000000000001,-1.27490377888941,90.93076923076923,92.20567300965864
1955-11-01,-0.5000000000000004,0.8660254037844384,1.2699282692648666,104.54615384615384,103.27622557688898
1955-12-01,-2.4492935982947064e-16,1.0,-0.5176556814562048,114.06923076923077,114.58688645068698
1956-01-01,0.4999999999999999,0.8660254037844387,-1.3948920468405532,124.64615384615384,126.04104589299439
1956-02-01,0.8660254037844386,0.5000000000000001,2.6404598306726257,140.18461538461537,137.54415555394274
1956-03-01,1.0,6.123233995736766e-17,5.594944142532114,154.6,149.00505585746788
1956-04-01,0.8660254037844387,-0.4999999999999998,6.50138867096166,166.83846153846156,160.3370728674999
1956-05-01,0.4999999999999999,-0.8660254037844387,10.918024925295327,182.37692307692308,171.45889815162775
1956-06-01,1.2246467991473532e-16,-1.0,11.28934758148921,193.5846153846154,182.2952678031262
1956-07-01,-0.4999999999999997,-0.8660254037844388,10.414849304131224,203.19230769230768,192.77745838817646
1956-08-01,-0.8660254037844385,-0.5000000000000004,6.5333047030758,209.37692307692308,202.84361837384728
1956-09-01,-1.0,-1.8369701987210292e-16,0.568738560365972,213.00769230769234,212.43895374732637
1956-10-01,-0.8660254037844386,0.5000000000000001,-2.3311708248461116,219.1846153846154,221.5157862094615
1956-11-01,-0.5000000000000004,0.8660254037844384,-4.979655486430943,225.05384615384617,230.0335016402771
1956-12-01,-2.4492935982947064e-16,1.0,-5.912251746054238,232.04615384615383,237.95840559220807
1957-01-01,0.4999999999999999,0.8660254037844387,-5.5250399119735505,239.73846153846156,245.26350145043511
1957-02-01,0.8660254037844386,0.5000000000000001,-9.035897982444823,242.8923076923077,251.92820567475252
1957-03-01,1.0,6.123233995736766e-17,-7.830320948352465,250.1076923076923,257.93801325604477
1957-04-01,0.8660254037844387,-0.4999999999999998,-4.407202146649695,258.8769230769231,263.2841252235728
1957-05-01,0.4999999999999999,-0.8660254037844387,-3.0322795275175736,264.9307692307692,267.9630487582868
1957-06-01,1.2246467991473532e-16,-1.0,-2.891563841356401,269.0846153846154,271.9761792259718
1957-07-01,-0.4999999999999997,-0.8660254037844388,-5.113987644072722,270.2153846153846,275.32937225945733
1957-08-01,-0.8660254037844385,-0.5000000000000004,-7.824820595787912,270.2076923076923,278.0325129034802
1957-09-01,-1.0,-1.8369701987210292e-16,-3.3144724123394553,276.7846153846154,280.09908779695485
1957-10-01,-0.8660254037844386,0.5000000000000001,-0.5457654099076308,281.0,281.54576540990763
1957-11-01,-0.5000000000000004,0.8660254037844384,-1.3766038626432078,281.0153846153846,282.3919884780278
1957-12-01,-2.4492935982947064e-16,1.0,-0.8826589095565396,281.7769230769231,282.6595819864796
1958-01-01,0.4999999999999999,0.8660254037844387,-1.6185331906527836,280.75384615384615,282.37237934449894
1958-02-01,0.8660254037844386,0.5000000000000001,0.6133620088340308,282.16923076923075,281.5558687603967
1958-03-01,1.0,6.123233995736766e-17,6.655446423245621,286.89230769230767,280.23686126906205
1958-04-01,0.8660254037844387,-0.4999999999999998,2.518357085051548,280.96153846153845,278.4431813764869
1958-05-01,0.4999999999999999,-0.8660254037844387,-6.303380863417146,269.9,276.2033808634171
1958-06-01,1.2246467991473532e-16,-1.0,-6.177245158753237,267.3692307692308,273.54647592798403
1958-07-01,-0.4999999999999997,-0.8660254037844388,-5.540169078499844,264.96153846153845,270.5017075400383
1958-08-01,-0.8660254037844385,-0.5000000000000004,-8.606016930569012,258.4923076923077,267.0983246228767
1958-09-01,-1.0,-1.8369701987210292e-16,-2.6115433124113565,260.75384615384615,263.3653894662575
1958-10-01,-0.8660254037844386,0.5000000000000001,-1.5546815264226552,257.7769230769231,259.33160460334574
1958-11-01,-0.5000000000000004,0.8660254037844384,0.136378212479201,255.16153846153844,255.02516024905924
1958-12-01,-2.4492935982947064e-16,1.0,3.9725525521385805,254.44615384615386,250.47360129401528
1959-01-01,0.4999999999999999,0.8660254037844387,6.357825688557483,252.06153846153845,245.70371277298096
1959-02-01,0.8660254037844386,0.5000000000000001,12.212423478052159,252.95384615384617,240.741422675794
1959-03-01,1.0,6.123233995736766e-17,11.349817522721594,246.96153846153845,235.61172093881686
1959-04-01,0.8660254037844387,-0.4999999999999998,6.822945018477924,237.16153846153844,230.33859344306052
1959-05-01,0.4999999999999999,-0.8660254037844387,5.9627224592667005,230.90769230769232,224.94496984842561
1959-06-01,1.2246467991473532e-16,-1.0,8.493469736606613,227.94615384615386,219.45268410954725
1959-07-01,-0.4999999999999997,-0.8660254037844388,9.563707300872665,223.44615384615386,213.8824465452812
1959-08-01,-0.8660254037844385,-0.5000000000000004,3.053865938761021,211.30769230769232,208.2538263689313
1959-09-01,-1.0,-1.8369701987210292e-16,4.2609102180202,206.84615384615384,202.58524362813364
1959-10-01,-0.8660254037844386,0.5000000000000001,3.0060304496704475,199.89999999999998,196.89396955032953
1959-11-01,-0.5000000000000004,0.8660254037844384,3.934634890151642,195.1307692307692,191.19613434061756
1959-12-01,-2.4492935982947064e-16,1.0,2.88556616000929,188.3923076923077,185.5067415322984
1960-01-01,0.4999999999999999,0.8660254037844387,3.4372350313316247,183.27692307692308,179.83968804559146
1960-02-01,0.8660254037844386,0.5000000000000001,7.384518526356487,181.5923076923077,174.20778916595123
1960-03-01,1.0,6.123233995736766e-17,5.084884598297151,173.7076923076923,168.62280770939515
1960-04-01,0.8660254037844387,-0.4999999999999998,3.819897917715906,166.91538461538462,163.09548669766872
1960-05-01,0.4999999999999999,-0.8660254037844387,6.910568925754802,164.54615384615383,157.63558492039903
1960-06-01,1.2246467991473532e-16,-1.0,8.109623647326515,160.36153846153846,152.25191481421194
1960-07-01,-0.4999999999999997,-0.8660254037844388,6.1014640140593315,153.05384615384617,146.95238213978683
1960-08-01,-0.8660254037844385,-0.5000000000000004,0.4021268594295009,142.14615384615385,141.74402698672435
1960-09-01,-1.0,-1.8369701987210292e-16,-0.2330656827279256,136.4,136.63306568272793
1960-10-01,-0.8660254037844386,0.5000000000000001,0.3366052337368046,131.96153846153845,131.62493322780165
1960-11-01,-0.5000000000000004,0.8660254037844384,-2.4858643774011853,124.23846153846154,126.72432591586272
1960-12-01,-2.4492935982947064e-16,1.0,-2.296782306838878,119.63846153846154,121.93524384530042
1961-01-01,0.4999999999999999,0.8660254037844387,-1.9841099796576174,115.27692307692308,117.2610330565807
1961-02-01,0.8660254037844386,0.5000000000000001,-4.596734761313471,108.1076923076923,112.70442706900577
1961-03-01,1.0,6.123233995736766e-17,-7.844510697156451,100.42307692307692,108.26758762023337
1961-04-01,0.8660254037844387,-0.4999999999999998,-13.25214444120266,90.70000000000002,103.95214444120268
1961-05-01,0.4999999999999999,-0.8660254037844387,-14.505387771931836,85.25384615384617,99.759233925778
1961-06-01,1.2246467991473532e-16,-1.0,-15.820305809563763,79.86923076923077,95.68953657879453
1961-07-01,-0.4999999999999997,-0.8660254037844388,-16.958697763760412,74.78461538461538,91.74331314837579
1961-08-01,-0.8660254037844385,-0.5000000000000004,-13.935823983874513,73.9846153846154,87.92043936848991
1961-09-01,-1.0,-1.8369701987210292e-16,-10.274285409681227,73.94615384615385,84.22043925583507
1961-10-01,-0.8660254037844386,0.5000000000000001,-7.411747690637355,73.23076923076923,80.64251692140658
1961-11-01,-0.5000000000000004,0.8660254037844384,-5.877894563917053,71.3076923076923,77.18558687160936
1961-12-01,-2.4492935982947064e-16,1.0,-3.517533555892655,70.33076923076922,73.84830278666188
1962-01-01,0.4999999999999999,0.8660254037844387,-6.306007852315204,64.32307692307691,70.62908477539212
1962-02-01,0.8660254037844386,0.5000000000000001,-8.418452807784874,59.107692307692304,67.52614511547718
1962-03-01,1.0,6.123233995736766e-17,-5.929820189127298,58.607692307692304,64.5375124968196
1962-04-01,0.8660254037844387,-0.4999999999999998,-5.668747100893455,55.99230769230769,61.661054793201146
1962-05-01,0.4999999999999999,-0.8660254037844387,-4.048346547543488,54.84615384615385,58.894500393697335
1962-06-01,1.2246467991473532e-16,-1.0,-2.4123812076033246,53.823076923076925,56.23545813068025
1962-07-01,-0.4999999999999997,-0.8660254037844388,-2.0275896918153933,51.65384615384615,53.68143584566155
1962-08-01,-0.8660254037844385,-0.5000000000000004,-1.1067807147530075,50.12307692307692,51.22985763782993
1962-09-01,-1.0,-1.8369701987210292e-16,-2.362695227602714,46.51538461538461,48.878079842987326
1962-10-01,-0.8660254037844386,0.5000000000000001,-1.8926365620015986,44.73076923076923,46.62340579277083
1962-11-01,-0.5000000000000004,0.8660254037844384,-0.1015609440898615,44.361538461538466,44.46309940562833
1962-12-01,-2.4492935982947064e-16,1.0,1.1440638764006508,43.53846153846154,42.39439766206089
1963-01-01,0.4999999999999999,0.8660254037844387,0.7470164443169764,41.16153846153846,40.414522017221486
1963-02-01,0.8660254037844386,0.5000000000000001,3.8793111958854,42.400000000000006,38.520688804114606
1963-03-01,1.0,6.123233995736766e-17,7.5129582426381845,44.223076923076924,36.71011868043874
1963-04-01,0.8660254037844387,-0.4999999999999998,7.504570213026497,42.48461538461538,34.980045171588884
1963-05-01,0.4999999999999999,-0.8660254037844387,7.433816099991937,40.76153846153846,33.32772236154652
1963-06-01,1.2246467991473532e-16,-1.0,7.688029756103145,39.43846153846154,31.750431782358394
1963-07-01,-0.4999999999999997,-0.8660254037844388,8.377588371390416,38.62307692307692,30.245488551686506
1963-08-01,-0.8660254037844385,-0.5000000000000004,9.551291655005642,38.36153846153846,28.810246806532817
1963-09-01,-1.0,-1.8369701987210292e-16,10.06558782796456,37.50769230769231,27.44210447972775
1963-10-01,-0.8660254037844386,0.5000000000000001,10.453800228151437,36.59230769230769,26.138507464156255
1963-11-01,-0.5000000000000004,0.8660254037844384,9.587662176618696,34.48461538461539,24.89695320799669
1963-12-01,-2.4492935982947064e-16,1.0,7.108083140585396,30.823076923076922,23.714993782491526
1964-01-01,0.4999999999999999,0.8660254037844387,4.66360769187526,27.253846153846155,22.590238461970895
1964-02-01,0.8660254037844386,0.5000000000000001,4.587336453660935,26.10769230769231,21.520355854031376
1964-03-01,1.0,6.123233995736766e-17,2.4892320763653437,22.992307692307694,20.50307561594235
1964-04-01,0.8660254037844387,-0.4999999999999998,-0.08234363768241693,19.453846153846158,19.536189791528574
1964-05-01,0.4999999999999999,-0.8660254037844387,-2.163707647123431,16.453846153846154,18.617553800969585
1964-06-01,1.2246467991473532e-16,-1.0,-2.183548652633588,15.561538461538463,17.74508711417205
1964-07-01,-0.4999999999999997,-0.8660254037844388,-1.062927482776356,15.853846153846153,16.91677363662251
1964-08-01,-0.8660254037844385,-0.5000000000000004,-0.41527721953258734,15.715384615384615,16.130661834917202
1964-09-01,-1.0,-1.8369701987210292e-16,-0.2694800121184482,15.115384615384615,15.384864627503063
1964-10-01,-0.8660254037844386,0.5000000000000001,8.267694381103311,14.046153846153846,5.778459465050534
1964-11-01,-0.5000000000000004,0.8660254037844384,9.774556060022487,15.707692307692309,5.933136247669821
1964-12-01,-2.4492935982947064e-16,1.0,10.084409255564548,16.4,6.3155907444354495
1965-01-01,0.4999999999999999,0.8660254037844387,9.695949822583804,16.692307692307693,6.996357869723889
1965-02-01,0.8660254037844386,0.5000000000000001,9.321977893037506,17.346153846153847,8.024175953116341
1965-03-01,1.0,6.123233995736766e-17,8.739412267525873,18.169230769230772,9.429818501704899
1965-04-01,0.8660254037844387,-0.4999999999999998,8.639989708438897,19.86923076923077,11.229241060791875
1965-05-01,0.4999999999999999,-0.8660254037844387,7.489147166289799,20.915384615384614,13.426237449094815
1965-06-01,1.2246467991473532e-16,-1.0,5.946831661787353,21.96153846153846,16.014706799751107
1965-07-01,-0.4999999999999997,-0.8660254037844388,4.380941287419521,23.361538461538462,18.98059717411894
1965-08-01,-0.8660254037844385,-0.5000000000000004,1.8195030069395202,24.123076923076926,22.303573916137406
1965-09-01,-1.0,-1.8369701987210292e-16,-0.6353737199355827,25.323076923076922,25.958450643012505
1965-10-01,-0.8660254037844386,0.5000000000000001,-0.6317986217685743,29.28461538461539,29.916414006383963
1965-11-01,-0.5000000000000004,0.8660254037844384,-0.7076069639132214,33.43846153846154,34.14606850237476
1965-12-01,-2.4492935982947064e-16,1.0,-2.6220162042938,35.9923076923077,38.6143238966015
1966-01-01,0.4999999999999999,0.8660254037844387,-2.9179140932455283,40.369230769230775,43.2871448624763
1966-02-01,0.8660254037844386,0.5000000000000001,-3.5071030590041445,44.62307692307692,48.13017998208107
1966-03-01,1.0,6.123233995736766e-17,-4.04005442241958,49.06923076923078,53.10928519165036
1966-04-01,0.8660254037844387,-0.4999999999999998,-4.760185749469706,53.43076923076923,58.190954980238935
1966-05-01,0.4999999999999999,-0.8660254037844387,-5.9195961877663805,57.42307692307692,63.3426731108433
1966-06-01,1.2246467991473532e-16,-1.0,-5.1870394396355195,63.34615384615385,68.53319328578937
1966-07-01,-0.4999999999999997,-0.8660254037844388,-0.20968206826674418,73.52307692307691,73.73275899134366
1966-08-01,-0.8660254037844385,-0.5000000000000004,1.7098062167258234,80.62307692307692,78.9132707063511
1966-09-01,-1.0,-1.8369701987210292e-16,6.036207657204287,90.08461538461538,84.04840772741109
1966-10-01,-0.8660254037844386,0.5000000000000001,5.740135120397028,94.85384615384615,89.11371103344912
1966-11-01,-0.5000000000000004,0.8660254037844384,4.88259789627412,98.96923076923076,94.08663287295664
1966-12-01,-2.4492935982947064e-16,1.0,2.422672672126083,101.36923076923078,98.9465580971047
1967-01-01,0.4999999999999999,0.8660254037844387,2.4482752506872316,106.12307692307694,103.6748016723897
1967-02-01,0.8660254037844386,0.5000000000000001,3.3761829510630577,111.63076923076923,108.25458627970617
1967-03-01,1.0,6.123233995736766e-17,1.7366888716863542,114.40769230769232,112.67100343600596
1967-04-01,0.8660254037844387,-0.4999999999999998,1.642884999746343,118.55384615384615,116.91096115409981
1967-05-01,0.4999999999999999,-0.8660254037844387,1.6214946041507687,122.58461538461538,120.9631207804646
1967-06-01,1.2246467991473532e-16,-1.0,5.30525160755478,130.12307692307692,124.81782531552214
1967-07-01,-0.4999999999999997,-0.8660254037844388,7.248363393748917,135.7153846153846,128.4670212216357
1967-08-01,-0.8660254037844385,-0.5000000000000004,3.926593773408257,135.83076923076922,131.90417545736096
1967-09-01,-1.0,-1.8369701987210292e-16,0.5450415302390184,135.66923076923078,135.12418923899176
1967-10-01,-0.8660254037844386,0.5000000000000001,-5.784848280752129,132.33846153846156,138.1233098192137
1967-11-01,-0.5000000000000004,0.8660254037844384,-2.2836567696791974,138.6153846153846,140.8990413850638
1967-12-01,-2.4492935982947064e-16,1.0,-2.2423637033101045,141.2076923076923,143.4500560110024
1968-01-01,0.4999999999999999,0.8660254037844387,-1.429951609431555,144.34615384615384,145.7761054555854
1968-02-01,0.8660254037844386,0.5000000000000001,-1.5856267677330607,146.2923076923077,147.87793446004076
1968-03-01,1.0,6.123233995736766e-17,-2.3725807076315846,147.3846153846154,149.75719609224697
1968-04-01,0.8660254037844387,-0.4999999999999998,-0.6625234247600815,150.75384615384615,151.41636957860624
1968-05-01,0.4999999999999999,-0.8660254037844387,-2.358680977677807,150.5,152.8586809776778
1968-06-01,1.2246467991473532e-16,-1.0,-1.9034115872689767,152.1846153846154,154.08802697188437
1968-07-01,-0.4999999999999997,-0.8660254037844388,-5.3242866013667935,149.7846153846154,155.1089019859822
1968-08-01,-0.8660254037844385,-0.5000000000000004,-6.295559551453522,149.63076923076923,155.92632878222275
1968-09-01,-1.0,-1.8369701987210292e-16,-4.315023400527707,152.23076923076923,156.54579263129693
1968-10-01,-0.8660254037844386,0.5000000000000001,-3.1577944989885793,153.8153846153846,156.97317911437318
1968-11-01,-0.5000000000000004,0.8660254037844384,0.823745964407351,158.03846153846155,157.2147155740542
1968-12-01,-2.4492935982947064e-16,1.0,-1.5384546617208343,155.73846153846154,157.27691620018237
1969-01-01,0.4999999999999999,0.8660254037844387,-2.8972999402567723,154.26923076923077,157.16653070948755
1969-02-01,0.8660254037844386,0.5000000000000001,-2.4212657863109825,154.4692307692308,156.89049655554177
1969-03-01,1.0,6.123233995736766e-17,-3.9482022791417535,152.5076923076923,156.45589458683406
1969-04-01,0.8660254037844387,-0.4999999999999998,-5.716061901716074,150.15384615384616,155.86990805556223
1969-05-01,0.4999999999999999,-0.8660254037844387,-6.532092559845125,148.6076923076923,155.13978486753743
1969-06-01,1.2246467991473532e-16,-1.0,-4.365110646351042,149.90769230769232,154.27280295404336
1969-07-01,-0.4999999999999997,-0.8660254037844388,-3.1839309469447983,150.0923076923077,153.2762386392525
1969-08-01,-0.8660254037844385,-0.5000000000000004,0.47343135919109613,152.63076923076923,152.15733787157814
1969-09-01,-1.0,-1.8369701987210292e-16,-0.20021326079586288,150.72307692307692,150.92329018387278
1969-10-01,-0.8660254037844386,0.5000000000000001,-1.7196667838827295,147.86153846153846,149.5812052454212
1969-11-01,-0.5000000000000004,0.8660254037844384,1.9849850550568533,150.12307692307692,148.13809186802007
1969-12-01,-2.4492935982947064e-16,1.0,2.0914683634191533,148.69230769230768,146.60083932888853
1970-01-01,0.4999999999999999,0.8660254037844387,4.42379912545465,149.4,144.97620087454536
1970-02-01,0.8660254037844386,0.5000000000000001,5.713836112635732,148.98461538461538,143.27077927197965
1970-03-01,1.0,6.123233995736766e-17,7.647447262178645,149.13846153846154,141.4910142762829
1970-04-01,0.8660254037844387,-0.4999999999999998,8.979905035773896,148.62307692307692,139.64317188730303
1970-05-01,0.4999999999999999,-0.8660254037844387,10.843587805218533,148.57692307692307,137.73333527170453
1970-06-01,1.2246467991473532e-16,-1.0,11.717218153619541,147.48461538461538,135.76739723099584
1970-07-01,-0.4999999999999997,-0.8660254037844388,13.01048436101479,146.76153846153846,133.75105410052367
1970-08-01,-0.8660254037844385,-0.5000000000000004,11.525583646308235,143.2153846153846,131.68980096907637
1970-09-01,-1.0,-1.8369701987210292e-16,6.326456501874787,135.9153846153846,129.5889281135098
1970-10-01,-0.8660254037844386,0.5000000000000001,5.069558375404995,132.52307692307693,127.45351854767193
1970-11-01,-0.5000000000000004,0.8660254037844384,1.573091871742676,126.86153846153846,125.28844658979578
1970-12-01,-2.4492935982947064e-16,1.0,-4.6829927420426,118.41538461538462,123.09837735742722
1971-01-01,0.4999999999999999,0.8660254037844387,-5.287767103813366,115.6,120.88776710381336
1971-02-01,0.8660254037844386,0.5000000000000001,-8.622402776012777,110.03846153846153,118.66086431447431
1971-03-01,1.0,6.123233995736766e-17,-11.02940379508324,105.39230769230768,116.42171148739092
1971-04-01,0.8660254037844387,-0.4999999999999998,-13.966455217150369,100.20769230769231,114.17414752484268
1971-05-01,0.4999999999999999,-0.8660254037844387,-14.260272207873058,97.66153846153846,111.92181066941151
1971-06-01,1.2246467991473532e-16,-1.0,-13.414295767161747,96.25384615384615,109.6681419210079
1971-07-01,-0.4999999999999997,-0.8660254037844388,-13.562542722128796,93.85384615384615,107.41638887597495
1971-08-01,-0.8660254037844385,-0.5000000000000004,-11.615763779521345,93.55384615384615,105.1696099333675
1971-09-01,-1.0,-1.8369701987210292e-16,-9.246063432770953,93.68461538461537,102.93067881738632
1971-10-01,-0.8660254037844386,0.5000000000000001,-6.7330585994362195,93.96923076923078,100.702289368667
1971-11-01,-0.5000000000000004,0.8660254037844384,-3.571575945290718,94.91538461538461,98.48696056067533
1971-12-01,-2.4492935982947064e-16,1.0,1.95141983761269,98.23846153846154,96.28704170084885
1972-01-01,0.4999999999999999,0.8660254037844387,7.026051451426596,101.13076923076923,94.10471777934264
1972-02-01,0.8660254037844386,0.5000000000000001,8.742600453320009,100.6846153846154,91.94201493129539
1972-03-01,1.0,6.123233995736766e-17,11.168424787810082,100.96923076923078,89.8008059814207
1972-04-01,0.8660254037844387,-0.4999999999999998,14.48641472676357,102.16923076923078,87.68281604246721
1972-05-01,0.4999999999999999,-0.8660254037844387,15.487294935259982,101.07692307692308,85.5896281416631
1972-06-01,1.2246467991473532e-16,-1.0,15.615772686770313,99.13846153846154,83.52268885169123
1972-07-01,-0.4999999999999997,-0.8660254037844388,13.44745532575267,94.93076923076924,81.48331390501657
1972-08-01,-0.8660254037844385,-0.5000000000000004,13.450383150551744,92.92307692307692,79.47269377252518
1972-09-01,-1.0,-1.8369701987210292e-16,10.823485425950366,88.31538461538463,77.49189918943426
1972-10-01,-0.8660254037844386,0.5000000000000001,10.335036463625002,85.87692307692308,75.54188661329808
1972-11-01,-0.5000000000000004,0.8660254037844384,9.999573322399954,83.62307692307692,73.62350360067697
1972-12-01,-2.4492935982947064e-16,1.0,7.439428986267572,79.17692307692307,71.7374940906555
1973-01-01,0.4999999999999999,0.8660254037844387,2.253957953560729,72.13846153846154,69.88450358490081
1973-02-01,0.8660254037844386,0.5000000000000001,-1.4420072922674194,66.62307692307692,68.06508421534434
1973-03-01,1.0,6.123233995736766e-17,-1.564315076477456,64.71538461538461,66.27969969186206
1973-04-01,0.8660254037844387,-0.4999999999999998,-3.428730123514967,61.099999999999994,64.52873012351496
1973-05-01,0.4999999999999999,-0.8660254037844387,-5.7586305541636165,57.05384615384615,62.81247670800977
1973-06-01,1.2246467991473532e-16,-1.0,-6.069627823506167,55.06153846153847,61.131166285044635
1973-07-01,-0.4999999999999997,-0.8660254037844388,-6.338801903974513,53.146153846153844,59.48495575012836
1973-08-01,-0.8660254037844385,-0.5000000000000004,-6.612397864764503,51.26153846153846,57.87393632630296
1973-09-01,-1.0,-1.8369701987210292e-16,-7.344291538124374,48.95384615384615,56.298137691970524
1973-10-01,-0.8660254037844386,0.5000000000000001,-6.411378117568077,48.34615384615385,54.757531963721924
1973-11-01,-0.5000000000000004,0.8660254037844384,-6.8674221490836445,46.38461538461539,53.25203753369903
1973-12-01,-2.4492935982947064e-16,1.0,-6.073830453900804,45.70769230769231,51.781522761593116
1974-01-01,0.4999999999999999,0.8660254037844387,-2.868886444973441,47.47692307692308,50.34580952189652
1974-02-01,0.8660254037844386,0.5000000000000001,-0.3369842997922632,48.607692307692304,48.94467660748457
1974-03-01,1.0,6.123233995736766e-17,2.614444701291305,50.192307692307686,47.57786299101638
1974-04-01,0.8660254037844387,-0.4999999999999998,2.6472367463020703,48.892307692307696,46.245070946005626
1974-05-01,0.4999999999999999,-0.8660254037844387,3.3463386625731886,48.29230769230769,44.9459690297345
1974-06-01,1.2246467991473532e-16,-1.0,4.250574300304116,47.93076923076923,43.68019493046511
1974-07-01,-0.4999999999999997,-0.8660254037844388,5.021872587585406,47.46923076923076,42.447358181645356
1974-08-01,-0.8660254037844385,-0.5000000000000004,4.476034177059788,45.723076923076924,41.24704274601714
1974-09-01,-1.0,-1.8369701987210292e-16,4.0750366811329926,44.15384615384615,40.07880947271316
1974-10-01,-0.8660254037844386,0.5000000000000001,3.4270323386535466,42.369230769230775,38.94219843057723
1974-11-01,-0.5000000000000004,0.8660254037844384,1.1171150327797221,38.95384615384615,37.83673112106643
1974-12-01,-2.4492935982947064e-16,1.0,-0.8542202664992331,35.90769230769231,36.76191257419154
1975-01-01,0.4999999999999999,0.8660254037844387,-0.6633871771826847,35.05384615384615,35.71723333102884
1975-02-01,0.8660254037844386,0.5000000000000001,-1.3714020856224778,33.330769230769235,34.70217131639171
1975-03-01,1.0,6.123233995736766e-17,-2.508501297596723,31.207692307692312,33.716193605289035
1975-04-01,0.8660254037844387,-0.4999999999999998,-4.904911932970645,27.853846153846153,32.7587580868168
1975-05-01,0.4999999999999999,-0.8660254037844387,-6.998545798367612,24.83076923076923,31.829315029136843
1975-06-01,1.2246467991473532e-16,-1.0,-7.965770087648867,22.96153846153846,30.927308549187327
1975-07-01,-0.4999999999999997,-0.8660254037844388,-8.452177990750645,21.6,30.052177990750646
1975-08-01,-0.8660254037844385,-0.5000000000000004,-9.211051522165704,19.99230769230769,29.203359214473394
1975-09-01,-1.0,-1.8369701987210292e-16,-7.249516572623062,21.13076923076923,28.38028580339229
1975-10-01,-0.8660254037844386,0.5000000000000001,-5.651620956702057,21.930769230769233,27.58239018747129
1975-11-01,-0.5000000000000004,0.8660254037844384,-4.070643152137254,22.738461538461536,26.80910469059879
1975-12-01,-2.4492935982947064e-16,1.0,-2.9521701957379243,23.107692307692307,26.05986250343023
1976-01-01,0.4999999999999999,0.8660254037844387,-3.2879447392399577,22.04615384615385,25.334098585393807
1976-02-01,0.8660254037844386,0.5000000000000001,-3.8389428067946163,20.792307692307688,24.631250499102304
1976-03-01,1.0,6.123233995736766e-17,-5.98152841110673,17.96923076923077,23.9507591803375
1976-04-01,0.8660254037844387,-0.4999999999999998,-4.599761954384874,18.69230769230769,23.292069646692564
1976-05-01,0.4999999999999999,-0.8660254037844387,-4.400785494027364,18.25384615384615,22.654631647873515
1976-06-01,1.2246467991473532e-16,-1.0,14.76081804109004,17.823076923076922,3.0622588819868817
1976-07-01,-0.4999999999999997,-0.8660254037844388,15.652589291093406,18.76153846153846,3.1089491704450554
1976-08-01,-0.8660254037844385,-0.5000000000000004,17.128657794298945,20.407692307692308,3.279034513393361
1976-09-01,-1.0,-1.8369701987210292e-16,17.244024446340248,20.915384615384614,3.6713601690443642
1976-10-01,-0.8660254037844386,0.5000000000000001,15.566102611326027,19.95384615384615,4.387743542520124
1976-11-01,-0.5000000000000004,0.8660254037844384,14.407438368347723,19.930769230769233,5.523330862421509
1976-12-01,-2.4492935982947064e-16,1.0,15.593231032860263,22.753846153846155,7.160615120985892
1977-01-01,0.4999999999999999,0.8660254037844387,14.364766460914225,23.73076923076923,9.366002769855005
1977-02-01,0.8660254037844386,0.5000000000000001,14.627190247698117,26.815384615384616,12.1881943676865
1977-03-01,1.0,6.123233995736766e-17,14.103682369974479,29.76153846153846,15.657856091563982
1977-04-01,0.8660254037844387,-0.4999999999999998,13.21180380106216,33.0,19.78819619893784
1977-05-01,0.4999999999999999,-0.8660254037844387,9.339227804894943,33.91538461538461,24.576156810489667
1977-06-01,1.2246467991473532e-16,-1.0,8.02676701692457,38.03076923076923,30.00400221384466
1977-07-01,-0.4999999999999997,-0.8660254037844388,5.94347689393895,41.98461538461538,36.04113849067643
1977-08-01,-0.8660254037844385,-0.5000000000000004,7.707805616856284,50.353846153846156,42.64604053698987
1977-09-01,-1.0,-1.8369701987210292e-16,6.362574596308306,56.130769230769225,49.76819463446092
1977-10-01,-0.8660254037844386,0.5000000000000001,8.642317886757844,65.99230769230769,57.349989805549846
1977-11-01,-0.5000000000000004,0.8660254037844384,8.209950735030233,73.53846153846153,65.3285108034313
1977-12-01,-2.4492935982947064e-16,1.0,8.17818370731844,81.8153846153846,73.63720090806616
1978-01-01,0.4999999999999999,0.8660254037844387,3.0541638547713887,85.26153846153845,82.20737460676706
1978-02-01,0.8660254037844386,0.5000000000000001,-1.723415574225669,89.24615384615385,90.96956942037951
1978-03-01,1.0,6.123233995736766e-17,1.1375745532706816,100.9923076923077,99.85473313903702
1978-04-01,0.8660254037844387,-0.4999999999999998,1.020136626426293,109.8153846153846,108.79524798895831
1978-05-01,0.4999999999999999,-0.8660254037844387,-2.033489421318606,115.6923076923077,117.7257971136263
1978-06-01,1.2246467991473532e-16,-1.0,-0.7148507325628373,125.86923076923077,126.5840815017936
1978-07-01,-0.4999999999999997,-0.8660254037844388,3.980910331561006,139.2923076923077,135.3113973607467
1978-08-01,-0.8660254037844385,-0.5000000000000004,4.746914897074447,148.6,143.85308510292555
1978-09-01,-1.0,-1.8369701987210292e-16,1.264215183670899,153.4230769230769,152.158861739406
1978-10-01,-0.8660254037844386,0.5000000000000001,-4.044587140175793,156.13846153846154,160.18304867863733
1978-11-01,-0.5000000000000004,0.8660254037844384,-7.969322198310039,159.91538461538462,167.88470681369466
1978-12-01,-2.4492935982947064e-16,1.0,-8.035382735306428,167.19230769230768,175.2276904276141
1979-01-01,0.4999999999999999,0.8660254037844387,-7.980630919857674,174.2,182.18063091985766
1979-02-01,0.8660254037844386,0.5000000000000001,-6.693783787337281,182.02307692307693,188.7168607104142
1979-03-01,1.0,6.123233995736766e-17,1.4010976617606445,196.21538461538464,194.814286953624
1979-04-01,0.8660254037844387,-0.4999999999999998,0.9832376136009771,201.43846153846155,200.45522392486058
1979-05-01,0.4999999999999999,-0.8660254037844387,2.150730921077951,207.77692307692308,205.62619215584513
1979-06-01,1.2246467991473532e-16,-1.0,6.0053853142844105,216.3230769230769,210.3176916087925
1979-07-01,-0.4999999999999997,-0.8660254037844388,5.814506127334653,220.33846153846156,214.5239554111269
1979-08-01,-0.8660254037844385,-0.5000000000000004,0.8265408367020086,219.06923076923078,218.24268993252878
1979-09-01,-1.0,-1.8369701987210292e-16,-3.636344744275249,217.8384615384615,221.47480628273675
1979-10-01,-0.8660254037844386,0.5000000000000001,-3.5472245704709735,220.6769230769231,224.22414764739406
1979-11-01,-0.5000000000000004,0.8660254037844384,2.718168351618573,229.2153846153846,226.49721626376603
1979-12-01,-2.4492935982947064e-16,1.0,3.4047890374858696,231.7076923076923,228.30290327020643
1980-01-01,0.4999999999999999,0.8660254037844387,0.6093143182030758,230.26153846153844,229.65222414333536
1980-02-01,0.8660254037844386,0.5000000000000001,-2.9119081183875153,227.64615384615385,230.55806196454137
1980-03-01,1.0,6.123233995736766e-17,-1.9887664852423086,229.04615384615383,231.03492033139614
1980-04-01,0.8660254037844387,-0.4999999999999998,-4.637148886536096,226.46153846153842,231.09868734807452
1980-05-01,0.4999999999999999,-0.8660254037844387,-8.466411789685566,222.29999999999998,230.76641178968555
1980-06-01,1.2246467991473532e-16,-1.0,-8.725323005302641,221.33076923076922,230.05609223607186
1980-07-01,-0.4999999999999997,-0.8660254037844388,-14.80955663154245,214.17692307692306,228.9864797084655
1980-08-01,-0.8660254037844385,-0.5000000000000004,-16.184586422354073,211.3923076923077,227.57689411466177
1980-09-01,-1.0,-1.8369701987210292e-16,-16.208593073874454,209.6384615384615,225.84705461233597
1980-10-01,-0.8660254037844386,0.5000000000000001,-10.593846909971518,213.22307692307692,223.81692383304843
1980-11-01,-0.5000000000000004,0.8660254037844384,-11.16810423025936,210.3384615384615,221.50656576872086
1980-12-01,-2.4492935982947064e-16,1.0,-18.066786236119242,200.8692307692308,218.93601700535004
1981-01-01,0.4999999999999999,0.8660254037844387,-16.594401662274095,199.53076923076924,216.12517089304333
1981-02-01,0.8660254037844386,0.5000000000000001,-9.747520318648952,203.34615384615384,213.0936741648028
1981-03-01,1.0,6.123233995736766e-17,-2.391604687479088,207.46923076923076,209.86083545670985
1981-04-01,0.8660254037844387,-0.4999999999999998,0.7621471704263456,207.2076923076923,206.44554513726595
1981-05-01,0.4999999999999999,-0.8660254037844387,0.7030249474468064,203.56923076923078,202.86620582178398
1981-06-01,1.2246467991473532e-16,-1.0,3.343942457426863,202.4846153846154,199.14067292718855
1981-07-01,-0.4999999999999997,-0.8660254037844388,-0.2708199964468463,195.01538461538465,195.2862046118315
1981-08-01,-0.8660254037844385,-0.5000000000000004,9.411348788232914,200.73076923076923,191.3194204425363
1981-09-01,-1.0,-1.8369701987210292e-16,15.874501094987039,203.13076923076926,187.25626813578222
1981-10-01,-0.8660254037844386,0.5000000000000001,17.99569457712596,201.1076923076923,183.11199773056634
1981-11-01,-0.5000000000000004,0.8660254037844384,14.052703587826613,192.95384615384617,178.90114256601956
1981-12-01,-2.4492935982947064e-16,1.0,15.931724312864134,190.56923076923078,174.63750645636665
1982-01-01,0.4999999999999999,0.8660254037844387,20.835074290718723,191.16923076923075,170.33415647851203
1982-02-01,0.8660254037844386,0.5000000000000001,21.82734841809983,187.83076923076925,166.00342081266942
1982-03-01,1.0,6.123233995736766e-17,20.39695505043241,182.05384615384617,161.65689110341376
1982-04-01,0.8660254037844387,-0.4999999999999998,16.209955778620554,173.5153846153846,157.30542883676404
1982-05-01,0.4999999999999999,-0.8660254037844387,13.733132434376046,166.69230769230768,152.95917525793163
1982-06-01,1.2246467991473532e-16,-1.0,16.757051000833712,165.3846153846154,148.62756438378167
1982-07-01,-0.4999999999999997,-0.8660254037844388,14.919122844954416,159.23846153846154,144.31933869350712
1982-08-01,-0.8660254037844385,-0.5000000000000004,13.29589442825224,153.33846153846156,140.04256711020932
1982-09-01,-1.0,-1.8369701987210292e-16,6.595335085222217,142.4,135.8046649147778
1982-10-01,-0.8660254037844386,0.5000000000000001,2.2106616616267445,133.82307692307694,131.6124152614502
1982-11-01,-0.5000000000000004,0.8660254037844384,3.443392623820614,130.9153846153846,127.47199199156398
1982-12-01,-2.4492935982947064e-16,1.0,8.46486268570709,131.85384615384615,123.38898346813906
1983-01-01,0.4999999999999999,0.8660254037844387,8.270044359495316,127.63846153846156,119.36841717896624
1983-02-01,0.8660254037844386,0.5000000000000001,8.885215120256703,124.30000000000001,115.41478487974331
1983-03-01,1.0,6.123233995736766e-17,5.691008851633313,117.22307692307693,111.53206807144362
1983-04-01,0.8660254037844387,-0.4999999999999998,2.1993132955781363,109.92307692307692,107.72376362749878
1983-05-01,0.4999999999999999,-0.8660254037844387,-0.8852170988089227,103.1076923076923,103.99290940650123
1983-06-01,1.2246467991473532e-16,-1.0,-3.5344173973055604,96.8076923076923,100.34210970499787
1983-07-01,-0.4999999999999997,-0.8660254037844388,-7.212021961008787,89.56153846153846,96.77356042254725
1983-08-01,-0.8660254037844385,-0.5000000000000004,-4.135227673743927,89.15384615384616,93.28907382759009
1983-09-01,-1.0,-1.8369701987210292e-16,2.6175894798434456,92.5076923076923,89.89010282784885
1983-10-01,-0.8660254037844386,0.5000000000000001,6.0606968754837425,92.63846153846154,86.5777646629778
1983-11-01,-0.5000000000000004,0.8660254037844384,8.308674511478074,91.66153846153847,83.3528639500604
1983-12-01,-2.4492935982947064e-16,1.0,6.261008052571071,86.47692307692309,80.21591502435201
1984-01-01,0.4999999999999999,0.8660254037844387,3.478990317721909,80.64615384615385,77.16716352843194
1984-02-01,0.8660254037844386,0.5000000000000001,0.7549312488180107,74.96153846153847,74.20660721272046
1984-03-01,1.0,6.123233995736766e-17,-2.0186313037931427,69.31538461538462,71.33401591917776
1984-04-01,0.8660254037844387,-0.4999999999999998,-3.6412584202956992,64.9076923076923,68.548950727988
1984-05-01,0.4999999999999999,-0.8660254037844387,-4.481551484971405,61.36923076923077,65.85078225420217
1984-06-01,1.2246467991473532e-16,-1.0,-3.7387080877052554,59.5,63.238708087705255
1984-07-01,-0.4999999999999997,-0.8660254037844388,-3.350230914018624,57.361538461538466,60.71176937555709
1984-08-01,-0.8660254037844385,-0.5000000000000004,-5.0688665507658826,53.2,58.268866550765885
1984-09-01,-1.0,-1.8369701987210292e-16,-9.885697292868457,46.02307692307693,55.908774215945385
1984-10-01,-0.8660254037844386,0.5000000000000001,-15.014770578746763,38.61538461538461,53.630155194131376
1984-11-01,-0.5000000000000004,0.8660254037844384,-17.277727608476766,34.15384615384615,51.43157376232292
1984-12-01,-2.4492935982947064e-16,1.0,-20.434585009205396,28.876923076923074,49.31150808612847
1985-01-01,0.4999999999999999,0.8660254037844387,-20.329900337803068,26.93846153846154,47.268361876264606
1985-02-01,0.8660254037844386,0.5000000000000001,-21.869706058850376,23.43076923076923,45.300475289619605
1985-03-01,1.0,6.123233995736766e-17,-22.33690432996403,21.069230769230767,43.4061350991948
1985-04-01,0.8660254037844387,-0.4999999999999998,-20.56050723542499,21.023076923076925,41.583584158501914
1985-05-01,0.4999999999999999,-0.8660254037844387,-18.400260956196465,21.430769230769233,39.8310301869657
1985-06-01,1.2246467991473532e-16,-1.0,-17.53896159588486,20.607692307692307,38.14665390357717
1985-07-01,-0.4999999999999997,-0.8660254037844388,-17.351693459582073,19.176923076923075,36.52861653650515
1985-08-01,-0.8660254037844385,-0.5000000000000004,-15.021220582772408,19.95384615384615,34.97506673661856
1985-09-01,-1.0,-1.8369701987210292e-16,-14.061069999850961,19.423076923076923,33.484146922927884
1985-10-01,-0.8660254037844386,0.5000000000000001,-12.207845241691786,19.846153846153847,32.05399908784563
1985-11-01,-0.5000000000000004,0.8660254037844384,-11.167385474524746,19.515384615384615,30.68277008990936
1985-12-01,-2.4492935982947064e-16,1.0,-12.299385691998928,17.06923076923077,29.3686164612297
1986-01-01,0.4999999999999999,0.8660254037844387,-11.825093371820902,16.284615384615385,28.109708756436287
1986-02-01,0.8660254037844386,0.5000000000000001,-12.92731239238692,13.976923076923079,26.90423546931
1986-03-01,1.0,6.123233995736766e-17,10.141999228480703,13.592307692307692,3.4503084638269894
1986-04-01,0.8660254037844387,-0.4999999999999998,12.891043435356902,16.346153846153847,3.455110410796944
1986-05-01,0.4999999999999999,-0.8660254037844387,12.357109667815868,15.838461538461539,3.4813518706456716
1986-06-01,1.2246467991473532e-16,-1.0,11.34617836093731,14.907692307692308,3.5615139467549977
1986-07-01,-0.4999999999999997,-0.8660254037844388,10.703791269261574,14.446153846153846,3.742362576892272
1986-08-01,-0.8660254037844385,-0.5000000000000004,10.410781325669824,14.492307692307692,4.08152636663787
1986-09-01,-1.0,-1.8369701987210292e-16,9.041335765548457,13.684615384615386,4.643279619066929
1986-10-01,-0.8660254037844386,0.5000000000000001,10.667282099594978,16.161538461538463,5.494256361943485
1986-11-01,-0.5000000000000004,0.8660254037844384,10.746641320071316,17.446153846153848,6.6995125260825334
1986-12-01,-2.4492935982947064e-16,1.0,9.334685301490145,17.653846153846153,8.319160852356008
1987-01-01,0.4999999999999999,0.8660254037844387,10.140474932750692,20.54615384615385,10.405678913403158
1987-02-01,0.8660254037844386,0.5000000000000001,9.836551119695663,22.83846153846154,13.001910418765878
1987-03-01,1.0,6.123233995736766e-17,9.183347621719701,25.323076923076925,16.139729301357225
1987-04-01,0.8660254037844387,-0.4999999999999998,9.968386627173512,29.807692307692307,19.839305680518795
1987-05-01,0.4999999999999999,-0.8660254037844387,6.368026695676605,30.476923076923075,24.10889638124647
1987-06-01,1.2246467991473532e-16,-1.0,2.5856933574415955,31.530769230769234,28.94507587332764
1987-07-01,-0.4999999999999997,-0.8660254037844388,2.1743691501214713,36.50769230769231,34.33332315757084
1987-08-01,-0.8660254037844385,-0.5000000000000004,-1.0027301829093105,39.246153846153845,40.248884029063156
1987-09-01,-1.0,-1.8369701987210292e-16,-0.6578346782691114,46.0,46.65783467826911
1987-10-01,-0.8660254037844386,0.5000000000000001,-0.48751136481816815,53.03076923076923,53.5182805955874
1987-11-01,-0.5000000000000004,0.8660254037844384,-5.581633405377339,55.2,60.78163340537734
1987-12-01,-2.4492935982947064e-16,1.0,-6.640070847629282,61.75384615384615,68.39391700147543
1988-01-01,0.4999999999999999,0.8660254037844387,-5.881678186469372,70.41538461538462,76.297062801854
1988-02-01,0.8660254037844386,0.5000000000000001,-6.23016183534277,78.2,84.43016183534277
1988-03-01,1.0,6.123233995736766e-17,-7.238340875950001,85.4923076923077,92.7306485682577
1988-04-01,0.8660254037844387,-0.4999999999999998,-6.850782411513876,94.28461538461539,101.13539779612927
1988-05-01,0.4999999999999999,-0.8660254037844387,-8.112490771205074,101.46923076923076,109.58172154043584
1988-06-01,1.2246467991473532e-16,-1.0,-2.5082577138340696,115.5,118.00825771383407
1988-07-01,-0.4999999999999997,-0.8660254037844388,3.067330536949555,129.42307692307693,126.35574638612738
1988-08-01,-0.8660254037844385,-0.5000000000000004,5.48615330444639,140.05384615384617,134.56769284939978
1988-09-01,-1.0,-1.8369701987210292e-16,7.078311363248702,149.66923076923075,142.59091940598205
1988-10-01,-0.8660254037844386,0.5000000000000001,5.070143892753549,155.44615384615386,150.3760099534003
1988-11-01,-0.5000000000000004,0.8660254037844384,4.230039224313742,162.1076923076923,157.87765308337856
1988-12-01,-2.4492935982947064e-16,1.0,13.22972477151066,178.2846153846154,165.05489061310473
1989-01-01,0.4999999999999999,0.8660254037844387,10.736413018742155,182.6076923076923,171.87127928895015
1989-02-01,0.8660254037844386,0.5000000000000001,12.051179942072622,190.34615384615384,178.29497390408122
1989-03-01,1.0,6.123233995736766e-17,12.639721233007549,196.93846153846155,184.298740305454
1989-04-01,0.8660254037844387,-0.4999999999999998,12.424708603707245,202.28461538461536,189.85990678090812
1989-05-01,0.4999999999999999,-0.8660254037844387,13.608968612633987,208.56923076923078,194.9602621565968
1989-06-01,1.2246467991473532e-16,-1.0,13.183322132454691,212.76923076923077,199.58590863677608
1989-07-01,-0.4999999999999997,-0.8660254037844388,8.74984606181252,212.47692307692307,203.72707701511055
1989-08-01,-0.8660254037844385,-0.5000000000000004,2.1528578231872473,209.53076923076924,207.377911407582
1989-09-01,-1.0,-1.8369701987210292e-16,-2.3131532029692323,208.22307692307692,210.53623012604615
1989-10-01,-0.8660254037844386,0.5000000000000001,-3.495576441109904,209.70769230769233,213.20326874880223
1989-11-01,-0.5000000000000004,0.8660254037844384,-4.9911031747939205,210.3923076923077,215.38341086710162
1989-12-01,-2.4492935982947064e-16,1.0,-9.930065254236979,207.15384615384616,217.08391140808314
1990-01-01,0.4999999999999999,0.8660254037844387,-18.34538609699905,199.96923076923076,218.3146168662298
1990-02-01,0.8660254037844386,0.5000000000000001,-13.610763148814442,205.47692307692307,219.0876862257375
1990-03-01,1.0,6.123233995736766e-17,-18.778854293307887,200.6384615384615,219.4173158317694
1990-04-01,0.8660254037844387,-0.4999999999999998,-20.65793251272055,198.66153846153844,219.319470974259
1990-05-01,0.4999999999999999,-0.8660254037844387,-22.719318794740843,196.0923076923077,218.81162648704856
1990-06-01,1.2246467991473532e-16,-1.0,-24.981749009011253,192.93076923076922,217.91251823978047
1990-07-01,-0.4999999999999997,-0.8660254037844388,-24.94959931882235,191.69230769230768,216.64190701113003
1990-08-01,-0.8660254037844385,-0.5000000000000004,-22.335740495250406,192.6846153846154,215.0203558798658
1990-09-01,-1.0,-1.8369701987210292e-16,-18.44594503126254,194.62307692307692,213.06902195433946
1990-10-01,-0.8660254037844386,0.5000000000000001,-15.73253990339947,195.07692307692307,210.80946298032254
1990-11-01,-0.5000000000000004,0.8660254037844384,-14.940382197082386,193.3230769230769,208.2634591201593
1990-12-01,-2.4492935982947064e-16,1.0,-8.322080750481035,197.1307692307692,205.45284998125024
1991-01-01,0.4999999999999999,0.8660254037844387,1.415997828434115,203.8153846153846,202.3993867869505
1991-02-01,0.8660254037844386,0.5000000000000001,8.513862112510054,207.6384615384615,199.12459942595146
1991-03-01,1.0,6.123233995736766e-17,5.588783553522035,201.23846153846154,195.6496779849395
1991-04-01,0.8660254037844387,-0.4999999999999998,11.396939430730896,203.3923076923077,191.9953682615768
1991-05-01,0.4999999999999999,-0.8660254037844387,12.141196254630756,200.3230769230769,188.18188066844615
1991-06-01,1.2246467991473532e-16,-1.0,18.694265051676354,202.92307692307693,184.22881187140058
1991-07-01,-0.4999999999999997,-0.8660254037844388,22.86030615968218,203.0153846153846,180.1550784557024
1991-08-01,-0.8660254037844385,-0.5000000000000004,29.75959966000775,205.73846153846156,175.9788618784538
1991-09-01,-1.0,-1.8369701987210292e-16,27.15166682496985,198.8692307692308,171.71756394426095
1991-10-01,-0.8660254037844386,0.5000000000000001,27.266074122758226,194.65384615384616,167.38777203108793
1991-11-01,-0.5000000000000004,0.8660254037844384,23.70245901444838,186.70769230769233,163.00523329324395
1991-12-01,-2.4492935982947064e-16,1.0,22.861316769251005,181.44615384615386,158.58483707690286
1992-01-01,0.4999999999999999,0.8660254037844387,18.805549047021714,172.94615384615386,154.14060479913215
1992-02-01,0.8660254037844386,0.5000000000000001,11.852774975604206,161.53846153846155,149.68568656285734
1992-03-01,1.0,6.123233995736766e-17,5.01379003975012,150.24615384615385,145.23236380640373
1992-04-01,0.8660254037844387,-0.4999999999999998,6.723327299158456,147.51538461538462,140.79205731622616
1992-05-01,0.4999999999999999,-0.8660254037844387,5.947736958795105,142.3230769230769,136.3753399642818
1992-06-01,1.2246467991473532e-16,-1.0,7.446507972038518,139.43846153846152,131.991953566423
1992-07-01,-0.4999999999999997,-0.8660254037844388,1.6953245516512396,129.34615384615384,127.6508292945026
1992-08-01,-0.8660254037844385,-0.5000000000000004,0.562965811082492,123.92307692307692,123.36011111199443
1992-09-01,-1.0,-1.8369701987210292e-16,-5.073335586468232,114.05384615384615,119.12718174031438
1992-10-01,-0.8660254037844386,0.5000000000000001,-5.258690700248678,109.70000000000002,114.9586907002487
1992-11-01,-0.5000000000000004,0.8660254037844384,-6.037507086504348,104.82307692307693,110.86058400958127
1992-12-01,-2.4492935982947064e-16,1.0,-3.9150582307732265,102.92307692307692,106.83813515385015
1993-01-01,0.4999999999999999,0.8660254037844387,-1.3652077511415825,101.53076923076924,102.89597698191082
1993-02-01,0.8660254037844386,0.5000000000000001,-1.4842880575826314,97.55384615384615,99.03813421142878
1993-03-01,1.0,6.123233995736766e-17,-2.3834408767996393,92.8846153846154,95.26805626141504
1993-04-01,0.8660254037844387,-0.4999999999999998,-0.4655732362645324,91.12307692307692,91.58865015934146
1993-05-01,0.4999999999999999,-0.8660254037844387,-3.4330825299023218,84.56923076923077,88.00231329913309
1993-06-01,1.2246467991473532e-16,-1.0,-4.649427391858723,79.86153846153846,84.51096585339718
1993-07-01,-0.4999999999999997,-0.8660254037844388,-4.108390360876385,77.00769230769231,81.1160826685687
1993-08-01,-0.8660254037844385,-0.5000000000000004,-2.849493726007708,74.96923076923078,77.81872449523848
1993-09-01,-1.0,-1.8369701987210292e-16,-5.827260735484586,68.79230769230769,74.61956842779227
1993-10-01,-0.8660254037844386,0.5000000000000001,-8.495860524575768,63.02307692307692,71.51893744765269
1993-11-01,-0.5000000000000004,0.8660254037844384,-10.462982829089704,58.05384615384616,68.51682898293586
1993-12-01,-2.4492935982947064e-16,1.0,-10.566788568096264,55.04615384615385,65.61294241425011
1994-01-01,0.4999999999999999,0.8660254037844387,-9.222090087131818,53.58461538461539,62.80670547174721
1994-02-01,0.8660254037844386,0.5000000000000001,-10.058837943990774,50.03846153846155,60.09729948245232
1994-03-01,1.0,6.123233995736766e-17,-9.137529593263167,48.34615384615385,57.483683439417014
1994-04-01,0.8660254037844387,-0.4999999999999998,-3.856924567749644,51.107692307692304,54.96461687544195
1994-05-01,0.4999999999999999,-0.8660254037844387,-4.6309892263810895,47.9076923076923,52.53868153407339
1994-06-01,1.2246467991473532e-16,-1.0,-3.527378762452294,46.676923076923075,50.20430183937537
1994-07-01,-0.4999999999999997,-0.8660254037844388,-4.036687250613355,43.92307692307692,47.959764173690274
1994-08-01,-0.8660254037844385,-0.5000000000000004,-4.887850363922098,40.91538461538461,45.80323497930671
1994-09-01,-1.0,-1.8369701987210292e-16,-3.478931551879839,40.25384615384615,43.73277770572599
1994-10-01,-0.8660254037844386,0.5000000000000001,-3.484830167598737,38.26153846153846,41.746368629137194
1994-11-01,-0.5000000000000004,0.8660254037844384,-2.1957577286867718,37.646153846153844,39.841911574840616
1994-12-01,-2.4492935982947064e-16,1.0,-0.9326361921580784,37.08461538461538,38.01725157677346
1995-01-01,0.4999999999999999,0.8660254037844387,-0.6701875110541522,35.599999999999994,36.27018751105415
1995-02-01,0.8660254037844386,0.5000000000000001,-1.4907914349401423,33.107692307692304,34.598483742632446
1995-03-01,1.0,6.123233995736766e-17,-1.3229577488514188,31.676923076923078,32.9998808257745
1995-04-01,0.8660254037844387,-0.4999999999999998,-0.5567206848919923,30.915384615384614,31.472105300276606
1995-05-01,0.4999999999999999,-0.8660254037844387,-3.182109395273308,26.830769230769228,30.012878626042536
1995-06-01,1.2246467991473532e-16,-1.0,-2.912232991332825,25.707692307692305,28.61992529902513
1995-07-01,-0.4999999999999997,-0.8660254037844388,-3.03713403772084,24.25384615384615,27.29098019156699
1995-08-01,-0.8660254037844385,-0.5000000000000004,-3.6853336214597903,22.33846153846154,26.02379515992133
1995-09-01,-1.0,-1.8369701987210292e-16,-5.031529576613469,19.784615384615385,24.816144961228854
1995-10-01,-0.8660254037844386,0.5000000000000001,-6.919678675352145,16.746153846153845,23.66583252150599
1995-11-01,-0.5000000000000004,0.8660254037844384,-6.901462826066123,15.669230769230769,22.57069359529689
1995-12-01,-2.4492935982947064e-16,1.0,-6.082447010429952,15.446153846153845,21.528600856583797
1996-01-01,0.4999999999999999,0.8660254037844387,-5.9143905362903375,14.623076923076923,20.53746745936726
1996-02-01,0.8660254037844386,0.5000000000000001,-5.026019335809995,14.569230769230767,19.595250105040762
1996-03-01,1.0,6.123233995736766e-17,-5.2999516523169525,13.399999999999999,18.69995165231695
1996-04-01,0.8660254037844387,-0.4999999999999998,-5.60346945788058,12.246153846153847,17.849623304034427
1996-05-01,0.4999999999999999,-0.8660254037844387,-5.234674096008748,11.807692307692308,17.042366403701056
1996-06-01,1.2246467991473532e-16,-1.0,-4.468641565437176,11.807692307692308,16.276333873129484
1996-07-01,-0.4999999999999997,-0.8660254037844388,-4.318962090235512,11.23076923076923,15.549731321004742
1996-08-01,-0.8660254037844385,-0.5000000000000004,9.35106005243798,11.053846153846154,1.7027861014081735
1996-09-01,-1.0,-1.8369701987210292e-16,9.643319165369688,11.392307692307693,1.748988526938005
1996-10-01,-0.8660254037844386,0.5000000000000001,10.290839826849849,12.192307692307692,1.9014678654578423
1996-11-01,-0.5000000000000004,0.8660254037844384,11.391893768079012,13.623076923076923,2.231183154997911
1996-12-01,-2.4492935982947064e-16,1.0,11.832256972208636,14.63846153846154,2.8062045662529034
1997-01-01,0.4999999999999999,0.8660254037844387,10.674634220536436,14.361538461538462,3.6869042410020265
1997-02-01,0.8660254037844386,0.5000000000000001,11.276548646482928,16.2,4.923451353517072
1997-03-01,1.0,6.123233995736766e-17,12.722224243940909,19.27692307692308,6.5546988329821705
1997-04-01,0.8660254037844387,-0.4999999999999998,12.96127106675421,21.569230769230767,8.607959702476558
1997-05-01,0.4999999999999999,-0.8660254037844387,14.29294665046857,25.392307692307693,11.099361041839122
1997-06-01,1.2246467991473532e-16,-1.0,13.711585491571894,27.746153846153845,14.034568354581952
1997-07-01,-0.4999999999999997,-0.8660254037844388,12.682570308529836,30.092307692307692,17.409737383777856
1997-08-01,-0.8660254037844385,-0.5000000000000004,12.172022688000318,33.38461538461539,21.21259269661507
1997-09-01,-1.0,-1.8369701987210292e-16,13.422592329674952,38.84615384615385,25.423561516478895
1997-10-01,-0.8660254037844386,0.5000000000000001,13.329241787286769,43.34615384615385,30.016912058867078
1997-11-01,-0.5000000000000004,0.8660254037844384,12.307370004992563,47.26923076923077,34.9618607642382
1997-12-01,-2.4492935982947064e-16,1.0,12.053299066758427,52.276923076923076,40.22362401016465
1998-01-01,0.4999999999999999,0.8660254037844387,12.350986387028392,58.11538461538461,45.76439822835622
1998-02-01,0.8660254037844386,0.5000000000000001,14.894202942055415,66.43846153846154,51.544258596406124
1998-03-01,1.0,6.123233995736766e-17,16.324182702258256,73.84615384615384,57.521971143895584
1998-04-01,0.8660254037844387,-0.4999999999999998,11.636591106151883,75.29230769230769,63.655716586155805
1998-05-01,0.4999999999999999,-0.8660254037844387,10.35011939807967,80.25384615384615,69.90372675576648
1998-06-01,1.2246467991473532e-16,-1.0,9.321317494520798,85.54615384615384,76.22483635163304
1998-07-01,-0.4999999999999997,-0.8660254037844388,5.3133536640258825,87.89230769230768,82.5789540282818
1998-08-01,-0.8660254037844385,-0.5000000000000004,3.080234580331748,92.0076923076923,88.92745772736055
1998-09-01,-1.0,-1.8369701987210292e-16,0.8741726022803533,96.10769230769232,95.23351970541196
1998-10-01,-0.8660254037844386,0.5000000000000001,-4.462367012242822,97.0,101.46236701224282
1998-11-01,-0.5000000000000004,0.8660254037844384,-4.50456020518709,103.07692307692308,107.58148328211017
1998-12-01,-2.4492935982947064e-16,1.0,-0.23768073945235813,113.32307692307693,113.56075766252928
1999-01-01,0.4999999999999999,0.8660254037844387,0.3351057476343726,119.70769230769231,119.37258656005794
1999-02-01,0.8660254037844386,0.5000000000000001,-1.7765490430942634,123.21538461538461,124.99193365847887
1999-03-01,1.0,6.123233995736766e-17,-8.31943030886876,122.07692307692307,130.39635338579183
1999-04-01,0.8660254037844387,-0.4999999999999998,-10.665982690810097,124.9,135.5659826908101
1999-05-01,0.4999999999999999,-0.8660254037844387,-7.137351806305276,133.34615384615384,140.48350565245912
1999-06-01,1.2246467991473532e-16,-1.0,-10.287941250274116,134.84615384615384,145.13409509642796
1999-07-01,-0.4999999999999997,-0.8660254037844388,-13.589950428020018,135.91538461538462,149.50533504340464
1999-08-01,-0.8660254037844385,-0.5000000000000004,-11.540973621261827,142.04615384615386,153.58712746741568
1999-09-01,-1.0,-1.8369701987210292e-16,-6.1177403529812295,151.25384615384613,157.37158650682736
1999-10-01,-0.8660254037844386,0.5000000000000001,-2.829846024939087,158.0230769230769,160.852922948016
1999-11-01,-0.5000000000000004,0.8660254037844384,-0.44270611056754205,163.58461538461538,164.02732149518292
1999-12-01,-2.4492935982947064e-16,1.0,-0.35435151254066,166.53846153846155,166.8928130510022
2000-01-01,0.4999999999999999,0.8660254037844387,-0.056836270487423235,169.3923076923077,169.44914396279512
2000-02-01,0.8660254037844386,0.5000000000000001,-1.76687470745253,169.93076923076922,171.69764393822174
2000-03-01,1.0,6.123233995736766e-17,-2.656478718527609,170.98461538461535,173.64109410314296
2000-04-01,0.8660254037844387,-0.4999999999999998,-1.5835964620841594,173.7,175.28359646208415
2000-05-01,0.4999999999999999,-0.8660254037844387,-3.7458304435041327,172.8846153846154,176.63044582811952
2000-06-01,1.2246467991473532e-16,-1.0,-8.264928190230648,169.42307692307693,177.68800511330758
2000-07-01,-0.4999999999999997,-0.8660254037844388,-7.055892404526389,171.4076923076923,178.46358471221868
2000-08-01,-0.8660254037844385,-0.5000000000000004,-8.449941953312816,170.5153846153846,178.9653265686974
2000-09-01,-1.0,-1.8369701987210292e-16,-8.679016465742563,170.52307692307693,179.2020933888195
2000-10-01,-0.8660254037844386,0.5000000000000001,-12.967978734658715,166.2153846153846,179.18336335004332
2000-11-01,-0.5000000000000004,0.8660254037844384,-16.503745941416298,162.41538461538462,178.91913055680092
2000-12-01,-2.4492935982947064e-16,1.0,-13.158272943698933,165.26153846153846,178.4198114052374
2001-01-01,0.4999999999999999,0.8660254037844387,-17.434618481957386,160.26153846153846,177.69615694349585
2001-02-01,0.8660254037844386,0.5000000000000001,-22.866863555617755,153.8923076923077,176.75917124792545
2001-03-01,1.0,6.123233995736766e-17,-17.289266548171213,158.33076923076925,175.62003577894046
2001-04-01,0.8660254037844387,-0.4999999999999998,-13.02850117058756,161.26153846153846,174.29003963212602
2001-05-01,0.4999999999999999,-0.8660254037844387,-8.826669405892261,163.95384615384617,172.78051555973843
2001-06-01,1.2246467991473532e-16,-1.0,-2.89508929653789,168.2076923076923,171.1027816042302
2001-07-01,-0.4999999999999997,-0.8660254037844388,2.116527226506207,171.3846153846154,169.26808815810918
2001-08-01,-0.8660254037844385,-0.5000000000000004,6.220122065036151,173.50769230769234,167.2875702426562
2001-09-01,-1.0,-1.8369701987210292e-16,10.304718295771693,175.4769230769231,165.1722047811514
2001-10-01,-0.8660254037844386,0.5000000000000001,14.167227370274816,177.10000000000002,162.9327726297252
2001-11-01,-0.5000000000000004,0.8660254037844384,18.504790264389726,179.0846153846154,160.57982512022568
2001-12-01,-2.4492935982947064e-16,1.0,19.937883597433682,178.06153846153845,158.12365486410476
2002-01-01,0.4999999999999999,0.8660254037844387,19.26419097464,174.83846153846156,155.57427056382156
2002-02-01,0.8660254037844386,0.5000000000000001,25.943239806362783,178.8846153846154,152.9413755782526
2002-03-01,1.0,6.123233995736766e-17,30.68103462466931,180.91538461538462,150.23434999071532
2002-04-01,0.8660254037844387,-0.4999999999999998,26.76084099094578,174.2230769230769,147.4622359321311
2002-05-01,0.4999999999999999,-0.8660254037844387,25.981658698100546,170.6153846153846,144.63372591728407
2002-06-01,1.2246467991473532e-16,-1.0,25.681307579662075,167.43846153846152,141.75715395879945
2002-07-01,-0.4999999999999997,-0.8660254037844388,22.45181846115375,161.2923076923077,138.84048923115395
2002-08-01,-0.8660254037844385,-0.5000000000000004,17.024052549876757,152.91538461538462,135.89133206550787
2002-09-01,-1.0,-1.8369701987210292e-16,14.652318703978239,147.56923076923078,132.91691206525255
2002-10-01,-0.8660254037844386,0.5000000000000001,13.860527242898485,143.7846153846154,129.9240881417169
2002-11-01,-0.5000000000000004,0.8660254037844384,9.165265105272042,136.08461538461538,126.91935027934333
2002-12-01,-2.4492935982947064e-16,1.0,6.88348484261688,130.7923076923077,123.90882284969082
2003-01-01,0.4999999999999999,0.8660254037844387,9.855576850089165,130.75384615384615,120.89826930375699
2003-02-01,0.8660254037844386,0.5000000000000001,9.353055763930428,127.24615384615385,117.89309808222342
2003-03-01,1.0,6.123233995736766e-17,4.878553483667972,119.77692307692307,114.8983695932551
2003-04-01,0.8660254037844387,-0.4999999999999998,0.9273497288049839,112.84615384615384,111.91880411734886
2003-05-01,0.4999999999999999,-0.8660254037844387,-1.3664828160676592,107.5923076923077,108.95879050837536
2003-06-01,1.2246467991473532e-16,-1.0,-4.199318646272204,101.82307692307693,106.02239556934913
2003-07-01,-0.4999999999999997,-0.8660254037844388,-7.036450913629068,96.07692307692308,103.11337399055215
2003-08-01,-0.8660254037844385,-0.5000000000000004,-8.689024900244576,91.54615384615384,100.23517874639842
2003-09-01,-1.0,-1.8369701987210292e-16,-5.9140487789200336,91.47692307692309,97.39097185584312
2003-10-01,-0.8660254037844386,0.5000000000000001,-6.299020034567334,88.28461538461536,94.5836354191827
2003-11-01,-0.5000000000000004,0.8660254037844384,-5.461936697916514,86.35384615384616,91.81578285176268
2003-12-01,-2.4492935982947064e-16,1.0,-4.297462550083296,84.7923076923077,89.089770242391
2004-01-01,0.4999999999999999,0.8660254037844387,-4.300015463458209,82.10769230769232,86.40770777115053
2004-02-01,0.8660254037844386,0.5000000000000001,-6.171471127809596,77.6,83.77147112780959
2004-03-01,1.0,6.123233995736766e-17,-8.705789801230367,72.47692307692309,81.18271287815345
2004-04-01,0.8660254037844387,-0.4999999999999998,-6.496719885150625,72.14615384615385,78.64287373130448
2004-05-01,0.4999999999999999,-0.8660254037844387,-6.137809051086521,70.0153846153846,76.15319366647113
2004-06-01,1.2246467991473532e-16,-1.0,-7.853184421044034,65.86153846153846,73.71472288258249
2004-07-01,-0.4999999999999997,-0.8660254037844388,-7.320640231233384,64.00769230769231,71.3283325389257
2004-08-01,-0.8660254037844385,-0.5000000000000004,-6.302417566925527,62.69230769230769,68.99472525923322
2004-09-01,-1.0,-1.8369701987210292e-16,-6.7144453756667986,60.0,66.7144453756668
2004-10-01,-0.8660254037844386,0.5000000000000001,-7.264811969759364,57.22307692307693,64.4878888928363
2004-11-01,-0.5000000000000004,0.8660254037844384,-4.88454392461729,57.43076923076923,62.31531315538652
2004-12-01,-2.4492935982947064e-16,1.0,-3.9968462057948955,56.2,60.1968462057949
2005-01-01,0.4999999999999999,0.8660254037844387,-2.2478804372512045,55.88461538461539,58.13249582186659
2005-02-01,0.8660254037844386,0.5000000000000001,-2.0298505336947983,54.092307692307685,56.12215822600248
2005-03-01,1.0,6.123233995736766e-17,-2.5733187683568346,51.5923076923077,54.165626460664534
2005-04-01,0.8660254037844387,-0.4999999999999998,-3.4087522727400525,48.853846153846156,52.26259842658621
2005-05-01,0.4999999999999999,-0.8660254037844387,-5.151146120649905,45.26153846153847,50.412684582188376
2005-06-01,1.2246467991473532e-16,-1.0,-4.184646073603915,44.43076923076923,48.615415304373144
2005-07-01,-0.4999999999999997,-0.8660254037844388,-3.0548632970124032,43.815384615384616,46.87024791239702
2005-08-01,-0.8660254037844385,-0.5000000000000004,-4.622727204033637,40.55384615384616,45.176573357879796
2005-09-01,-1.0,-1.8369701987210292e-16,-4.995261046738264,38.53846153846154,43.533722585199804
2005-10-01,-0.8660254037844386,0.5000000000000001,-2.579434106033922,39.36153846153846,41.94097256757238
2005-11-01,-0.5000000000000004,0.8660254037844384,-1.1513981788630474,39.246153846153845,40.39755202501689
2005-12-01,-2.4492935982947064e-16,1.0,-2.5334160619664203,36.36923076923077,38.90264683119719
2006-01-01,0.4999999999999999,0.8660254037844387,-3.747712809094047,33.707692307692305,37.45540511678635
2006-02-01,0.8660254037844386,0.5000000000000001,-5.547249769869442,30.507692307692306,36.05494207756175
2006-03-01,1.0,6.123233995736766e-17,-7.023421418972994,27.676923076923075,34.70034449589607
2006-04-01,0.8660254037844387,-0.4999999999999998,-7.42913652313991,25.96153846153846,33.39067498467837
2006-05-01,0.4999999999999999,-0.8660254037844387,-4.432668270678803,27.692307692307693,32.1249759629865
2006-06-01,1.2246467991473532e-16,-1.0,-3.6099656807390126,27.292307692307695,30.902273373046707
2006-07-01,-0.4999999999999997,-0.8660254037844388,-4.73696476354619,24.984615384615385,29.721580148161575
2006-08-01,-0.8660254037844385,-0.5000000000000004,-3.789591749067373,24.792307692307695,28.581899441375068
2006-09-01,-1.0,-1.8369701987210292e-16,-2.574535316983315,24.907692307692308,27.482227624675623
2006-10-01,-0.8660254037844386,0.5000000000000001,-2.4292493762156013,23.992307692307694,26.421557068523295
2006-11-01,-0.5000000000000004,0.8660254037844384,-3.775801788350865,21.623076923076926,25.39887871142779
2006-12-01,-2.4492935982947064e-16,1.0,-4.0131844292095025,20.4,24.4131844292095
2007-01-01,0.4999999999999999,0.8660254037844387,-3.786546136522471,19.676923076923078,23.46346921344555
2007-02-01,0.8660254037844386,0.5000000000000001,-3.8256562453689043,18.723076923076924,22.54873316844583
2007-03-01,1.0,6.123233995736766e-17,-4.237214105151008,17.430769230769233,21.66798333592024
2007-04-01,0.8660254037844387,-0.4999999999999998,-5.097158433217768,15.723076923076924,20.820235356294692
2007-05-01,0.4999999999999999,-0.8660254037844387,-5.2122072831036395,14.792307692307693,20.004514975411333
2007-06-01,1.2246467991473532e-16,-1.0,-5.842936328187228,13.376923076923077,19.219859405110306
2007-07-01,-0.4999999999999997,-0.8660254037844388,-6.488395469018748,11.976923076923075,18.465318545941823
2007-08-01,-0.8660254037844385,-0.5000000000000004,-7.793802233843342,9.946153846153846,17.73995607999719
2007-09-01,-1.0,-1.8369701987210292e-16,-7.319773518504345,9.723076923076924,17.04285044158127
2007-10-01,-0.8660254037844386,0.5000000000000001,-6.926941827022061,9.446153846153846,16.373095673175907
2007-11-01,-0.5000000000000004,0.8660254037844384,-6.345186789253027,9.384615384615385,15.729802173868412
2007-12-01,-2.4492935982947064e-16,1.0,-6.82748196252601,8.284615384615385,15.112097347141395
2008-01-01,0.4999999999999999,0.8660254037844387,-7.826818462333736,6.6923076923076925,14.519126154641429
2008-02-01,0.8660254037844386,0.5000000000000001,-8.396205428420876,5.553846153846154,13.95005158226703
2008-03-01,1.0,6.123233995736766e-17,-8.511747332332998,4.892307692307692,13.40405502464069
2008-04-01,0.8660254037844387,-0.4999999999999998,-7.9726442860650115,4.907692307692307,12.880336593757319
2008-05-01,0.4999999999999999,-0.8660254037844387,-7.078115357332699,5.299999999999999,12.378115357332698
2008-06-01,1.2246467991473532e-16,-1.0,-6.735091050573461,5.161538461538461,11.896629512111922
2008-07-01,-0.4999999999999997,-0.8660254037844388,-7.5043672663698295,3.930769230769231,11.43513649713906
2008-08-01,-0.8660254037844385,-0.5000000000000004,-7.285220744044493,3.707692307692308,10.992913051736801
2008-09-01,-1.0,-1.8369701987210292e-16,-7.03848599192918,3.530769230769231,10.569255222698411
2008-10-01,-0.8660254037844386,0.5000000000000001,-7.732709094185877,2.4307692307692306,10.163478324955108
2008-11-01,-0.5000000000000004,0.8660254037844384,2.376818183503745,2.376923076923077,0.00010489341933180649
2008-12-01,-2.4492935982947064e-16,1.0,2.505312678212285,2.5076923076923077,0.0023796294800226716
2009-01-01,0.4999999999999999,0.8660254037844387,2.5165193119439215,2.5307692307692307,0.014249918825309191
2009-02-01,0.8660254037844386,0.5000000000000001,2.4351521332313175,2.4846153846153842,0.04946325138406692
2009-03-01,1.0,6.123233995736766e-17,2.880347335439846,3.007692307692307,0.12734497225246127
2009-04-01,0.8660254037844387,-0.4999999999999998,3.2362997507540268,3.5076923076923077,0.2713925569382811
2009-05-01,0.4999999999999999,-0.8660254037844387,3.2077288272622684,3.715384615384615,0.5076557881223466
2009-06-01,1.2246467991473532e-16,-1.0,3.598400087363176,4.461538461538462,0.8631383741752854
2009-07-01,-0.4999999999999997,-0.8660254037844388,4.520266540524432,5.884615384615385,1.3643488440909537
2009-08-01,-0.8660254037844385,-0.5000000000000004,5.940857365669425,7.976923076923077,2.036065711253652
2009-09-01,-1.0,-1.8369701987210292e-16,6.830426012672605,9.73076923076923,2.900343218096625
2009-10-01,-0.8660254037844386,0.5000000000000001,6.5088555479443135,10.484615384615385,3.975759836671071
2009-11-01,-0.5000000000000004,0.8660254037844384,6.1846415936086485,11.461538461538462,5.276896867929813
2009-12-01,-2.4492935982947064e-16,1.0,5.870589579612572,12.684615384615386,6.814025805002814
2010-01-01,0.4999999999999999,0.8660254037844387,5.545482956179109,14.13846153846154,8.59297858228243
2010-02-01,0.8660254037844386,0.5000000000000001,5.377134622017673,15.992307692307692,10.61517307029002
2010-03-01,1.0,6.123233995736766e-17,5.914541426851246,18.792307692307695,12.877766265456449
2010-04-01,0.8660254037844387,-0.4999999999999998,5.456860317909944,20.83076923076923,15.373908912859287
2010-05-01,0.4999999999999999,-0.8660254037844387,4.791538055697075,22.884615384615383,18.09307732891831
2010-06-01,1.2246467991473532e-16,-1.0,3.2170009033905593,24.238461538461536,21.021460635070977
2010-07-01,-0.4999999999999997,-0.8660254037844388,0.942231140623015,25.084615384615383,24.142384243992367
2010-08-01,-0.8660254037844385,-0.5000000000000004,-0.13675309832602522,27.300000000000004,27.43675309832603
2010-09-01,-1.0,-1.8369701987210292e-16,0.27034541336613316,31.15384615384615,30.883500740480017
2010-10-01,-0.8660254037844386,0.5000000000000001,0.7015057410946284,35.16153846153846,34.460032720443834
2010-11-01,-0.5000000000000004,0.8660254037844384,0.6958064547785341,38.83846153846154,38.142655083683
2010-12-01,-2.4492935982947064e-16,1.0,0.17763468495405021,42.08461538461539,41.90698069966134
2011-01-01,0.4999999999999999,0.8660254037844387,-0.12830798435534518,45.599999999999994,45.72830798435534
2011-02-01,0.8660254037844386,0.5000000000000001,-0.8588912151885424,48.723076923076924,49.58196813826547
2011-03-01,1.0,6.123233995736766e-17,2.24097701178367,55.684615384615384,53.443638372831714
2011-04-01,0.8660254037844387,-0.4999999999999998,5.264226408483317,62.55384615384616,57.28961974536284
2011-05-01,0.4999999999999999,-0.8660254037844387,9.572151588263509,70.66923076923077,61.097079180967256
2011-06-01,1.2246467991473532e-16,-1.0,11.586513184312707,76.43076923076923,64.84425604645652
2011-07-01,-0.4999999999999997,-0.8660254037844388,13.297058034383682,81.8076923076923,68.51063427330863
2011-08-01,-0.8660254037844385,-0.5000000000000004,11.307533862641364,83.38461538461539,72.07708152197402
2011-09-01,-1.0,-1.8369701987210292e-16,10.8048119757987,86.33076923076925,75.52595725497055
2011-10-01,-0.8660254037844386,0.5000000000000001,8.05111583496273,86.89230769230768,78.84119185734495
2011-11-01,-0.5000000000000004,0.8660254037844384,6.45319933644943,88.46153846153847,82.00833912508904
2011-12-01,-2.4492935982947064e-16,1.0,6.046933912849767,91.06153846153846,85.0146045486887
2012-01-01,0.4999999999999999,0.8660254037844387,6.597301983563241,94.44615384615386,87.84885186259062
2012-02-01,0.8660254037844386,0.5000000000000001,6.275332753758846,96.77692307692308,90.50159032316424
2012-03-01,1.0,6.123233995736766e-17,5.958131795426397,98.92307692307692,92.96494512765052
2012-04-01,0.8660254037844387,-0.4999999999999998,0.3366174658617922,95.56923076923077,95.23261330336898
2012-05-01,0.4999999999999999,-0.8660254037844387,-4.661345749281452,92.63846153846154,97.299807287743
2012-06-01,1.2246467991473532e-16,-1.0,-12.85549598440744,86.3076923076923,99.16318829209975
2012-07-01,-0.4999999999999997,-0.8660254037844388,-15.528483709054512,85.29230769230769,100.8207914013622
2012-08-01,-0.8660254037844385,-0.5000000000000004,-19.556559597086704,82.71538461538461,102.27194421247131
2012-09-01,-1.0,-1.8369701987210292e-16,-18.455642199138538,85.06153846153846,103.517180660677
2012-10-01,-0.8660254037844386,0.5000000000000001,-17.90430537419492,86.65384615384616,104.55815152804108
2012-11-01,-0.5000000000000004,0.8660254037844384,-16.105225283013226,89.29230769230769,105.39753297532091
2012-12-01,-2.4492935982947064e-16,1.0,-18.269703519791207,87.76923076923077,106.03893428902198
2013-01-01,0.4999999999999999,0.8660254037844387,-19.163728968449163,87.32307692307691,106.48680589152607
2013-02-01,0.8660254037844386,0.5000000000000001,-20.06173314050274,86.6846153846154,106.74634852511814
2013-03-01,1.0,6.123233995736766e-17,-23.23880900677952,83.58461538461539,106.82342439139491
2013-04-01,0.8660254037844387,-0.4999999999999998,-21.547547829673434,85.17692307692307,106.72447090659651
2013-05-01,0.4999999999999999,-0.8660254037844387,-18.402571467409373,88.05384615384615,106.45641762125553
2013-06-01,1.2246467991473532e-16,-1.0,-15.157375980168837,90.86923076923078,106.02660674939962
2013-07-01,-0.4999999999999997,-0.8660254037844388,-9.942717658392056,95.5,105.44271765839206
2013-08-01,-0.8660254037844385,-0.5000000000000004,-5.366541739074435,99.34615384615384,104.71269558522827
2013-09-01,-1.0,-1.8369701987210292e-16,0.7168536930462608,104.56153846153846,103.8446847684922
2013-10-01,-0.8660254037844386,0.5000000000000001,4.34534157541259,107.1923076923077,102.8469661168951
2013-11-01,-0.5000000000000004,0.8660254037844384,5.864408217323287,107.5923076923077,101.72789947498441
2013-12-01,-2.4492935982947064e-16,1.0,5.765667967752137,106.26153846153845,100.49587049378631
2014-01-01,0.4999999999999999,0.8660254037844387,8.9099887008623,108.06923076923076,99.15924206836846
2014-02-01,0.8660254037844386,0.5000000000000001,11.93522819645024,109.66153846153847,97.72631026508823
2014-03-01,1.0,6.123233995736766e-17,16.394735371865025,112.6,96.20526462813497
2014-04-01,0.8660254037844387,-0.4999999999999998,20.726616503386197,115.33076923076922,94.60415272738302
2014-05-01,0.4999999999999999,-0.8660254037844387,21.569151212941037,114.5,92.93084878705896
2014-06-01,1.2246467991473532e-16,-1.0,23.230050706265217,114.42307692307692,91.1930262168117
2014-07-01,-0.4999999999999997,-0.8660254037844388,22.62494307007411,112.02307692307691,89.3981338530028
2014-08-01,-0.8660254037844385,-0.5000000000000004,20.60047044588204,108.15384615384616,87.55337570796412
2014-09-01,-1.0,-1.8369701987210292e-16,15.441998289506685,101.10769230769232,85.66569401818563
2014-10-01,-0.8660254037844386,0.5000000000000001,13.258244621492892,97.0,83.74175537850711
2014-11-01,-0.5000000000000004,0.8660254037844384,13.388983328894952,95.17692307692307,81.78793974802812
2014-12-01,-2.4492935982947064e-16,1.0,11.82812942418201,91.63846153846154,79.81033211427953
2015-01-01,0.4999999999999999,0.8660254037844387,10.969898779709467,88.78461538461539,77.81471660490593
2015-02-01,0.8660254037844386,0.5000000000000001,10.224196390367453,86.03076923076924,75.80657284040178
2015-03-01,1.0,6.123233995736766e-17,10.062771826780107,83.85384615384615,73.79107432706604
2015-04-01,0.8660254037844387,-0.4999999999999998,6.973065150107757,78.74615384615385,71.77308869604609
2015-05-01,0.4999999999999999,-0.8660254037844387,6.8505127057651976,76.60769230769232,69.75717960192712
2015-06-01,1.2246467991473532e-16,-1.0,5.35238989741751,73.10000000000001,67.7476101025825
2015-07-01,-0.4999999999999997,-0.8660254037844388,3.051652649223655,68.80000000000001,65.74834735077636
2015-08-01,-0.8660254037844385,-0.5000000000000004,2.2215469474769094,65.9846153846154,63.763068437138486
2015-09-01,-1.0,-1.8369701987210292e-16,3.220217381899481,65.01538461538462,61.79516723348514
2015-10-01,-0.8660254037844386,0.5000000000000001,3.8906994435396314,63.73846153846154,59.84776209492191
2015-11-01,-0.5000000000000004,0.8660254037844384,3.98398801906022,61.9076923076923,57.92370428863208
2015-12-01,-2.4492935982947064e-16,1.0,0.6282591272052116,56.65384615384615,56.02558702664094
2016-01-01,0.4999999999999999,0.8660254037844387,-0.12498575831206438,54.03076923076923,54.155754989081295
2016-02-01,0.8660254037844386,0.5000000000000001,0.5144549972672507,52.830769230769235,52.316314233501984
2016-03-01,1.0,6.123233995736766e-17,0.7985499131770766,51.30769230769231,50.50914239451523
2016-04-01,0.8660254037844387,-0.4999999999999998,-0.9051298557529606,47.830769230769235,48.735899086522195
2016-05-01,0.4999999999999999,-0.8660254037844387,-2.4134210457453023,44.58461538461539,46.99803643036069
2016-06-01,1.2246467991473532e-16,-1.0,-4.0737327093838545,41.223076923076924,45.29680963246078
2016-07-01,-0.4999999999999997,-0.8660254037844388,-4.864056783218935,38.76923076923077,43.6332875524497
2016-08-01,-0.8660254037844385,-0.5000000000000004,-5.592978586727966,36.41538461538462,42.008363202112584
2016-09-01,-1.0,-1.8369701987210292e-16,-6.98430258671393,33.43846153846154,40.42276412517547
2016-10-01,-0.8660254037844386,0.5000000000000001,-7.115524151998066,31.761538461538464,38.87706261353653
2016-11-01,-0.5000000000000004,0.8660254037844384,-7.071685721327363,30.299999999999997,37.37168572132736
2016-12-01,-2.4492935982947064e-16,1.0,-8.091540428160915,27.815384615384612,35.90692504354553
2017-01-01,0.4999999999999999,0.8660254037844387,-6.875253923277295,27.607692307692307,34.4829462309696
2017-02-01,0.8660254037844386,0.5000000000000001,-5.476721294582941,27.623076923076926,33.09979821765987
2017-03-01,1.0,6.123233995736766e-17,-4.634345218494396,27.123076923076926,31.757422141571322
2017-04-01,0.8660254037844387,-0.4999999999999998,-5.747967634983574,24.707692307692305,30.45565994267588
2017-05-01,0.4999999999999999,-0.8660254037844387,-6.617339549599521,22.576923076923077,29.194262626522598
2017-06-01,1.2246467991473532e-16,-1.0,-6.411359722833872,21.56153846153846,27.972898184372333
2017-07-01,-0.4999999999999997,-0.8660254037844388,-6.129620702405017,20.66153846153846,26.791159163943476
2017-08-01,-0.8660254037844385,-0.5000000000000004,-6.1716468104923266,19.476923076923075,25.648569887415402
2017-09-01,-1.0,-1.8369701987210292e-16,-6.906131777209158,17.638461538461538,24.544593315670696
2017-10-01,-0.8660254037844386,0.5000000000000001,-6.517099098297383,16.96153846153846,23.478637559835843
2017-11-01,-0.5000000000000004,0.8660254037844384,-6.965446658400088,15.484615384615383,22.45006204301547
2017-12-01,-2.4492935982947064e-16,1.0,-6.227414085959165,15.23076923076923,21.458183316728395
2018-01-01,0.4999999999999999,0.8660254037844387,-6.625357461031989,13.876923076923077,20.502280537955066
2018-02-01,0.8660254037844386,0.5000000000000001,-6.4046775369935744,13.176923076923078,19.581600613916653
2018-03-01,1.0,6.123233995736766e-17,-7.772286099659956,10.923076923076922,18.695363022736878
2018-04-01,0.8660254037844387,-0.4999999999999998,-9.90430278054221,7.938461538461539,17.84276431900375
2018-05-01,0.4999999999999999,-0.8660254037844387,-9.722982333966636,7.299999999999999,17.022982333966635
2018-06-01,1.2246467991473532e-16,-1.0,-9.135180080681776,7.1,16.235180080681776
2018-07-01,-0.4999999999999997,-0.8660254037844388,-8.41697091333703,7.061538461538461,15.478509374875491
2018-08-01,-0.8660254037844385,-0.5000000000000004,-8.152114182635682,6.6000000000000005,14.752114182635681
2018-09-01,-1.0,-1.8369701987210292e-16,-7.5551337062821045,6.5,14.055133706282104
2018-10-01,-0.8660254037844386,0.5000000000000001,-6.379012912222776,7.0076923076923086,13.386705219915084
2018-11-01,-0.5000000000000004,0.8660254037844384,-5.661351281594174,7.084615384615384,12.745966666209558
2018-12-01,-2.4492935982947064e-16,1.0,-5.962828256784943,6.1692307692307695,12.132059026015712
2019-01-01,0.4999999999999999,0.8660254037844387,-6.5056669337975475,5.038461538461538,11.544128472259086
2019-02-01,0.8660254037844386,0.5000000000000001,-6.027482165661583,4.953846153846154,10.981328319507737
2019-03-01,1.0,6.123233995736766e-17,-6.0735900111693235,4.369230769230769,10.442820780400092
2019-04-01,0.8660254037844387,-0.4999999999999998,-5.781624693758259,4.146153846153846,9.927778539912104
2019-05-01,0.4999999999999999,-0.8660254037844387,-5.627693850497722,3.8076923076923075,9.43538615819003
2019-06-01,1.2246467991473532e-16,-1.0,-5.418687466240282,3.5461538461538464,8.964841312394128
2019-07-01,-0.4999999999999997,-0.8660254037844388,-4.7307405030765,3.784615384615385,8.515355887691886
2019-08-01,-0.8660254037844385,-0.5000000000000004,-4.878464619519847,3.207692307692308,8.086156927212155
2019-09-01,-1.0,-1.8369701987210292e-16,-4.414948988890586,3.261538461538462,7.676487450429049
2019-10-01,-0.8660254037844386,0.5000000000000001,-4.347145610627784,2.9384615384615382,7.285607149089322
2019-11-01,-0.5000000000000004,0.8660254037844384,-4.65894681558658,2.2538461538461543,6.912792969432735
2019-12-01,-2.4492935982947064e-16,1.0,-1.3009006689910088,1.9384615384615387,3.2393622074525474
2020-01-01,0.4999999999999999,0.8660254037844387,-0.955088267613748,2.3153846153846156,3.2704728829983636
2020-02-01,0.8660254037844386,0.5000000000000001,-0.5164060850926342,2.8230769230769233,3.3394830081695575
2020-03-01,1.0,6.123233995736766e-17,-0.6480909741461112,2.8307692307692305,3.4788602049153416
2020-04-01,0.8660254037844387,-0.4999999999999998,0.14551267197712603,3.869230769230769,3.723718097253643
2020-05-01,0.4999999999999999,-0.8660254037844387,2.383423709045492,6.492307692307692,4.1088839832622
2020-06-01,1.2246467991473532e-16,-1.0,3.563871182277569,8.23076923076923,4.666898048491661
2020-07-01,-0.4999999999999997,-0.8660254037844388,3.488706297028714,8.915384615384616,5.4266783183559015
2020-08-01,-0.8660254037844385,-0.5000000000000004,2.6565510950410234,9.069230769230769,6.412679674189746
2020-09-01,-1.0,-1.8369701987210292e-16,2.7324982980971386,10.376923076923076,7.644424778825937
2020-10-01,-0.8660254037844386,0.5000000000000001,3.0098383600538163,12.146153846153844,9.136315486100028
2020-11-01,-0.5000000000000004,0.8660254037844384,2.47926873248538,13.376923076923077,10.897654344437697
2020-12-01,-2.4492935982947064e-16,1.0,2.3517942592816574,15.284615384615384,12.932821125333726
2021-01-01,0.4999999999999999,0.8660254037844387,2.2353621516927795,17.476923076923075,15.241560925230296
2021-02-01,0.8660254037844386,0.5000000000000001,0.8806505614514002,18.700000000000003,17.819349438548603
2021-03-01,1.0,6.123233995736766e-17,1.4114225928703021,22.069230769230767,20.657808176360465
2021-04-01,0.8660254037844387,-0.4999999999999998,1.1548518341476495,24.9,23.74514816585235
2021-05-01,0.4999999999999999,-0.8660254037844387,-0.6127791723107592,26.453846153846158,27.066625326156917
2021-06-01,1.2246467991473532e-16,-1.0,-1.6126868120944344,28.99230769230769,30.604994504402125
2021-07-01,-0.4999999999999997,-0.8660254037844388,-2.8717214731911263,31.469230769230766,34.34095224242189
2021-08-01,-0.8660254037844385,-0.5000000000000004,-2.899714706570819,35.353846153846156,38.253560860416975
2021-09-01,-1.0,-1.8369701987210292e-16,-1.5514177224832153,40.76923076923077,42.32064849171398
2021-10-01,-0.8660254037844386,0.5000000000000001,-0.61148905701058,45.9076923076923,46.51918136470288
2021-11-01,-0.5000000000000004,0.8660254037844384,0.6205478756914857,51.44615384615384,50.825605970462355
2021-12-01,-2.4492935982947064e-16,1.0,0.006917091224480032,55.223076923076924,55.216159831852444
2022-01-01,0.4999999999999999,0.8660254037844387,0.6636187839653758,60.33076923076923,59.66715044680385
2022-02-01,0.8660254037844386,0.5000000000000001,-0.7244334216341315,63.43076923076923,64.15520265240336
2022-03-01,1.0,6.123233995736766e-17,0.46560174483063577,69.12307692307692,68.65747517824629
2022-04-01,0.8660254037844387,-0.4999999999999998,-0.6287706303638885,72.52307692307691,73.1518475534408
2022-05-01,0.4999999999999999,-0.8660254037844387,-1.7786172850208573,75.83846153846153,77.61707882348239
2022-06-01,1.2246467991473532e-16,-1.0,-0.19447820091737356,81.83846153846154,82.03293973937892
2022-07-01,-0.4999999999999997,-0.8660254037844388,1.3735259364366215,87.75384615384615,86.38032021740953
2022-08-01,-0.8660254037844385,-0.5000000000000004,1.420224514729739,92.06153846153846,90.64131394680872
2022-09-01,-1.0,-1.8369701987210292e-16,2.062256406041996,96.86153846153846,94.79928205549646
2022-10-01,-0.8660254037844386,0.5000000000000001,-0.5158208169055882,98.32307692307693,98.83889773998251
2022-11-01,-0.5000000000000004,0.8660254037844384,-0.3154045017796676,102.43076923076924,102.74617373254891
2022-12-01,-2.4492935982947064e-16,1.0,0.8453717305670381,107.35384615384616,106.50847442327913
2023-01-01,0.4999999999999999,0.8660254037844387,4.139331771933087,114.25384615384617,110.11451438191308
2023-02-01,0.8660254037844386,0.5000000000000001,2.499501214444905,116.05384615384615,113.55434493940125
2023-03-01,1.0,6.123233995736766e-17,3.8191311432818793,120.63846153846156,116.81933039517968
2023-04-01,0.8660254037844387,-0.4999999999999998,1.0363462217728454,120.93846153846154,119.9021153166887
2023-05-01,0.4999999999999999,-0.8660254037844387,-0.965815064286943,121.83076923076925,122.79658429505619
2023-06-01,1.2246467991473532e-16,-1.0,-1.1285846479954103,124.36923076923078,125.49781541722619
2023-07-01,-0.4999999999999997,-0.8660254037844388,-2.617413227174552,125.38461538461539,128.00202861178994
2023-08-01,-0.8660254037844385,-0.5000000000000004,-6.568068386228646,123.73846153846154,130.30652992469018
2023-09-01,-1.0,-1.8369701987210292e-16,-9.255806528996686,123.15384615384616,132.40965268284285
2023-10-01,-0.8660254037844386,0.5000000000000001,-10.103004101644927,124.2076923076923,134.31069640933723
2023-11-01,-0.5000000000000004,0.8660254037844384,-6.071402725354801,129.93846153846155,136.00986426381635
2023-12-01,-2.4492935982947064e-16,1.0,-5.515892004002012,131.9923076923077,137.5081996963097
2024-01-01,0.4999999999999999,0.8660254037844387,-4.022907537843139,134.78461538461536,138.8075229224585
2024-02-01,0.8660254037844386,0.5000000000000001,-0.8180600605829227,139.09230769230768,139.9103677528906
2024-03-01,1.0,6.123233995736766e-17,0.2954653758635857,141.1153846153846,140.81991923952103
2024-04-01,0.8660254037844387,-0.4999999999999998,2.0062013093997564,143.54615384615386,141.5399525367541
2024-05-01,0.4999999999999999,-0.8660254037844387,5.640611299524295,147.7153846153846,142.0747733158603
2024-06-01,1.2246467991473532e-16,-1.0,8.940070753169778,151.36923076923077,142.429160016061
2024-07-01,-0.4999999999999997,-0.8660254037844388,10.568614911015601,153.1769230769231,142.6083081659075
2024-08-01,-0.8660254037844385,-0.5000000000000004,12.843761498347533,155.46153846153845,142.61777696319092
2024-09-01,-1.0,-1.8369701987210292e-16,13.859638662438016,156.32307692307694,142.46343826063892
2024-10-01,-0.8660254037844386,0.5000000000000001,17.07164885525239,159.22307692307692,142.15142806782453
2024-11-01,-0.5000000000000004,0.8660254037844384,13.03497627630378,154.72307692307692,141.68810064677314
2024-12-01,-2.4492935982947064e-16,1.0,9.22001475052383,150.29999999999998,141.07998524947615
2025-01-01,0.4999999999999999,0.8660254037844387,7.004716018816055,147.33846153846156,140.3337455196455
2025-02-01,0.8660254037844386,0.5000000000000001,3.0130892108944067,142.46923076923076,139.45614155833636
2025-03-01,1.0,6.123233995736766e-17,-2.615533094823604,135.83846153846156,138.45399463328516
2025-04-01,0.8660254037844387,-0.4999999999999998,-3.5341544947236514,133.79999999999998,137.33415449472363
2025-05-01,0.4999999999999999,-0.8660254037844387,-4.970135912484807,131.13333333333333,136.10346924581813
2025-06-01,1.2246467991473532e-16,-1.0,-5.7233031580746,129.04545454545453,134.76875770352913
2025-07-01,-0.4999999999999997,-0.8660254037844388,-6.846784175386574,126.48999999999998,133.33678417538655
2025-08-01,-0.8660254037844385,-0.5000000000000004,-6.4920133470216825,125.32222222222221,131.8142355692439
2025-09-01,-1.0,-1.8369701987210292e-16,-8.682700746316627,121.52499999999999,130.20770074631662
2025-10-01,-0.8660254037844386,0.5000000000000001,-8.809366308285789,119.71428571428571,128.5236520225715
